fecha,accion,mcap,retorno,presion3,mom,vol,btm
12/2002,AESGENER,19.37982645295812,-.11538461538,0,,,
01/2003,AESGENER,19.3578475462666,-.021739130435,0,-.021739130435,,
02/2003,AESGENER,19.31238517216616,-.044444444443,0,-.066183574878,.0160550815040267,
03/2003,AESGENER,19.24006451059063,-.069767441861,0,-.135951016739,.0240260420546358,
04/2003,AESGENER,19.4013326581905,.175,0,.039048983261,.1118915972482823,
05/2003,AESGENER,19.74083979849777,.4441563455299999,0,.4832053287909999,.2170931687651099,
06/2003,AESGENER,19.77069276166317,.030303030304,0,.5135083590949999,.196053592071747,
07/2003,AESGENER,19.72557232638589,.0089222165934,0,.5441697061233999,.1813020517254396,1.0834936
08/2003,AESGENER,19.93321169115058,.23076923077,0,.8193833813363999,.1766974118821335,1.0834936
09/2003,AESGENER,20.04988299794976,.12375,0,1.0129008231974,.1655795268605366,1.0834936
10/2003,AESGENER,20.22298532475672,.18898776418,0,1.0268885873774,.1587715753237048,1.0834936
11/2003,AESGENER,20.25166542226911,.029095331649,0,.6118275734963999,.1524256289403312,1.0834936
12/2003,AESGENER,20.22867590404851,-.022727272726,5.2884380e-10,.5587972704664,.1495572644792537,1.0834936
01/2004,AESGENER,20.07947419812844,-.13860465116,,.4112704027130001,.1608295498843759,1.0834936
02/2004,AESGENER,20.20400189592918,.23557824465,,.416079416593,.161505467314004,1.0834936
03/2004,AESGENER,19.99383631297738,-.18954996186,0,.102779454733,.1761855137996946,1.0834936
04/2004,AESGENER,19.95790430373235,-.035294117647,0,-.121502427094,.1777366697092822,1.0834936
05/2004,AESGENER,20.07646896208235,.0011248549071,0,-.1494729038359,.1350811166848643,1.0834936
06/2004,AESGENER,20.14708652923902,.073170731706,0,-.0535748994039,.1354102143411753,1.0834936
07/2004,AESGENER,20.13278013359681,-.014204545454,0,.0708252063021,.1360882533802527,.2821438
08/2004,AESGENER,20.1356578334154,.0028818443807,0,-.1618711939672,.1222727465090683,.2821438
09/2004,AESGENER,20.20234920791407,.091944023286,0,.1196227911788,.1201740275856009,.2821438
10/2004,AESGENER,20.16967049002946,-.032150537634,0,.1227663711918,.1079978162576588,.2821438
11/2004,AESGENER,20.19479385627641,.025441617598,0,.1470831338827,.1079137729333198,.2821438
12/2004,AESGENER,20.28487023160207,.1287019307,0,.2026143328767,.1137366485692046,.2821438
01/2005,AESGENER,20.16955938509108,-.10891089108,0,.1079079872507,.110427081479816,.2821438
02/2005,AESGENER,20.21729078791559,.048888888889,0,.153915031759,.0872225013539214,.2821438
03/2005,AESGENER,20.20245672901486,-.014724576273,-4.6971610e-10,.0472464322,.0644260446388737,.2821438
04/2005,AESGENER,20.08254800810145,-.10142051522,0,-.022023545386,.0714607322153098,.2821438
05/2005,AESGENER,20.19695835927919,.12121212121,0,.073746958226,.0784196427426767,.2821438
06/2005,AESGENER,20.19587669341184,-.0010810810808,0,-.0560360535548,.0766139386829554,.2821438
07/2005,AESGENER,20.2288759622475,.033549783549,0,.0864246210742,.076356702537371,.2421297
08/2005,AESGENER,20.14708652923902,-.078534031413,0,-.0409982992278,.0811158971585491,.2421297
09/2005,AESGENER,20.1527522667747,.005681818182,0,-.0205919047728,.0768466989400439,.2421297
10/2005,AESGENER,20.22362660636136,.073446327684,0,.1542749381312,.0785793992841016,.2421297
11/2005,AESGENER,20.14708652923902,-.073684210526,0,-.0406213936048,.0820588053403948,.2421297
12/2005,AESGENER,20.19153829180986,.069845828266,0,.030305515742,.0753299685853019,.2421297
01/2006,AESGENER,20.1356578334154,-.054347826087,0,-.057592093894,.0697388931125996,.2421297
02/2006,AESGENER,20.14708652923902,.011494252873,0,.032436190392,.0682933557309316,.2421297
03/2006,AESGENER,20.18060922127767,.034090909092,0,.060845281302,.0688346272699681,.2421297
04/2006,AESGENER,20.60795767492104,.5775199509,.017708927,.564918904518,.1738325083077459,.2421297
05/2006,AESGENER,20.56017402812579,-.046659977064,.0046453802,.5919431379799999,.1752021175615442,.2421297
06/2006,AESGENER,20.54494703796197,-.01511164574,.00043840168,.5069856639739999,.1755908509336321,.2421297
07/2006,AESGENER,20.56009884298257,.015267175571,.00012143961,.5766006656319999,.175776314753074,.38092375
08/2006,AESGENER,20.57502449319924,.015037593987,.0031046662,.5801440067459999,.1719157456308228,.38092375
09/2006,AESGENER,20.69363023560709,.12592592592,.00045056731,.671979023574,.1725342921532787,.38092375
10/2006,AESGENER,20.72593182374343,.032828947367,.0017888417,.127288020041,.1726677571653369,.38092375
11/2006,AESGENER,20.90619167762408,.197528505,.00089854398,.3714765021050001,.1716563508632186,.38092375
12/2006,AESGENER,20.94033610757006,.058780380356,.0019643113,.445368528201,.1717472240681029,.38092375
01/2007,AESGENER,21.00728779449224,.069243818434,-.00020621131,.4993451710640001,.1666294585175894,.38092375
02/2007,AESGENER,21.06128416304081,.055480769232,-.000028293503,.5397883463090001,.1652315325444857,.38092375
03/2007,AESGENER,21.09469973221463,.033980140293,.0011425073,.447842560682,.1652351457330782,.38092375
04/2007,AESGENER,21.14244046827862,.064511513952,.00028081803,.4795251272670001,.0638011667886822,.38092375
05/2007,AESGENER,21.1420203884586,-.00041999160021,-.00010296364,.28157663066679,.0585777008817169,.38092375
06/2007,AESGENER,21.36021051528434,.24382352941,.0043194392,.4666197797207901,.0757963854218505,.38092375
07/2007,AESGENER,21.31211767240845,-.046954700538,-.00066713744,.35042126074879,.0821875037440218,-.32057443
08/2007,AESGENER,21.29376722092555,-.018183107078,-.0013765567,.2767573844387901,.0847564127320625,-.32057443
09/2007,AESGENER,21.17857108910374,-.10880866425,-.0010177181,.13396857989579,.0964627538483964,-.32057443
10/2007,AESGENER,21.1851925603164,.0066434416276,.00026189175,.07610050757139,.0971428736820086,-.32057443
11/2007,AESGENER,21.07242709660488,-.10663983903,-.0032418589,-.0301193398584,.0937191573713723,-.32057443
12/2007,AESGENER,21.01652385657063,-.05436936937,.00029815649,-.3283122386384,.0952471090876011,-.32057443
01/2008,AESGENER,20.94079865412859,-.072929071595,.0017023563,-.3542866096954,.0962519936167567,-.32057443
02/2008,AESGENER,21.00246850799593,.063611139658,.00045079357,-.2724923629594,.0967080421450134,-.32057443
03/2008,AESGENER,20.9167737869213,-.082125603865,.0016200477,-.2458093025744,.0988230825277615,-.32057443
04/2008,AESGENER,21.03385482186738,.12421052631,.0030510621,-.128242217892,.1042324049092601,-.32057443
05/2008,AESGENER,21.12237730737893,.011005201268,-.0015443035,-.010597177594,.1043236593449479,-.32057443
06/2008,AESGENER,21.00573596425292,-.11009569378,.0019504789,-.066323502004,.0735767206897515,-.32057443
07/2008,AESGENER,21.01200692142196,.0062906607873,.0014815327,.0128962303783,.0742535778167099,-.33582512
08/2008,AESGENER,20.96742886125263,-.043599059628,.00012453891,-.0943139689077,.074296596513189,-.33582512
09/2008,AESGENER,20.95624928355066,-.011117318436,-.0024304041,-.0233056834787,.0701822931066841,-.33582512
10/2008,AESGENER,20.96047738134031,.0042370487536,.0038525155,-.1432791610351,.070095064601891,-.33582512
11/2008,AESGENER,21.02179007047234,.063231323133,.091767438,-.0910530391701,.0687255641913669,-.33582512
12/2008,AESGENER,21.01935070868936,.01582010582,.0028330539,.0348627604299,.0674389048015017,-.33582512
12/2002,AGUASA,20.56137748181835,-.054693486589,.060920168,,,
01/2003,AGUASA,20.53217832712609,-.028776978418,.00088920147,-.028776978418,,
02/2003,AGUASA,20.52474334863857,-.0074074074082,.00052202865,-.0361843858262,.015110568572077,
03/2003,AGUASA,20.50970547127403,-.014925373133,.000081329272,-.0511097589592,.0108400902729451,
04/2003,AGUASA,20.69580775090789,.20454545455,.00042639792,.1534356955908,.1111439993000796,
05/2003,AGUASA,20.62411582245178,-.032300881196,.001106039,.1211348143948,.101307961417097,
06/2003,AGUASA,20.56137748181835,-.06081081081,.00032588583,.0603240035848,.0970354553562058,
07/2003,AGUASA,20.53217832712609,-.028776978417,-.000086316722,.0603240035858,.08978848895544,-.57137024
08/2003,AGUASA,20.66385615110129,.14074074074,.0067009926,.208472151734,.096074065070863,-.57137024
09/2003,AGUASA,20.76181927915856,.10292211755,-.00041325108,.326319642417,.0938744637382792,-.57137024
10/2003,AGUASA,20.87340113433355,.118045258,.0011754908,.239819445867,.0927269891963821,-.57137024
11/2003,AGUASA,20.89990310725141,.026856273131,.0017659457,.298976600194,.0880488489281024,-.57137024
12/2003,AGUASA,20.82268972655942,.067185546961,.0025357981,.426972957965,.0843674724172141,-.57137024
01/2004,AGUASA,20.73297022736069,-.085812420364,,.369937516018,.0900471312020674,-.57137024
02/2004,AGUASA,20.78019514310987,.048357774815,,.277554550093,.0890448647281864,-.57137024
03/2004,AGUASA,20.6341999415184,-.13583815028,-.00010544937,.038794282263,.1018127745431291,-.57137024
04/2004,AGUASA,20.70207736392149,.070234113713,-.00036605095,-.009016862024,.0872759997839007,-.57137024
05/2004,AGUASA,20.61726810594334,-.040477947805,.00067297736,-.07635108296,.0877456006851703,-.57137024
06/2004,AGUASA,20.73284902258824,.12252534186,.001708626,-.0210112880610001,.0886274821321141,-.57137024
07/2004,AGUASA,20.70207736392149,-.030303030302,-.00016302741,.034498102001,.0887265229712616,-1.1502545
08/2004,AGUASA,20.79168952261118,.09375,.0017150315,.079890327186,.0845097655085126,-1.1502545
09/2004,AGUASA,20.78308114801806,-.0085714285724,.00048126388,.2071570488936,.0818244485315483,-1.1502545
10/2004,AGUASA,20.64922955098779,-.057636887607,.000011439843,.0792860475736,.0784303378999705,-1.1502545
11/2004,AGUASA,20.71449988392004,-.0091743119265,.000095122457,.1105896834521,.0782427430557809,-1.1502545
12/2004,AGUASA,20.76270198573792,.049382716048,.00079320767,.0374470576401,.0770720613867806,-1.1502545
01/2005,AGUASA,20.72065374949442,-.041176470588,.001124025,.0265736173541,.0734751396752238,-1.1502545
02/2005,AGUASA,20.76152482249946,.041717791411,.0016694821,-.0254585912349,.0731439235906469,-1.1502545
03/2005,AGUASA,20.76270198573792,.0011778563002,.00021917366,-.0157093063623,.0584592331881491,-1.1502545
04/2005,AGUASA,20.62052230344616,.047058823529,.00029633622,.0889864047737,.056864049884876,-1.1502545
05/2005,AGUASA,20.87392762084815,.13240023553,.00094051572,.2305609522302,.0633325052772914,-1.1502545
06/2005,AGUASA,20.85801216552477,-.015789473684,.00031085828,.1653887624982,.056911440036726,-1.1502545
07/2005,AGUASA,20.94256955360243,.088235294117,.000014693825,.2948005272032,.0582447640943402,-1.0090952
08/2005,AGUASA,20.87917697676852,-.061425061425,-.00058298779,.1916576743672,.0592420976363096,-1.0090952
09/2005,AGUASA,20.92572079026428,.066791519144,-.00068667525,.257271337211,.0606275403502734,-1.0090952
10/2005,AGUASA,20.85801216552477,-.065467266367,-.000031980082,.144745247315,.0615753650715784,-1.0090952
11/2005,AGUASA,20.80491595217104,-.051711229946,-.00060164765,-.039366218161,.0645283021966776,-1.0090952
12/2005,AGUASA,20.84725937376599,.04325269272,.00017082611,.019675948243,.0642631443995811,-1.0090952
01/2006,AGUASA,20.84183930626112,-.0054054054062,.000081713166,-.0739647512802,.0621954601941434,-1.0090952
02/2006,AGUASA,20.84183930626112,0,.000049910399,-.0125396898552,.0619391828784507,-1.0090952
03/2006,AGUASA,20.87387498784248,.032554347827,.000063423468,-.0467768611722,.0619682922416865,-1.0090952
04/2006,AGUASA,20.9151705793987,.042160113691,.0029533035,.0608505188858,.0617719874521167,-1.0090952
05/2006,AGUASA,20.81986039957787,-.046613116696,.0014964909,.0659486321358,.0522929735533733,-1.0090952
06/2006,AGUASA,20.83911821621791,.019444444444,.00052828086,.0421403838598,.0521791773216593,-1.0090952
07/2006,AGUASA,20.84183930626112,.0027247956405,.000071252573,.0502705849065,.0451693210163519,-1.0862185
08/2006,AGUASA,20.90501820795153,.065217391304,.0013293391,.1154879762105,.0448094975565913,-1.0862185
09/2006,AGUASA,20.91567550239547,.010714285716,.00091518741,.0936479140995,.0409440991914639,-1.0862185
10/2006,AGUASA,20.89476170771729,.0025528856386,.00011770421,.0540406860471,.0346990197094339,-1.0862185
11/2006,AGUASA,21.04300395089208,.15979381443,.0013914171,.2604476171731,.0507456909067597,-1.0862185
12/2006,AGUASA,21.10754247202965,.066666666666,.0011513162,.3076698393951,.05185700229528,-1.0862185
01/2007,AGUASA,21.04300395089208,-.062499999999,.00044550342,.2424450437556,.0576152835645027,-1.0862185
02/2007,AGUASA,21.04743854798887,.0044444444447,-.00050662161,.1816720968963,.0574582935754839,-1.0862185
03/2007,AGUASA,21.07794200226739,.030973451327,-.00020517701,.2019312625073,.0574406159082498,-1.0862185
04/2007,AGUASA,21.08648906283182,.0085836909857,.000049027898,.2079620678544,.0573268193322223,-1.0862185
05/2007,AGUASA,21.05624917765644,.0084426619542,.00068952329,.0566109153786,.0534209524386783,-1.0862185
06/2007,AGUASA,21.07579377371507,.019736842105,.00011439843,.0096810908176,.0534175472959796,-1.0862185
07/2007,AGUASA,21.06498285761086,-.010752688172,.00041864841,.0614284026446,.0540989711983507,-1.323314
08/2007,AGUASA,21.0473942991873,-.017434782608,-.00010056471,.0395491755919,.0538187480430734,-1.323314
09/2007,AGUASA,21.05185356615467,.0044692243009,-.00017976896,.0130449485658,.0539302738142156,-1.323314
10/2007,AGUASA,21.07364092033988,.043816535223,.001363139,.0482777928031,.0541766882656502,-1.323314
11/2007,AGUASA,21.01309442049402,-.058749999999,.00011383968,-.0189148691501,.0376067022874073,-1.323314
12/2007,AGUASA,20.89130212204661,-.11466776571,.00012482895,-.1533194769651,.045387463729759,-1.323314
01/2008,AGUASA,20.9252209152357,.034500594838,-.000032685264,-.1080661939551,.0441920979629647,-1.323314
02/2008,AGUASA,20.9151705793987,-.010000000001,.00036166247,-.1006314113481,.0441412409349953,-1.323314
03/2008,AGUASA,20.93517124607268,.020202020201,-.00022152439,-.084898615448,.0434452442952043,-1.323314
04/2008,AGUASA,21.04304839438405,.11391089108,.00011768036,-.014804259591,.0555969798022893,-1.323314
05/2008,AGUASA,20.97401107940513,-.017952148805,-.00084981689,.025993591603,.0558744244033967,-1.323314
06/2008,AGUASA,20.90501820795153,-.066666666666,.00004059085,.073994690647,.0586795403791519,-1.323314
07/2008,AGUASA,20.9151705793987,.010204081633,-.00026435923,.049698177442,.0588566381470011,-1.0054744
08/2008,AGUASA,20.9252209152357,.010101010101,.00013958308,.069799187544,.0588587557643156,-1.0054744
09/2008,AGUASA,20.87392762084815,-.050000000001,-.00012488256,-.000402832658,.0603480570450577,-1.0054744
10/2008,AGUASA,20.80305328124302,-.040636199389,-.000065370528,-.154949923127,.0587731909330473,-1.0054744
11/2008,AGUASA,20.85801216552477,.056497175141,-.0010378032,-.080500599181,.060220296376395,-1.0054744
12/2008,AGUASA,20.78019514310987,-.074866310161,-.00072891539,-.088700242676,.0544202137754492,-1.0054744
12/2002,AGUNSA,17.09295703489887,.036421524001,,,,
01/2003,AGUNSA,,,,0,,
02/2003,AGUNSA,,,,0,,
03/2003,AGUNSA,17.09392433100703,.00096776408463,,.00096776408463,,
04/2003,AGUNSA,17.09392433100703,0,,.00096776408463,.0006843125468307,
05/2003,AGUNSA,17.26988774305794,.26231553047,,.26328329455463,.1511693471396141,
06/2003,AGUNSA,17.26988774305794,0,,.26328329455463,.1309972656142053,
07/2003,AGUNSA,17.54053362836921,.31081081081,,.57409410536463,.157715666506666,.33933184
08/2003,AGUNSA,17.78610421545881,.27835051546,,.85244462082463,.1560656518290665,.33933184
09/2003,AGUNSA,17.78610421545881,0,,.8514768567400001,.152251935173505,.33933184
10/2003,AGUNSA,17.83335710030936,.048387096775,,.899863953515,.143326217256511,.33933184
11/2003,AGUNSA,17.89322125204776,.094168930736,,.7317173537809999,.1342101529246843,.33933184
12/2003,AGUNSA,17.87109742830087,-.021880886829,,.7098364669519999,.1332851615070004,.33933184
01/2004,AGUNSA,,,,.399025656142,.1332851615070004,.33933184
02/2004,AGUNSA,,,,.120675140682,.1332851615070004,.33933184
03/2004,AGUNSA,17.78610421545881,-.081481481481,,.039193659201,.1421616896297041,.33933184
04/2004,AGUNSA,17.75331439263582,-.032258064516,,-.04145150209,.1447497072851319,.33933184
05/2004,AGUNSA,,,0,-.135620432826,.1387303021388743,.33933184
06/2004,AGUNSA,,,0,-.113739545997,.1459127007034728,.33933184
07/2004,AGUNSA,17.77000761557921,.076593799095,.000043777505,-.037145746902,.1110621912887835,-.59817171
08/2004,AGUNSA,,,0,-.037145746902,.0635577944077127,-.59817171
09/2004,AGUNSA,17.7780070052357,.0080314702518,0,.0523672048308,.0633787209037695,-.59817171
10/2004,AGUNSA,18.44646157319577,.9512195122,0,1.0358447815468,.3620580839170225,-.59817171
11/2004,AGUNSA,18.21284672201426,-.20833333333,0,.8275114482168,.3859886534946977,-.59817171
12/2004,AGUNSA,18.26414001640181,.052631578947,0,.8801430271638,.3831213334109154,-.59817171
01/2005,AGUNSA,18.40390195877697,.15,0,.9535492280687999,.3549905296235558,-.59817171
02/2005,AGUNSA,18.48728356766924,.08695652174,0,1.0405057498088,.3321905993253219,-.59817171
03/2005,AGUNSA,18.48728356766924,0,0,1.032474279557,.3273492008826726,-.59817171
04/2005,AGUNSA,18.48728356766924,0,0,.081254767357,.3256392079537255,-.59817171
05/2005,AGUNSA,18.73414364564755,.31687242798,0,.606460528667,.3130077288859948,-.59817171
06/2005,AGUNSA,18.76491530434974,.03125,0,.58507894972,.2988642126358336,-.59817171
07/2005,AGUNSA,18.76491530434974,0,0,.4350789497199999,.3011981294479586,-.8817302
08/2005,AGUNSA,18.75272003119896,-.012121212121,0,.336001215859,.2899453499409111,-.8817302
09/2005,AGUNSA,,,0,.336001215859,.3020491244916211,-.8817302
10/2005,AGUNSA,18.73414364564755,-.018404907976,0,.317596307883,.1279228844668318,-.8817302
11/2005,AGUNSA,,,0,.000723879903,.1042617388591226,-.8817302
12/2005,AGUNSA,,,0,-.030526120097,.1105451989025206,-.8817302
01/2006,AGUNSA,,,0,-.030526120097,.1127411226872366,-.8817302
02/2006,AGUNSA,18.56424460880883,-.15625,0,-.174654907976,.132573616288888,-.8817302
03/2006,AGUNSA,18.35945019620614,-.18518518518,0,-.359840093156,.1514251070596243,-.8817302
04/2006,AGUNSA,18.40390195877697,.045454545454,0,-.295980639726,.1524025163406216,-.8817302
05/2006,AGUNSA,18.56424460880883,.21293800539,0,-.083042634336,.1234801921110742,-.8817302
06/2006,AGUNSA,18.56424460880883,0,0,-.083042634336,.122468513052485,-.8817302
07/2006,AGUNSA,,,0,-.083042634336,.1321359387531242,
08/2006,AGUNSA,18.56424460880883,0,0,.073207365664,.1322780132079741,
09/2006,AGUNSA,,,0,.258392550844,.1322780132079741,
10/2006,AGUNSA,18.56424460880883,0,0,.21293800539,.1323701697213883,
11/2006,AGUNSA,18.56424460880883,0,0,0,.1226227171113374,
12/2006,AGUNSA,18.64940241713677,.088888888888,0,.088888888888,.1193805690257627,
01/2007,AGUNSA,18.64940241713677,0,0,.088888888888,.1125532673155085,
02/2007,AGUNSA,18.69592243279697,.04761904762,0,.136507936508,.0985861271058188,
03/2007,AGUNSA,18.68285035124461,-.012987012987,0,.123520923521,.0692502630737485,
04/2007,AGUNSA,,,0,.123520923521,.0734011025257833,
05/2007,AGUNSA,18.70239494729524,.041437312497,0,.164958236018,.0335988332935105,
06/2007,AGUNSA,18.76491530434974,.064516129032,0,.140585476162,.0359963710879036,
07/2007,AGUNSA,18.85192668130393,.09090909091,0,.231494567072,.0397446844347302,-.9786613
08/2007,AGUNSA,18.78886854534371,-.061111111112,0,.12276440834,.0488690635765945,-.9786613
09/2007,AGUNSA,18.78886854534371,0,0,.135751421327,.0470157195173514,-.9786613
10/2007,AGUNSA,18.8717293086154,.10650887574,0,.242260297067,.0523419144736439,-.9786613
11/2007,AGUNSA,,,0,.20082298457,.0539345629566166,-.9786613
12/2007,AGUNSA,,,0,.136306855538,.0537819337082154,-.9786613
01/2008,AGUNSA,18.89007844728707,.018518518516,0,.063916283144,.0528030871632207,-.9786613
02/2008,AGUNSA,,,0,.125027394256,.0561363823331846,-.9786613
03/2008,AGUNSA,,,0,.125027394256,.0575186987618614,-.9786613
04/2008,AGUNSA,,,0,.018518518516,.0575186987618614,-.9786613
05/2008,AGUNSA,18.87932565552365,.018722466961,0,.037240985477,.0578829537046388,-.9786613
06/2008,AGUNSA,,,0,.037240985477,.0616714338514408,-.9786613
07/2008,AGUNSA,18.87932565552365,0,0,.018722466961,.0540998724090714,
08/2008,AGUNSA,18.87932565552365,0,0,.018722466961,.0414574556428173,
09/2008,AGUNSA,18.85192668130393,-.027027027028,0,-.008304560067,.0458200038447228,
10/2008,AGUNSA,,,0,-.008304560067,.0187287312548517,
11/2008,AGUNSA,18.81168322307659,-.027777777777,0,-.054804804805,.0207080506105043,
12/2008,AGUNSA,,,0,-.054804804805,.0207080506105043,
12/2002,ALMENDRAL,16.97277526725103,.11755324901,0,,,
01/2003,ALMENDRAL,16.90839541600682,-.062351235206,0,-.062351235206,,
02/2003,ALMENDRAL,16.87326782271259,-.034517780651,0,-.096869015857,.0196812244596881,
03/2003,ALMENDRAL,17.01881919487446,.15667715407,0,.059808138213,.1192362078427184,
04/2003,ALMENDRAL,16.9841336369076,-.03409090909,0,.025717229123,.1010342028463636,
05/2003,ALMENDRAL,16.81759277677451,-.10614034994,0,-.080423120817,.1009471057235399,
06/2003,ALMENDRAL,16.76099008557236,-.055030560518,0,-.135453681335,.0916790716735489,
07/2003,ALMENDRAL,16.66797138119048,-.088823542875,0,-.161925989004,.0873566247435782,-.055814859
08/2003,ALMENDRAL,16.80134142422082,.14267275819,0,.015264549837,.1017671975415742,-.055814859
09/2003,ALMENDRAL,16.89304978791247,.096045128943,0,-.04536747529,.1015688467654861,-.055814859
10/2003,ALMENDRAL,16.86163357075042,-.030927855323,0,-.042204421523,.0963110498188011,-.055814859
11/2003,ALMENDRAL,16.70036546375593,-.14893613567,0,-.085000207253,.1015892730463302,-.055814859
12/2003,ALMENDRAL,16.64577727344203,-.053125000001,0,-.083094646736,.0974835672699015,-.055814859
01/2004,ALMENDRAL,16.65235624459887,.0066006600664,,.0123295562054,.096674126240951,-.055814859
02/2004,ALMENDRAL,16.65235624459887,0,,-.1303432019846,.0964716677163554,-.055814859
03/2004,ALMENDRAL,16.63582694261835,-.016393442623,0,-.2427817735506,.0810611717907636,-.055814859
04/2004,ALMENDRAL,16.63582694261835,0,0,-.2118539182276,.0812729529414046,-.055814859
05/2004,ALMENDRAL,16.53046642696053,-.1,0,-.1629177825576,.0807067120033713,-.055814859
06/2004,ALMENDRAL,16.60192539094268,.074074074073,0,-.0357187084836,.0842363949286295,-.055814859
07/2004,ALMENDRAL,16.63582694261835,.034482758621,0,-.007836609929,.0811998732891408,.1897095
08/2004,ALMENDRAL,16.88788183742698,.28666666667,0,.278830056741,.1097576651033279,.1897095
09/2004,ALMENDRAL,17.06327095744529,.19170984456,0,.486933343924,.1194350551196568,.1897095
10/2004,ALMENDRAL,17.06327095744529,0,0,.486933343924,.1185585007025125,.1897095
11/2004,ALMENDRAL,16.97229917923957,-.086956521739,0,.499976822185,.1115327459710674,.1897095
12/2004,ALMENDRAL,16.97229917923957,0,0,.425902748112,.1090426339981047,.1897095
01/2005,ALMENDRAL,17.61665619563008,.90476190476,0,1.296181894251,.2736473000396383,.1897095
02/2005,ALMENDRAL,17.74548906747305,.1375,0,1.147015227581,.2716142724096919,.1897095
03/2005,ALMENDRAL,19.43720198648891,.057268351269,0,1.01257373429,.2691013895789593,.1897095
04/2005,ALMENDRAL,19.45261292858818,.015530303031,.00503304,1.028104037321,.2684824233013094,.1897095
05/2005,ALMENDRAL,19.52073509907599,.071117943469,.0023977731,1.186178502529,.2597761676989937,.1897095
06/2005,ALMENDRAL,19.78877150827761,.010801393728,.00086501334,1.196979896257,.261880884409554,.1897095
07/2005,ALMENDRAL,19.97790652361724,.20820406756,.000086728272,.500422059057,.260603199987248,-.078433335
08/2005,ALMENDRAL,19.84702090438293,-.12268188302,-.00050347182,.240240176037,.2677407821069617,-.078433335
09/2005,ALMENDRAL,19.87902363548802,.032520325203,-.00054654403,.215492149971,.2675708247873049,-.078433335
10/2005,ALMENDRAL,19.83227862265631,-.045669291339,-.00048043416,.154292555601,.2694767605626438,-.078433335
11/2005,ALMENDRAL,19.81563930364245,-.016501650165,-.0004679616,.066672961967,.2658105807127322,-.078433335
12/2005,ALMENDRAL,19.77453762797822,-.040268456375,0,.015603111864,.2674972780878053,-.078433335
01/2006,ALMENDRAL,19.82066023470542,.047202797201,0,-.145398158495,.0867404853858385,-.078433335
02/2006,ALMENDRAL,19.84864560013009,.02838063439,-.0002233445,.005664358915,.0798445370523147,-.078433335
03/2006,ALMENDRAL,19.91763847161545,.071428571429,.0027950583,.044572605141,.0805390784776252,-.078433335
04/2006,ALMENDRAL,19.91460356790505,-.0030303030289,.0012292997,.0872115934511,.08084539253939,-.078433335
05/2006,ALMENDRAL,19.86154900495924,-.033492915895,.00085014553,.0702203277211,.080486290614593,-.078433335
06/2006,ALMENDRAL,19.85544064324685,-.0060897435897,.0036390994,.1043990405064,.080645403576807,-.078433335
07/2006,ALMENDRAL,19.8395131165644,-.015801354402,.00053325592,.0413948889034,.0511147500432153,-.095320605
08/2006,ALMENDRAL,19.82897283452964,-.010484927916,-.00083615404,.0025293265974,.0365498153012915,-.095320605
09/2006,ALMENDRAL,19.82897283452964,0,.00092108152,-.0688992448316,.0351535420300002,-.095320605
10/2006,ALMENDRAL,19.86154900495924,.033112582782,0,-.0327563590207,.0335836089985474,-.095320605
11/2006,ALMENDRAL,19.97647897162943,.12179487179,.00044314383,.1225314286643,.0468257350996184,-.095320605
12/2006,ALMENDRAL,19.97647897162943,0,.0022231049,.128621172254,.0437646916297175,-.095320605
01/2007,ALMENDRAL,20.17790263029701,.22314285714,.0004468367,.367565383796,.0733738584275051,-.095320605
02/2007,ALMENDRAL,20.15402724967497,-.023592618547,.0005889333,.354457693165,.0752507946468188,-.095320605
03/2007,ALMENDRAL,20.31498994493868,.17464114833,.00030281497,.529098841495,.085630459504354,-.095320605
04/2007,ALMENDRAL,20.41473390256603,.1048879837,-.000013627042,.600874242413,.0865514995812093,-.095320605
05/2007,ALMENDRAL,20.50154556682432,.11569753948,.00018464326,.594776910103,.0845769245435222,-.095320605
06/2007,ALMENDRAL,20.52658025209247,.025350684469,.00078912877,.6201275945720001,.0828197759269595,-.095320605
07/2007,ALMENDRAL,20.47638808365868,-.04895335421,0,.3480313832219999,.0861513017837514,-.16797173
08/2007,ALMENDRAL,20.56426563653624,.09185441941,.00055392977,.463478421179,.0836069914754491,-.16797173
09/2007,ALMENDRAL,20.4901576643753,-.071428571428,0,.217408701421,.091107142072124,-.16797173
10/2007,ALMENDRAL,20.4716977250191,-.018290598292,.00035992873,.094230119429,.0937690654703427,-.16797173
11/2007,ALMENDRAL,20.41933161180379,-.051018631377,0,-.072486051428,.0963043400563566,-.16797173
12/2007,ALMENDRAL,20.39500131889135,-.024036697248,.00044314383,-.121873433145,.0975340308154489,-.16797173
01/2008,ALMENDRAL,20.37237462871576,-.022372626434,.003490451,-.095292705369,.0801785447386707,-.16797173
02/2008,ALMENDRAL,20.34705682073366,-.025,.00036928651,-.212147124779,.080250797774765,-.16797173
03/2008,ALMENDRAL,20.35295654286145,.0059171597641,.0087187607,-.1348013935869,.064011977457497,-.16797173
04/2008,ALMENDRAL,20.36271271781257,.0098039215682,.0029868032,-.1067068737267,.0561841008601971,-.16797173
05/2008,ALMENDRAL,20.31152161544745,-.014692396722,.0011025531,-.0703806390717,.0424961985563589,-.16797173
06/2008,ALMENDRAL,20.31905499119226,.007561823013,.00070903014,-.0387821188107,.0413738793825008,-.16797173
07/2008,ALMENDRAL,20.32310357970869,.0040567951328,.0031167783,-.0123526972439,.0400397828880563,-.41891313
08/2008,ALMENDRAL,20.2712785118595,-.050505050504,.0028827447,-.0378577477479,.0261214705841326,-.41891313
09/2008,ALMENDRAL,20.21662009930557,-.053191489362,.0010717255,-.096966396874,.0232869735413996,-.41891313
10/2008,ALMENDRAL,20.2712785118595,.056179775282,.00496493,-.0505905431602,.0319107015583488,-.41891313
11/2008,ALMENDRAL,20.25194386015031,-.019148936171,.0093827248,-.0550470826092,.0297197000602865,-.41891313
12/2008,ALMENDRAL,20.27127851184379,.04032936385,.0017282609,-.0222795417722,.0327037111833046,-.41891313
12/2002,ANDINAA,20.26286058729557,.11726922981,.0002879565,,,
01/2003,ANDINAA,20.25073922676323,-.0063703088208,-.0014756512,-.0063703088208,,
02/2003,ANDINAA,20.21977700115926,-.0060975609767,.00063622149,-.0124678697975,.0001928618501171,
03/2003,ANDINAA,20.23908622767904,.018404907976,.00073340745,.0059370381785,.0142258962429609,
04/2003,ANDINAA,20.40314622698566,.15663703766,-.0017324571,.1625740758385,.0781965062202411,
05/2003,ANDINAA,20.4188340517712,.075566256965,-.0025070182,.2381403328035,.0694977676961467,
06/2003,ANDINAA,20.34382964982924,-.081632653061,-.00021527619,.1565076797425,.081539401792332,
07/2003,ANDINAA,20.40209855795597,.072322188071,-.00022018362,.2352001766343,.076458994844784,-.53621566
08/2003,ANDINAA,20.3603043188152,-.03125,.001267554,.210047737611,.0743093422246752,-.53621566
09/2003,ANDINAA,20.37284893222608,-.0021505376335,.00076823431,.1894922920015,.070083765896177,-.53621566
10/2003,ANDINAA,20.52615120662319,.16862880886,.00094355654,.2014840632015,.0807735800062441,-.53621566
11/2003,ANDINAA,20.4440268585319,-.083333333333,.00090362621,.0425844729035,.0847073778736876,-.53621566
12/2003,ANDINAA,20.49807556321161,.050505050505,.000992527,.1747221764695,.0810867158367393,-.53621566
01/2004,ANDINAA,20.54903550045678,.062327920436,,.1647279088345,.0808950093097276,-.53621566
02/2004,ANDINAA,20.62859079385006,.09090909091,,.2868869997444999,.0814422115814167,-.53621566
03/2004,ANDINAA,20.56251885079407,-.075,.001628179,.214037537378,.0880373968205612,-.53621566
04/2004,ANDINAA,20.65624498445479,.12160353124,.0012986335,.167012259758,.0840792761562343,-.53621566
05/2004,ANDINAA,20.61470460396464,-.00026659557352,.00071627152,.25007899751748,.0832469051802603,-.53621566
06/2004,ANDINAA,20.67033171413587,.083333333332,.0022384138,.28290728034448,.0775749917368512,-.53621566
07/2004,ANDINAA,20.67994467980668,.037537912171,.0009136055,.25811727207948,.0768277243177495,-.95938337
08/2004,ANDINAA,20.66228338095309,-.032738095238,.001332616,.13447008593148,.0769459075780844,-.95938337
09/2004,ANDINAA,20.65620433487139,-.03076923077,.00014336927,.17870085516148,.0786309269651978,-.95938337
10/2004,ANDINAA,20.6881676951008,.011806364952,.00059359212,.06890368887348,.06600988701309,-.95938337
11/2004,ANDINAA,20.66430154510401,-.011811023623,.0025254416,.057359260824,.0586878624564751,-.95938337
12/2004,ANDINAA,20.66228338095309,-.019920318725,.0028966444,-.045894391233,.0594889146222961,-.95938337
01/2005,ANDINAA,20.6373281075981,-.037564943519,.0011051297,-.120997246923,.0599765332393665,-.95938337
02/2005,ANDINAA,20.68426228766655,.051738761664,.00041320469,-.036520390021,.0562048038867913,-.95938337
03/2005,ANDINAA,20.68801019619198,-.0080645161297,.0014418634,-.0138156753807,.0502020776172933,-.95938337
04/2005,ANDINAA,20.66772310423989,-.028602081497,-.00019886895,-.0542241218297,.0381397321968309,-.95938337
05/2005,ANDINAA,20.63151172228102,.0066851482843,.00024064728,-.0357279499224,.0381678299809419,-.95938337
06/2005,ANDINAA,20.68820706595757,.070796460177,.0011427266,.0549888289796,.0358334663668204,-.95938337
07/2005,ANDINAA,20.79984703706318,.1115902603,.0002490482,.2041440327986,.0472887441029593,-1.1678908
08/2005,ANDINAA,20.74372371285366,-.029850746268,-.00039337631,.1225545248666,.0470754284974129,-1.1678908
09/2005,ANDINAA,20.79773212618261,.064615384616,.001765774,.1952344256123,.0481281910103169,-1.1678908
10/2005,ANDINAA,20.66430154510401,-.13696210661,-4.4299786e-06,.0868744004993,.0651938873199268,-1.1678908
11/2005,ANDINAA,20.67349304452543,.027647058825,.00005800536,.10783631104,.0653890923474182,-1.1678908
12/2005,ANDINAA,20.61893294007416,-.059612396763,.0014931409,-.0225725459,.0677801388777328,-1.1678908
01/2006,ANDINAA,20.60405487605361,-.013229177858,-.000069987873,-.147391984058,.0668231546823508,-1.1678908
02/2006,ANDINAA,20.65213100948376,.03982300885,.0013824414,-.07771822894,.0661462028922649,-1.1678908
03/2006,ANDINAA,20.68426228766655,.046808510639,.0010853119,-.095525102917,.0671453989999936,-1.1678908
04/2006,ANDINAA,20.67029163316926,-.023090561534,.00022328251,.018346442159,.0668883211598613,-1.1678908
05/2006,ANDINAA,20.6520901923211,.037071838877,.00038036524,.027771222211,.0673756910358759,-1.1678908
06/2006,ANDINAA,20.67831578848405,.034276433882,.0007498028,.121660052856,.0652347593260183,-1.1678908
07/2006,ANDINAA,20.66022064891439,-.020296388245,.00068030559,.114592842469,.0568086221942323,-1.1808268
08/2006,ANDINAA,20.66248538074593,-.0042372881362,-.0015861455,.0705325454828,.0561747666363959,-1.1808268
09/2006,ANDINAA,20.65025169365142,.00034042553307,-.000059411432,.02406446037687,.0523236147957206,-1.1808268
10/2006,ANDINAA,20.7416731948362,.11084751341,.00067559018,.15800253532087,.0441875051222004,-1.1808268
11/2006,ANDINAA,20.81522120438266,.064615384616,.00018222891,.18554608105987,.0464055612499876,-1.1808268
12/2006,ANDINAA,20.8249861319031,.010838150289,.00068673352,.16210779746687,.0396962766377081,-1.1808268
01/2007,ANDINAA,20.88905670035069,.061997178596,-.00087813276,.24440136430787,.0392810269642915,-1.1808268
02/2007,ANDINAA,20.89352336046214,.00060810810828,.00022621697,.24924676055235,.0400064282284586,-1.1808268
03/2007,ANDINAA,20.97095572931481,.080424066447,.00038515034,.32933040146628,.0426368286960459,-1.1808268
04/2007,ANDINAA,21.01734085584997,.082036400452,.00078934646,.30051928850828,.0416487766146223,-1.1808268
05/2007,ANDINAA,20.98096481803675,-.045813953489,.00055236364,.19008995040328,.0482107838978816,-1.1808268
06/2007,ANDINAA,21.01034762161153,.070630044394,-.00085157657,.24988184450828,.0495385243683316,-1.1808268
07/2007,ANDINAA,20.95184247857965,-.04971014459,-.0012495486,.13817452132228,.0530878096470222,-1.3536364
08/2007,ANDINAA,20.9083540059703,-.049687500001,-.00013140911,.087878913213,.0573492064403626,-1.3536364
09/2007,ANDINAA,20.86921542490582,-.040447221309,-.0011466213,-.032992374543,.0602775644759848,-1.3536364
10/2007,ANDINAA,20.90369937380187,.032814278997,-.00010559869,-.082214495998,.0540230942997809,-1.3536364
11/2007,ANDINAA,20.80721419896659,-.093454206105,-.00036960069,-.129854748614,.0605512864358942,-1.3536364
12/2007,ANDINAA,20.77849391255397,-.014705882353,-.0021398822,-.215190675361,.0607767191622282,-1.3536364
01/2008,ANDINAA,20.78623366744502,-.0070514282961,-.0011579238,-.1725319590671,.0578712507585013,-1.3536364
02/2008,ANDINAA,20.84558089235854,.094475096364,.0023430418,-.0283693627021,.064362839544071,-1.3536364
03/2008,ANDINAA,20.82254521966867,-.033215938125,-.00020575593,-.0211380795181,.0604938271704533,-1.3536364
04/2008,ANDINAA,20.8744579009258,.04193591745,.00043622399,-.0120164410651,.0562360320187536,-1.3536364
05/2008,ANDINAA,20.76509519683176,-.065373563219,0,.0160642018209,.0577007329792001,-1.3536364
06/2008,ANDINAA,20.70762363758399,-.039200614911,.000022998271,-.0084305307371,.052295511611303,-1.3536364
07/2008,ANDINAA,20.85282025764116,.15899309286,.00027259233,.157613990419,.0720097147187367,-1.2874639
08/2008,ANDINAA,20.83652524672892,-.038098542679,-.0019989056,.025040351376,.0713758696215396,-1.2874639
09/2008,ANDINAA,20.72954546246176,-.11261813721,-.00051389332,-.054361847709,.0778182224116106,-1.2874639
10/2008,ANDINAA,20.64709795673658,-.083679185493,.0028300027,-.179976950652,.079738831472178,-1.2874639
11/2008,ANDINAA,20.73812145727031,.088799643017,.0016601582,-.025803744416,.0809919554361136,-1.2874639
12/2008,ANDINAA,20.71155442995456,-.036885245901,.000012502062,-.023488375406,.0815887287215946,-1.2874639
12/2002,ANDINAB,20.26286058729557,.15921497109,0,,,
01/2003,ANDINAB,20.25073922676323,-.0057231545252,0,-.0057231545252,,
02/2003,ANDINAB,20.21977700115926,-.054878048781,0,-.0606012033062,.0347577590567839,
03/2003,ANDINAB,20.23908622767904,.02064516129,0,-.0399560420162,.0383302469068867,
04/2003,ANDINAB,20.40314622698566,.21433982855,0,.1743837865338,.1180532553155512,
05/2003,ANDINAB,20.4188340517712,.058931905622,0,.2333156921558,.1024669051234043,
06/2003,ANDINAB,20.34382964982924,-.062695283734,0,.1706204084218,.1019450051066614,
07/2003,ANDINAB,20.40209855795597,.059453590398,0,.235797153345,.0937981259747162,-.53621566
08/2003,ANDINAB,20.3603043188152,-.050738370871,0,.239936831255,.0917331229198298,-.53621566
09/2003,ANDINAB,20.37284893222608,.027891960111,0,.247183630076,.0858278844175813,-.53621566
10/2003,ANDINAB,20.52615120662319,.17295295155,0,.205796753076,.0937857368537078,-.53621566
11/2003,ANDINAB,20.4440268585319,-.074351851853,0,.072512995601,.0952055497145054,-.53621566
12/2003,ANDINAB,20.49807556321161,.060518155447,0,.195726434782,.0912648900711873,-.53621566
01/2004,ANDINAB,20.54903550045678,.051931374433,,.188204218817,.0906987681936952,-.53621566
02/2004,ANDINAB,20.62859079385006,.074774774776,,.313717364464,.0866054874591197,-.53621566
03/2004,ANDINAB,20.56251885079407,-.052808046941,-.000083660569,.233017357412,.0910526390444005,-.53621566
04/2004,ANDINAB,20.65624498445479,.084505941799,-.0012777147,.144570347661,.0747008759441612,-.53621566
05/2004,ANDINAB,20.61470460396464,-.014856418153,-.00033408983,.204065781361,.0750668067989657,-.53621566
06/2004,ANDINAB,20.67033171413587,.030172413793,-.0014634266,.173720039707,.0700424437085517,-.53621566
07/2004,ANDINAB,20.67994467980668,-.012342943419,0,.109445721855,.0704364765366503,-.97862029
08/2004,ANDINAB,20.66228338095309,-.000085099140961,0,.034585847938039,.0669282232513932,-.97862029
09/2004,ANDINAB,20.65620433487139,.021276595746,.000013284674,.108670490625039,.0669656413624723,-.97862029
10/2004,ANDINAB,20.6881676951008,.062826141258,.0020300206,.086990690084039,.0510112360207625,-.97862029
11/2004,ANDINAB,20.66430154510401,-.035357114734,.00043943073,.066489993503039,.0454411472191076,-.97862029
12/2004,ANDINAB,20.66228338095309,.016326530613,.0017797032,.052644110323039,.0438467992378141,-.97862029
01/2005,ANDINAB,20.6373281075981,-.0037729554006,.00010322587,.061214098341439,.0429675602389994,-.97862029
02/2005,ANDINAB,20.68426228766655,.044534412955,-.00058466906,.1058336104374,.0398683056139987,-.97862029
03/2005,ANDINAB,20.68801019619198,.01511627907,.00058794551,.0996732937614,.0343113897144976,-.97862029
04/2005,ANDINAB,20.66772310423989,-.0044178240278,.00066535699,.0324293284756,.0273978793367341,-.97862029
05/2005,ANDINAB,20.63151172228102,.036522073964,0,.1043085171736,.0271822935436643,-.97862029
06/2005,ANDINAB,20.68820706595757,.047244094489,0,.1352260810496,.0285068115498682,-.97862029
07/2005,ANDINAB,20.79984703706318,.13197039524,-.00032374359,.2709694316902,.0425853519967269,-1.1800122
08/2005,ANDINAB,20.74372371285366,-.076666666667,-.0003637186,.1497683520682,.0518542824155362,-1.1800122
09/2005,ANDINAB,20.79773212618261,.046931407942,0,.1815834809402,.0523794246020924,-1.1800122
10/2005,ANDINAB,20.66430154510401,-.106902818,-.0001776845,.079098486968,.0626797853817856,-1.1800122
11/2005,ANDINAB,20.67349304452543,-.0077519379847,-.0004579793,.0348244750193,.0613852584014953,-1.1800122
12/2005,ANDINAB,20.61893294007416,-.046875,1.0062155e-06,-.0592946194697,.0636132202411351,-1.1800122
01/2006,ANDINAB,20.60405487605361,-.008036203415,.000073657604,-.1993012181247,.0636866211809877,-1.1800122
02/2006,ANDINAB,20.65213100948376,.058091286308,-.00041399914,-.0645432651497,.0645472891827418,-1.1800122
03/2006,ANDINAB,20.68426228766655,.019607843138,.0011045615,-.0918668299537,.0646109780991265,-1.1800122
04/2006,ANDINAB,20.67029163316926,.0053519776011,.00012798798,.0203879656474,.0645089494586221,-1.1800122
05/2006,ANDINAB,20.6520901923211,.044719011503,.0011509816,.0728589151351,.0648774124284689,-1.1800122
06/2006,ANDINAB,20.67831578848405,.01953125,-3.8446638e-06,.1392651651351,.0638767983451672,-1.1800122
07/2006,ANDINAB,20.66022064891439,-.0068097513176,.00084278506,.1404916172325,.0502336478260882,-1.2399157
08/2006,ANDINAB,20.66248538074593,.0082176912947,-.00038438747,.0906180222192,.0449028467770629,-1.2399157
09/2006,ANDINAB,20.65025169365142,-.023452518263,.010693641,.0475576608182,.0430849424279483,-1.2399157
10/2006,ANDINAB,20.7416731948362,.091126559746,.0022705034,.1333322429631,.0375254123513587,-1.2399157
11/2006,ANDINAB,20.81522120438266,.087350489308,.00018656155,.1759637207681,.0425008066944647,-1.2399157
12/2006,ANDINAB,20.8249861319031,.008866666667,.000035663434,.1652991374351,.0371487149303558,-1.2399157
01/2007,ANDINAB,20.88905670035069,.077888190681,.00016884033,.2499970794337,.0383825871121562,-1.2399157
02/2007,ANDINAB,20.89352336046214,.0079999999998,-.000066097178,.2497793881388,.0380738208236115,-1.2399157
03/2007,ANDINAB,20.97095572931481,.080586080585,-.00042501357,.3538179869868,.0407721925648716,-1.2399157
04/2007,ANDINAB,21.01734085584997,.029502860732,.0001676105,.2921942879728,.0398447694630401,-1.2399157
05/2007,ANDINAB,20.98096481803675,-.026132596686,.00003732862,.1787112019788,.0434357715842813,-1.2399157
06/2007,ANDINAB,21.01034762161153,.069912857689,0,.2397573930008,.0447924091168624,-1.2399157
07/2007,ANDINAB,20.95184247857965,-.055052450194,-.000095472089,.1068167521258,.050558021415083,-1.4321713
08/2007,ANDINAB,20.9083540059703,-.035869182978,.00060603634,.062947569148,.0537639171910398,-1.4321713
09/2007,ANDINAB,20.86921542490582,-.036474164135,.00041937351,-.054112675572,.0549719463625409,-1.4321713
10/2007,ANDINAB,20.90369937380187,.046126909667,.00024085509,-.037488626637,.0514726146439918,-1.4321713
11/2007,ANDINAB,20.80721419896659,-.090633708954,-.0026304394,-.101989738905,.0561198591025705,-1.4321713
12/2007,ANDINAB,20.77849391255397,-.040639573617,-.0017048394,-.212542170211,.0577184187455299,-1.4321713
01/2008,ANDINAB,20.78623366744502,.032681266815,.00036181405,-.124808453202,.0536671701695298,-1.4321713
02/2008,ANDINAB,20.84558089235854,.031315522489,-.001638829,-.057623747735,.0544585679283872,-1.4321713
03/2008,ANDINAB,20.82254521966867,-.012854144807,.000018260509,-.034003728407,.0482884558814915,-1.4321713
04/2008,ANDINAB,20.8744579009258,.076295194458,-.00068144331,-.003835443616,.0531762060146847,-1.4321713
05/2008,ANDINAB,20.76509519683176,-.065303543736,-.00042886613,.021494721602,.0558315571756012,-1.4321713
06/2008,ANDINAB,20.70762363758399,-.070873786408,-.00010766769,-.008739491189,.0529867616264981,-1.4321713
07/2008,ANDINAB,20.85282025764116,.16547582987,.00056579692,.124055071866,.0734323814856171,-1.3594375
08/2008,ANDINAB,20.83652524672892,.0041841004168,.0018184549,.0969236497938,.0725620173657514,-1.3594375
09/2008,ANDINAB,20.72954546246176,-.091538461538,-.0021115649,.0182393330628,.076914729926245,-1.3594375
10/2008,ANDINAB,20.64709795673658,-.065087277008,-.0012413713,-.1231431384032,.0773776888001225,-1.3594375
11/2008,ANDINAB,20.73812145727031,.10081992104,.0018843561,.0429803263728,.0790901510653713,-1.3594375
12/2008,ANDINAB,20.71155442995456,-.017241379311,-.00013930889,.0966127334698,.0781353173122142,-1.3594375
12/2002,ANDROMACO,,,,,,
01/2003,ANDROMACO,,,,0,,
02/2003,ANDROMACO,,,,0,,
03/2003,ANDROMACO,,,,0,,
04/2003,ANDROMACO,,,,0,,
05/2003,ANDROMACO,,,,0,,
06/2003,ANDROMACO,,,,0,,
07/2003,ANDROMACO,,,,0,,
08/2003,ANDROMACO,,,,0,,
09/2003,ANDROMACO,,,,0,,
10/2003,ANDROMACO,,,,0,,
11/2003,ANDROMACO,,,,0,,
12/2003,ANDROMACO,,,,0,,
01/2004,ANDROMACO,,,,0,,
02/2004,ANDROMACO,,,,0,,
03/2004,ANDROMACO,,,,0,,
04/2004,ANDROMACO,,,,0,,
05/2004,ANDROMACO,,,,0,,
06/2004,ANDROMACO,,,,0,,
07/2004,ANDROMACO,,,,0,,
08/2004,ANDROMACO,,,,0,,
09/2004,ANDROMACO,17.30726136946712,,,0,,
10/2004,ANDROMACO,,,,0,,
11/2004,ANDROMACO,,,,0,,
12/2004,ANDROMACO,17.28484136634095,.001563232765,,.001563232765,,
01/2005,ANDROMACO,17.60650426431997,.37941969241,,.380982925175,.2671848649301206,
02/2005,ANDROMACO,17.61793296014359,.011494252874,,.392477178049,.2153459458304311,
03/2005,ANDROMACO,17.78498704480676,.18181818182,,.574295359869,.177668160421681,
04/2005,ANDROMACO,17.73571599579998,-.033188018561,,.5411073413080001,.1729839077682961,
05/2005,ANDROMACO,17.64040581599565,-.090909090911,,.4501982503970001,.1747786480384957,
06/2005,ANDROMACO,17.8124407391025,.11907563059,,.567710648222,.1604163964986124,
07/2005,ANDROMACO,17.78712293111821,-.018192550489,,.170098405323,.1526275900688988,-.61946976
08/2005,ANDROMACO,17.82239106995567,.035897435897,,.194501588346,.1431928546881162,-.61946976
09/2005,ANDROMACO,17.87673854640388,.034653465347,,.047336871873,.1353491055115911,-.61946976
10/2005,ANDROMACO,17.84267199184027,-.024063484654,,.05646140578,.1310089902308891,-.61946976
11/2005,ANDROMACO,17.78174410621693,-.059108910891,,.0882615858,.1291329188811595,-.61946976
12/2005,ANDROMACO,17.74461031226722,-.037146164369,,-.067960209159,.1307860338358282,-.61946976
01/2006,ANDROMACO,17.79261953145357,.054295508233,,.004527849563,.077115556761716,-.61946976
02/2006,ANDROMACO,17.85324415327001,.0625,,.031130413666,.0783278325697734,-.61946976
03/2006,ANDROMACO,17.94677021128084,.098039215685,,.094516164004,.0650923859926407,-.61946976
04/2006,ANDROMACO,17.9904452747835,.059927650733,,.178507299391,.0647885258389431,-.61946976
05/2006,ANDROMACO,17.97320346834899,-.017094017095,,.220522193187,.0562915024116893,-.61946976
06/2006,ANDROMACO,17.90100671213222,-.069652173914,,.188016183642,.0541655576366596,-.61946976
07/2006,ANDROMACO,17.90110017444765,.0043491835586,,.1380698589676,.0534853772343419,-.77819723
08/2006,ANDROMACO,17.88698229290186,-.014018691589,,.0615511673786,.053388903413416,-.77819723
09/2006,ANDROMACO,17.93780154129808,.052132701421,,.0156446531146,.0544189306420866,-.77819723
10/2006,ANDROMACO,18.05658507728804,.13543464438,,.0911516467616,.0641664973979246,-.77819723
11/2006,ANDROMACO,18.05658507728804,0,,.1082456638566,.05942847002352,-.77819723
12/2006,ANDROMACO,18.04370245146577,-.012799999999,,.1650978377716,.0574058454347474,-.77819723
01/2007,ANDROMACO,18.21187796169407,.19562872298,,.356377377193,.0748270474083508,-.77819723
02/2007,ANDROMACO,18.16991376259504,-.04109589041,0,.3293001783719999,.0780532184669876,-.77819723
03/2007,ANDROMACO,18.29925189088803,.12857142857,0,.405738905521,.0808296006338455,-.77819723
04/2007,ANDROMACO,18.48368093002155,.2138168618,-.0017447445,.484121122941,.095922683568644,-.77819723
05/2007,ANDROMACO,18.50914346432515,.025789473684,0,.5099105966249999,.0940603278774873,-.77819723
06/2007,ANDROMACO,18.48893028585165,-.020010261672,0,.5027003349519999,.0892137441336706,-.77819723
07/2007,ANDROMACO,18.45159261543127,-.032150020158,0,.274921591814,.0917090538967474,-.93855828
08/2007,ANDROMACO,18.48368093002155,.03260869565,0,.348626177874,.0895928737015675,-.93855828
09/2007,ANDROMACO,18.49415222987026,.010526315789,0,.230581065093,.0905766632882143,-.93855828
10/2007,ANDROMACO,18.47575486473967,-.012954478962,0,.003809724331,.0884065726631113,-.93855828
11/2007,ANDROMACO,18.31183067309489,-.15119363395,.00085274829,-.173173383303,.1041078278478034,-.93855828
12/2007,ANDROMACO,18.24729215195732,-.062500000001,0,-.215663121632,.106834074306274,-.93855828
01/2008,ANDROMACO,18.10419130831665,-.12537119524,.0029705274,-.308884296714,.0998934862187612,-.93855828
02/2008,ANDROMACO,18.13075833570137,.026923076923,.0041655148,-.314569915441,.0994536182592832,-.93855828
03/2008,ANDROMACO,18.10419130831665,-.026217228464,.0055604023,-.351313459694,.0913733274602305,-.93855828
04/2008,ANDROMACO,18.17829928047037,.09546778151,.00058755069,-.242891199222,.0685484201053334,-.93855828
05/2008,ANDROMACO,18.24729215195732,.071428571428,0,-.020268993844,.0724692339830382,-.93855828
06/2008,ANDROMACO,18.27295989870126,.026,-.0021407907,.068231006157,.0734551533516305,-.93855828
07/2008,ANDROMACO,18.21339060028164,-.05539003849,0,.138212162907,.0743276684557362,-1.0039058
08/2008,ANDROMACO,18.02414860064311,-.1724137931,.0010201064,-.061124707116,.0853330506955977,-1.0039058
09/2008,ANDROMACO,17.93713722365348,-.083333333334,3.3289296e-06,-.118240811986,.0854514405886512,-1.0039058
10/2008,ANDROMACO,17.73646652819133,-.17729784028,4.7436356e-06,-.391006433776,.0936512187009548,-1.0039058
11/2008,ANDROMACO,17.70256497651565,-.033333333333,0,-.495768338537,.0884317720031532,-1.0039058
12/2008,ANDROMACO,17.61868349253495,-.080459770115,0,-.602228108652,.0889422460623551,-1.0039058
12/2002,ANTARCHILE,21.16993011918566,.096000000001,.00050222134,,,
01/2003,ANTARCHILE,21.15374139181324,-.016058394161,2.1911733e-06,-.016058394161,,
02/2003,ANTARCHILE,21.19159161595084,.038575667655,.000084853193,.022517273494,.0386321155938586,
03/2003,ANTARCHILE,21.21976249291754,.028571428571,.00029673747,.051088702065,.0290883326761037,
04/2003,ANTARCHILE,21.37866377552416,.17222222222,.00005882643,.223310924285,.0811497223014074,
05/2003,ANTARCHILE,21.44290604423175,.093150011591,.000053179778,.316460935876,.0722326006511993,
06/2003,ANTARCHILE,21.48636985857863,.044422200521,.0022626561,.360883136397,.0650644675957888,
07/2003,ANTARCHILE,21.53010258924851,.044703100497,.00016526926,.421644631055,.0596816140459584,.11376885
08/2003,ANTARCHILE,21.66157737046174,.14050914508,.00061560358,.52357810848,.0624919392997032,.11376885
09/2003,ANTARCHILE,21.73888691951633,.080376454132,.00013050191,.5753831340409999,.0585951708102172,.11376885
10/2003,ANTARCHILE,21.73042143612022,-.0084297520661,.0012998786,.3947311597549,.060505327086888,.11376885
11/2003,ANTARCHILE,21.69668656500785,-.033172195365,-.000085547792,.2684089527989,.0641471134978837,.11376885
12/2003,ANTARCHILE,21.679277278301,-.017258620691,.00069000927,.2067281315869,.064452492574053,.11376885
01/2004,ANTARCHILE,21.62541276907313,-.052439516482,,.1095855146079,.0684363116744984,.11376885
02/2004,ANTARCHILE,21.75690542500802,.14052953156,,.1096059010879,.0737848468621556,.11376885
03/2004,ANTARCHILE,21.76337793950652,.0064935064929,.0024007284,.0357229534488,.0747123923664431,.11376885
04/2004,ANTARCHILE,21.7220517856734,-.040483870968,.000028730665,.0036688345469,.0682733910490717,.11376885
05/2004,ANTARCHILE,21.70012890921388,.00087784489733,.00008692823,.03771887480923,.0660681605224079,.11376885
06/2004,ANTARCHILE,21.72724921540336,.027491408935,.00018285342,.08246890443523,.0658078534148255,.11376885
07/2004,ANTARCHILE,21.7617637341626,.035117056856,.00019592595,.17002547777323,.0655928451280322,-.41085336
08/2004,ANTARCHILE,21.72389912854009,-.037156704361,.0013381803,-.00766075814777,.0560953409619579,-.41085336
09/2004,ANTARCHILE,21.71389963538315,-.0099496644298,.00092752586,-.02410392907047,.0514401673917924,-.41085336
10/2004,ANTARCHILE,21.73888691948012,.025302082802,.0003107829,.04168202469953,.0518003090106333,-.41085336
11/2004,ANTARCHILE,21.78728346037733,.04958677686,1.0517632e-06,.0903909566622,.0519424159627263,-.41085336
12/2004,ANTARCHILE,21.75977468135816,-.027133858269,.00028172354,.0357656894582,.0525004523127193,-.41085336
01/2005,ANTARCHILE,21.74695347076369,-.01273936902,.00021941533,-.0120907364178,.0493761052317707,-.41085336
02/2005,ANTARCHILE,21.79434508249142,.048532546318,.00029572513,.0735985142612,.0318250270707038,-.41085336
03/2005,ANTARCHILE,21.8586881193237,.066458170446,.0002620731,.150006349137,.0363781186057569,-.41085336
04/2005,ANTARCHILE,21.77157009839358,-.083431085045,.0001406558,.04127318129,.043302668985864,-.41085336
05/2005,ANTARCHILE,21.82134247994866,.080709788324,-.0030012832,.072396192754,.0481520235165066,-.41085336
06/2005,ANTARCHILE,21.80290877828014,-.018264840181,-.00023373903,.081265210842,.048756882880248,-.41085336
07/2005,ANTARCHILE,21.82589829648785,.023255813954,-.00023920601,.117260393816,.0483141484481177,-.40874806
08/2005,ANTARCHILE,21.79746764550771,-.028030303031,.00013396177,.040697544467,.0475920090074441,-.40874806
09/2005,ANTARCHILE,21.83344550213971,.036632891661,.00023087955,.010872265682,.0477586455686634,-.40874806
10/2005,ANTARCHILE,21.79980318570841,-.033082706767,.000025689316,.06122064396,.0493829678275016,-.40874806
11/2005,ANTARCHILE,21.77540213246459,-.024105754277,-2.2459526e-06,-.043594898641,.0483866817844336,-.40874806
12/2005,ANTARCHILE,21.68248271801228,-.088733067729,-.00014113566,-.114063126189,.0546649098296448,-.40874806
01/2006,ANTARCHILE,21.74711741863474,.066769263054,-7.9955917e-06,-.070549677089,.0580551749177935,-.40874806
02/2006,ANTARCHILE,21.78025091588438,.033688524589,.00020338691,-.008830849469,.0571689249024759,-.40874806
03/2006,ANTARCHILE,21.81829369711936,.038775672032,.00075075735,-.006688069098,.0548727245855115,-.40874806
04/2006,ANTARCHILE,21.82589829648785,.0076335877875,.00059527386,.0340282254565,.048113625626184,-.40874806
05/2006,ANTARCHILE,21.7951266378211,-.0068962938558,.00010212402,.0512376858777,.0423714964886179,-.40874806
06/2006,ANTARCHILE,21.80290877828014,.0078125,.00015431996,.1477832536067,.0419808672849044,-.40874806
07/2006,ANTARCHILE,21.77460500209681,-.027906976745,.00088021625,.0531070138077,.0423123578630046,-.28492483
08/2006,ANTARCHILE,21.81370302340748,.039872408293,.0006791082,.0592908975117,.0429703620199983,-.28492483
09/2006,ANTARCHILE,21.87540970122069,.063650306749,.00049108797,.0841655322287,.0454595923079253,-.28492483
10/2006,ANTARCHILE,21.92807192120817,.054073540014,.00012648548,.1306054844552,.0455305528535026,-.28492483
11/2006,ANTARCHILE,21.95604898095167,.028372093024,.0002114066,.165873871335,.0440637978887962,-.28492483
12/2006,ANTARCHILE,22.12342943454721,.18220395349,.00062476267,.340265324825,.0528818227355667,-.28492483
01/2007,ANTARCHILE,22.1360532247917,.012703806642,-.00012754821,.380876108212,.0527591295054384,-.28492483
02/2007,ANTARCHILE,22.10215167311601,-.033333333334,.00027293913,.307670366585,.0564626795762793,-.28492483
03/2007,ANTARCHILE,22.14710306097828,.045977011494,.000048922328,.28999707133,.0565958172502476,-.28492483
04/2007,ANTARCHILE,22.22731481607446,.083516483515,.0011337043,.319440014831,.0579488345856336,-.28492483
05/2007,ANTARCHILE,22.21352853696562,.0099415424265,.0004881036,.3010094642334999,.0569716242432487,-.28492483
06/2007,ANTARCHILE,22.23639114832384,.023125964011,-.00010555758,.1419314747545,.0563802501462943,-.28492483
07/2007,ANTARCHILE,22.2996826485735,.065337340073,.000028555371,.1945650081855,.0524300401856642,-.58044398
08/2007,ANTARCHILE,22.29353169471059,-.0061320754721,.00011533679,.2217662660474,.0547071303297328,-.58044398
09/2007,ANTARCHILE,22.2806344536028,-.012814428096,.00011630091,.1629748264574,.056644334172185,-.58044398
10/2007,ANTARCHILE,22.35384916978518,.075961538461,.0002324068,.1554198814034,.0575627950040091,-.58044398
11/2007,ANTARCHILE,22.34577375577376,-.0080428954416,-.00011217493,.1374354435353,.0591449991880848,-.58044398
12/2007,ANTARCHILE,22.38117568282468,.036036036036,-.00012667173,.1503455155603,.0375141552488973,-.58044398
01/2008,ANTARCHILE,22.31837478158565,-.060869565218,.0024036558,.0241386102693,.0448806782475633,-.58044398
02/2008,ANTARCHILE,22.32759143669057,.0092592592591,.0016337674,.0395299450005,.0420259094887062,-.58044398
03/2008,ANTARCHILE,22.32253279172724,-.0050458715605,.0013084505,.047298501536,.0419356571782063,-.58044398
04/2008,ANTARCHILE,22.26493493550071,-.055970493315,.00010580081,-.08463353024,.0413073839118615,-.58044398
05/2008,ANTARCHILE,22.25630235293248,.018601223885,-.00046106891,-.0579894109134,.041459791222744,-.58044398
06/2008,ANTARCHILE,22.10731075591727,-.13842364532,-.000023406114,-.2324490922694,.0583863117847234,-.58044398
07/2008,ANTARCHILE,22.08424517805248,-.022801600915,-7.2308721e-06,-.1943811279664,.053848322878337,-.75512868
08/2008,ANTARCHILE,22.03069270913387,-.052143793297,.000023022658,-.2557841805225,.05485144000673,-.75512868
09/2008,ANTARCHILE,21.95374500122808,-.074061728395,.000055563774,-.324800037357,.0571253124579007,-.75512868
10/2008,ANTARCHILE,21.85575125963754,-.09334542206,.000015719477,-.362174966102,.051008287695628,-.75512868
11/2008,ANTARCHILE,21.78254785562811,-.070588235295,.00021661721,-.4513644252819999,.0509497841087878,-.75512868
12/2008,ANTARCHILE,21.75287132492342,-.029240506328,-.000019615383,-.34218128629,.0449388827713958,-.75512868
12/2002,BANMEDICA,18.60883747172395,.000066634485847,.00059703726,,,
01/2003,BANMEDICA,18.55402923517645,-.053333333334,0,-.053333333334,,
02/2003,BANMEDICA,18.59541445135822,.042253521126,0,-.011079812208,.0675901129809576,
03/2003,BANMEDICA,18.59541445135822,0,0,-.011079812208,.0479003327017292,
04/2003,BANMEDICA,18.57562537954189,.021831028898,0,.01075121669,.0411400095192314,
05/2003,BANMEDICA,18.60883747172395,.033769770436,0,.044520987126,.0382438624199088,
06/2003,BANMEDICA,18.70414765149062,.1,0,.144520987126,.050528691038117,
07/2003,BANMEDICA,18.70414765149062,0,0,.19785432046,.0470160191168092,-.66641122
08/2003,BANMEDICA,18.67337599286152,-.030303030303,0,.125297769031,.0471083123512011,-.66641122
09/2003,BANMEDICA,18.67337599286152,0,0,.125297769031,.0443220352991159,-.66641122
10/2003,BANMEDICA,19.0577876917983,.46875,0,.5722167401330001,.1501504682300808,-.66641122
11/2003,BANMEDICA,19.0577876917983,0,0,.538446969697,.1435256173437587,-.66641122
12/2003,BANMEDICA,19.11966309548994,.063829787236,0,.502276756933,.1368820317527135,-.66641122
01/2004,BANMEDICA,19.13946572281049,.02,,.522276756933,.1332481275429738,-.66641122
02/2004,BANMEDICA,19.19662413662607,.058823529411,,.611403316647,.1331331877816533,-.66641122
03/2004,BANMEDICA,19.15888380864322,-.037037037036,0,.574366279611,.1351005922917662,-.66641122
04/2004,BANMEDICA,19.11966309548994,.003493729595,-.00095690001,.109110009206,.1356532297653981,-.66641122
05/2004,BANMEDICA,19.09946038819778,-.019999999999,0,.089110009207,.1373595989324638,-.66641122
06/2004,BANMEDICA,19.19662413662607,.10204081632,-.003563052,.127321038291,.1374252788613645,-.66641122
07/2004,BANMEDICA,19.20767397281721,.011111111111,0,.118432149402,.1370766298139454,-1.0921818
08/2004,BANMEDICA,19.30205131674642,.098974358974,0,.158582978965,.1349646735632245,-1.0921818
09/2004,BANMEDICA,19.45613533211116,.16658889407,.000011745015,.362208910071,.1363254032540942,-1.0921818
10/2004,BANMEDICA,19.48430620907785,.028571428571,.000037281818,.387286609047,.0588404305469577,-1.0921818
11/2004,BANMEDICA,19.53837343034813,.055555555555,0,.4628421646009999,.0574591649937953,-1.0921818
12/2004,BANMEDICA,19.51768725494932,-.02047368421,0,.340327664071,.0601702381722111,-1.0921818
01/2005,BANMEDICA,19.52515486989985,.0074955671371,0,.3367121200970999,.0606351235363826,-1.0921818
02/2005,BANMEDICA,19.57708794254455,.053305245194,0,.2910430063171,.0604829854160626,-1.0921818
03/2005,BANMEDICA,19.62648069787337,.050632911392,0,.1750870236391,.0557769694775957,-1.0921818
04/2005,BANMEDICA,19.60208924474958,.017587939699,0,.1641035347671,.0549712504877281,-1.0921818
05/2005,BANMEDICA,19.6619873863153,.061728395061,0,.1702763742731,.0509752918234235,-1.0921818
06/2005,BANMEDICA,19.72942866711083,.069767441861,0,.2605175003441,.0489500050564705,-1.0921818
07/2005,BANMEDICA,19.74453143529393,.015217391303,0,.26823932451,.0486664282197295,-1.3420535
08/2005,BANMEDICA,19.79260756873237,.049250535332,0,.264184614648,.0462106868388547,-1.3420535
09/2005,BANMEDICA,19.76151698167542,-.030612244897,0,.182939458359,.0325895257044154,-1.3420535
10/2005,BANMEDICA,19.6962764598079,-.063157894738,-.000039767274,.102193623922,.0422415574527196,-1.3420535
11/2005,BANMEDICA,19.62648069787337,-.067415730337,0,-.026950501476,.0479431081307409,-1.3420535
12/2005,BANMEDICA,19.65029134656673,.024096385543,.0034496917,-.072621557794,.0469188921917931,-1.3420535
01/2006,BANMEDICA,19.6962764598079,.047058823528,0,-.040780125569,.0476770919564686,-1.3420535
02/2006,BANMEDICA,19.70744976039206,.011235955057,0,-.078794705844,.0464526242862836,-1.3420535
03/2006,BANMEDICA,19.73957269422128,.032644444444,-.00027104878,-.015538016503,.045494380605551,-1.3420535
04/2006,BANMEDICA,19.74023958322842,.067378252166,0,.114998130401,.0480547673270222,-1.3420535
05/2006,BANMEDICA,19.7184995965923,-.021505376343,-.00054058636,.160908484395,.0471839535121702,-1.3420535
06/2006,BANMEDICA,19.68951205971664,-.028571428572,0,.10824067028,.0445462773474701,-1.3420535
07/2006,BANMEDICA,19.68497690454,-.0045248868782,0,.0566569598738,.0444171397024152,-1.3350929
08/2006,BANMEDICA,19.7402610883526,.05684090909,0,.1022619139068,.0452087005667201,-1.3350929
09/2006,BANMEDICA,19.74023958322842,-.000021504914002,0,.069595964548798,.0440530199941802,-1.3350929
10/2006,BANMEDICA,19.83652680267691,.10107526881,0,.103292981192798,.0465610536979856,-1.3350929
11/2006,BANMEDICA,19.85493062733454,.01857421875,.00029097963,.143372576285798,.0380223701707547,-1.3350929
12/2006,BANMEDICA,19.97832471452746,.13133017583,0,.303274180687798,.0487789328578166,-1.3350929
01/2007,BANMEDICA,20.07517454051738,.10169491525,0,.4094939828159981,.0524876877745672,-1.3350929
02/2007,BANMEDICA,20.10540526036074,.030692307693,0,.383345381418998,.0518539529372024,-1.3350929
03/2007,BANMEDICA,20.12762101589899,.022464363012,0,.405831249345,.0520763676729247,-1.3350929
04/2007,BANMEDICA,20.16332629267006,.085106887766,0,.389862868301,.0531753624615339,-1.3350929
05/2007,BANMEDICA,20.134893775219,-.0280321172,0,.3432565323510001,.0539022933353459,-1.3350929
06/2007,BANMEDICA,20.16346714766306,.028985507246,0,.240911863767,.0495797329628505,-1.3350929
07/2007,BANMEDICA,20.134893775219,-.028169014085,0,.111047934432,.0521453808302052,-1.6039265
08/2007,BANMEDICA,20.09044201264817,-.04347826087,0,.036877365869,.0575521470305841,-1.6039265
09/2007,BANMEDICA,20.09044201264817,0,0,.014413002857,.0575509570750443,-1.6039265
10/2007,BANMEDICA,20.12029497579785,.030303030304,-.00052200508,-.040390854605,.05366126773657,-1.6039265
11/2007,BANMEDICA,20.09044201264817,-.029411764706,0,-.041770502111,.0562445717253441,-1.6039265
12/2007,BANMEDICA,20.12028026980339,.030287878788,0,-.040468130569,.045421316121004,-1.6039265
01/2008,BANMEDICA,19.96123028116816,-.14704628009,-.00024613083,-.159345396574,.0580975371233772,-1.6039265
02/2008,BANMEDICA,19.95777604629147,-.003448275862,0,-.119315411566,.0570697229036613,-1.6039265
03/2008,BANMEDICA,19.90793862113762,-.048615916954,0,-.16793132852,.0574358868070079,-1.6039265
04/2008,BANMEDICA,19.91717029138533,.04292441928,0,-.155309939544,.0519260299137826,-1.6039265
05/2008,BANMEDICA,19.92613896135689,.0090090090089,-.00023611818,-.1168891658291,.0522656039689172,-1.6039265
06/2008,BANMEDICA,19.87107918417386,-.053571428572,-.000020165735,-.2007484731891,.0516344833931499,-1.6039265
07/2008,BANMEDICA,19.88046892453532,.0094339622647,.0050519411,-.0442682308344,.0522378621303046,-1.6660908
08/2008,BANMEDICA,19.8423690783035,-.03738317757,.00034766787,-.0782031325424,.0519856832881704,-1.6660908
09/2008,BANMEDICA,19.77198828152963,-.067961165048,.000050100549,-.0975483806364,.0537030433357566,-1.6660908
10/2008,BANMEDICA,19.63845688890511,-.125,-.0051224474,-.2654727999164,.0584258338709201,-1.6660908
11/2008,BANMEDICA,19.60208924474958,-.035714285713,0,-.3101960946383,.0583987143196836,-1.6660908
12/2008,BANMEDICA,19.6619873863153,.061728395061,0,-.1948962710053,.0622043080499938,-1.6660908
12/2002,BANVIDA,18.19853669297124,-.066666666667,0,,,
01/2003,BANVIDA,18.16216904880037,-.035714285714,0,-.035714285714,,
02/2003,BANVIDA,18.16216904880037,0,0,-.035714285714,.0252538136136032,
03/2003,BANVIDA,18.13399817183367,-.027777777777,0,-.063492063491,.0187532366118655,
04/2003,BANVIDA,18.23362801278251,.13233172056,0,.068839657069,.0782604089185909,
05/2003,BANVIDA,18.3926927074122,.1724137931,0,.241253450169,.097011172057784,
06/2003,BANVIDA,18.42168024428545,.029411764704,0,.270665214873,.0871096140186812,
07/2003,BANVIDA,18.47725009544026,.057142857144,0,.3635223577309999,.079649766435867,
08/2003,BANVIDA,18.6275322984896,.16216216216,0,.525684519891,.0842643684435609,
09/2003,BANVIDA,18.67853485294197,.076422773018,0,.6298850706860001,.0789842711503071,
10/2003,BANVIDA,18.7164797845061,.038674033149,0,.536227383275,.0748611671076565,
11/2003,BANVIDA,18.74789598073947,.031914893618,0,.395728483793,.0715408437671161,
12/2003,BANVIDA,18.79815781552036,.051546391753,0,.417863110842,.0682362303074551,
01/2004,BANVIDA,18.80791399046572,.0098039215682,,.3705241752662,.063705667621828,
02/2004,BANVIDA,18.77835518822418,-.029126213592,,.1792357995142,.0667311480140598,
03/2004,BANVIDA,18.9352734632956,.1699,0,.2727130264962,.0678213048469505,
04/2004,BANVIDA,18.86453288446523,-.068296435593,0,.1657425577542,.0766198028411662,
05/2004,BANVIDA,18.73753319370392,-.11926605504,0,.0145616090962,.0831809264144048,
06/2004,BANVIDA,18.82714535239361,.09375,-.0027662951,.0567652173432,.0849006022259777,
07/2004,BANVIDA,18.85438987450018,.027619047618,0,.074580343393,.0847721948907257,
08/2004,BANVIDA,19.00149873953839,.15848007414,0,.262186631125,.0842835931824192,
09/2004,BANVIDA,19.06353413045784,.064,0,.156286631125,.0838275354219315,
10/2004,BANVIDA,19.14299830181209,.082706766916,0,.307289833634,.0849237249620934,
11/2004,BANVIDA,19.35496855252817,.23611111111,0,.662666999784,.1020200874080226,
12/2004,BANVIDA,19.41968262005433,.066853932583,0,.635770932367,.1020490913729107,
01/2005,BANVIDA,19.39354082731441,-.025803054238,0,.5823488305109999,.1040664414256877,
02/2005,BANVIDA,19.41228300912416,.018918918919,0,.44278767529,.1014373607063017,
03/2005,BANVIDA,19.39343271336221,-.018673740054,0,.3601139352359999,.097169433636622,
04/2005,BANVIDA,19.42020907439658,.066033900484,0,.3434410688039999,.0907002371418595,
05/2005,BANVIDA,19.36057080807684,-.057894736842,0,.049435220852,.0812680002021591,
06/2005,BANVIDA,19.42020907439658,.084034207701,0,.06661549597,.080941781443807,
07/2005,BANVIDA,19.58928540444051,.18421052632,0,.276629076528,.0878341941040267,
08/2005,BANVIDA,19.48639098127788,-.097777777778,0,.1599323798309999,.0955948650431171,
09/2005,BANVIDA,19.47150236878413,-.00064105220281,0,.17796506768219,.0965645218518741,
10/2005,BANVIDA,19.3661418531263,-.1,0,.01193116719819,.1041566413585141,
11/2005,BANVIDA,19.27913047613667,-.083333333334,0,-.01350742929381,.085783662697871,
12/2005,BANVIDA,19.26078133746847,-.018181818182,0,-.11572345517681,.0835109878820927,
01/2006,BANVIDA,19.35496855252817,.098765432098,0,-.20116854939881,.0881786362219223,
02/2006,BANVIDA,19.3661418531263,.011235955057,0,-.09215481656381,.0881064540482566,
03/2006,BANVIDA,19.32067947904954,-.044444444444,0,-.135958208805,.0890620765430054,
04/2006,BANVIDA,19.31074658990473,.011627906975,0,-.02433030183,.0869490744047419,
05/2006,BANVIDA,19.27305143006029,-.03699354081,0,.022009490694,.0859096069539877,
06/2006,BANVIDA,19.20688556926334,-.064024390244,0,-.023833081368,.0834513806367782,
07/2006,BANVIDA,19.16027868774931,-.045537459284,0,-.16813597275,.0564101222574039,
08/2006,BANVIDA,19.27913047613667,.12620298955,0,-.053168938257,.0680744186802741,
09/2006,BANVIDA,19.21661011915534,-.060606060606,0,-.069330554419,.0693450101000783,
10/2006,BANVIDA,19.22304100948563,.026315789473,0,-.054642671921,.0650739329667793,
11/2006,BANVIDA,19.1954194321757,-.027243589743,0,-.044892720854,.0609430760506386,
12/2006,BANVIDA,19.32067947904954,.13344316309,0,.15257483248,.0719807907531765,
01/2007,BANVIDA,19.44618456079984,.13372093023,0,.331833221994,.0764367775821029,
02/2007,BANVIDA,19.47150236878413,.025641025641,0,.231271258085,.0765086461177817,
03/2007,BANVIDA,19.46648982696058,-.0050000000001,-.0041317963,.2868773186909001,.0745522881811591,
04/2007,BANVIDA,19.52029253295356,.055276381909,0,.3158379111269001,.0752676360396414,
05/2007,BANVIDA,19.44618456079984,-.047386419148,0,.2956950817219001,.0760608401456043,
06/2007,BANVIDA,19.60253063119053,.16923076923,0,.3314826878619,.0819609337371472,
07/2007,BANVIDA,19.68661374840107,.087719298244,0,.2854810558759,.0782095786473866,
08/2007,BANVIDA,19.71444854739451,.028225806453,0,.2880658366879,.0747323182679298,
09/2007,BANVIDA,19.67444321278082,-.039215686274,0,.253850150414,.072242829556317,
10/2007,BANVIDA,19.87359513025143,.24010275487,0,.438676523375,.0910996539412225,
11/2007,BANVIDA,19.80080611592673,-.070203016824,0,.415859925699,.09569141950067,
12/2007,BANVIDA,19.78995609990266,-.010791366905,0,.235837789564,.0945833935184135,
01/2008,BANVIDA,19.48105658158894,-.26574545455,-.00021118882,-.1176269632299999,.1263540078739301,
02/2008,BANVIDA,19.65382392557808,.18858954041,7.6923079e-06,.0427367707270001,.1361002171525821,
03/2008,BANVIDA,19.46648982696058,-.17083333333,0,-.0888808763289999,.1476378492826223,
04/2008,BANVIDA,19.42020907439658,-.0050251256262,0,-.3340087568252,.1471211663415026,
05/2008,BANVIDA,19.3661418531263,-.052631578948,6.9930070e-06,-.3164373189491999,.1473106893127833,
06/2008,BANVIDA,19.33224030145062,-.033333333333,0,-.3389792853772,.1385358873039393,
07/2008,BANVIDA,19.26146011938957,-.068333333334,0,-.1415671641612,.1359735701755524,
08/2008,BANVIDA,19.24835881746992,-.013015853433,0,-.3431725580041999,.1351182334295165,
09/2008,BANVIDA,19.11482742484539,-.125,0,-.2973392246742,.1381714169213103,
10/2008,BANVIDA,19.00149873953839,-.10714285714,0,-.399456956188,.1093096124535399,
11/2008,BANVIDA,18.82714535239361,-.16,0,-.50682537724,.1129991614289429,
12/2008,BANVIDA,18.8736653680285,.047619047618,0,-.4258729962889999,.1169064272011624,
12/2002,BBVACL,19.64312795676463,.16049382716,,,,
01/2003,BBVACL,19.69999081867309,.058510638297,,.058510638297,,
02/2003,BBVACL,19.6939424131149,-.0060301507538,,.0524804875432,.0456372296009512,
03/2003,BBVACL,19.70500336048272,.011122345804,,.0636028333472,.0334299562639741,
04/2003,BBVACL,19.7632722686067,.12248421052,,.1860870438672,.0575292648458708,
05/2003,BBVACL,19.78196440161885,.018867924529,.000030452185,.2049549683962,.0513338014297157,
06/2003,BBVACL,19.77732402207522,-.0046296296296,.000059174134,.2003253387666,.0495479654533016,
07/2003,BBVACL,19.7865833474879,.0093023255813,.00062750879,.1511170260509,.0461378939646852,-.27845499
08/2003,BBVACL,19.95186343841425,.1797235023,-.0072295424,.3368706791047,.0680348200035469,-.27845499
09/2003,BBVACL,19.96736762495021,.015625,.000044294087,.3413733333007,.0645868930833106,-.27845499
10/2003,BBVACL,20.26461914841815,.3461538461500001,.0047336067,.5650429689307001,.1130375771927813,-.27845499
11/2003,BBVACL,20.11046846859088,-.14285714285,.000026853291,.4033179015517001,.1257733072282104,-.27845499
12/2003,BBVACL,20.15607897984294,.046666666667,0,.4546141978483002,.1199460228301195,-.27845499
01/2004,BBVACL,20.05917517421305,-.092356687898,,.3529551843690002,.1271846232372249,-.27845499
02/2004,BBVACL,20.16873737671486,.11578947368,,.2890211557490001,.1278618106311644,-.27845499
03/2004,BBVACL,20.17500698972846,.030758349103,0,.3041545048520001,.1274137753073908,-.27845499
04/2004,BBVACL,20.11046846859088,-.062499999999,0,-.104499341297,.1295205562595958,-.27845499
05/2004,BBVACL,20.14325829141388,.033333333333,0,.071691134886,.1293897106073229,-.27845499
06/2004,BBVACL,20.11046846859088,-.032258064516,0,-.007233596297,.1304891149814565,-.27845499
07/2004,BBVACL,20.11046846859088,0,0,.085123091601,.1306979061474105,-.76243049
08/2004,BBVACL,20.13678577690826,.026666666667,0,-.003999715412,.1226728425968587,-.76243049
09/2004,BBVACL,20.10980157959764,-.026623376623,0,-.061381441138,.1235305475870664,-.76243049
10/2004,BBVACL,20.13678577690826,.027351567713,0,.028470126574,.0695526229981561,-.76243049
11/2004,BBVACL,20.21182096285117,.077922077922,0,.073058871163,.0584750019831794,-.76243049
12/2004,BBVACL,20.28161672478672,.072289156626,0,.177606092305,.0602929793028979,-.76243049
01/2005,BBVACL,20.27598290706846,-.0056179775274,.0099934246,.1719881147776,.0508111762967954,-.76243049
02/2005,BBVACL,20.26175791614504,-.014124293786,0,.1311971543246,.0419441267548115,-.76243049
03/2005,BBVACL,20.25601077388952,.017677683316,0,.1754982142636,.0415406458009026,-.76243049
04/2005,BBVACL,20.14325829141388,-.10662824207,9.7031734e-06,.0415184044806,.0496553852082393,-.76243049
05/2005,BBVACL,20.11046846859088,-.032258064516,5.5367609e-06,-.0686617379574,.0499620674343172,-.76243049
06/2005,BBVACL,20.13678577690826,.026666666667,0,-.1142842279164,.0493561190945222,-.76243049
07/2005,BBVACL,20.15000964320521,.013311688312,0,-.095354562077,.0493763274936478,-.87982947
08/2005,BBVACL,20.13411988892343,-.015764178148,0,-.096994446439,.049311204179215,-.87982947
09/2005,BBVACL,20.12107864769925,-.012956572694,0,-.127628702449,.0487229085086107,-.87982947
10/2005,BBVACL,20.09704544825874,-.023746701846,0,-.044747162225,.048728399704018,-.87982947
11/2005,BBVACL,20.09704544825874,0,0,-.012489097709,.0421029653991754,-.87982947
12/2005,BBVACL,20.11046846859088,.013513513513,0,-.025642250863,.0348676972413074,-.87982947
01/2006,BBVACL,20.06267780475454,-.046666666667,-.010008664,-.085620605842,.0362087627909461,-.87982947
02/2006,BBVACL,20.09704544825874,.034965034965,0,-.034891392729,.0389926826030063,-.87982947
03/2006,BBVACL,20.13678577690826,.07750344178,0,.055568621745,.0461576089868282,-.87982947
04/2006,BBVACL,20.13548623157337,-.0012987012979,0,.0780166222931,.0335862002877622,-.87982947
05/2006,BBVACL,20.14325829141388,.0078023407004,,.0858189629935,.0317272287142765,-.87982947
06/2006,BBVACL,20.14325829141388,0,,.0723054494805,.0310839444126826,-.87982947
07/2006,BBVACL,20.14325829141388,0,0,.1189721161475,.0309543468272309,-.6303373
08/2006,BBVACL,20.11046846859088,-.032258064515,0,.0517490166675,.0321939757996101,-.6303373
09/2006,BBVACL,20.16179509575097,.052666666666,0,.0269122415535,.0349852372505407,-.6303373
10/2006,BBVACL,20.17500698972846,.013299556682,0,.0415104995334,.033646519162773,-.6303373
11/2006,BBVACL,20.17500698972846,0,0,.033708158833,.033646519162773,-.6303373
12/2006,BBVACL,20.17500698972846,0,0,.033708158833,.0337428012938516,-.6303373
01/2007,BBVACL,20.17500698972846,0,.000013980321,.033708158833,.0291399967001593,-.6303373
02/2007,BBVACL,20.17500698972846,0,0,.065966223348,.0284538630291838,-.6303373
03/2007,BBVACL,20.1598933519149,0,0,.013299556682,.0188753152835504,-.6303373
04/2007,BBVACL,20.18123753947909,.021573604061,0,.021573604061,.0195073458128719,-.6303373
05/2007,BBVACL,20.18123753947909,0,0,.021573604061,.0195447884901172,-.6303373
06/2007,BBVACL,20.18123753947909,0,0,.021573604061,.0195447884901172,-.6303373
07/2007,BBVACL,20.318467579369,.012034322141,0,.033607926202,.0195955995480047,-.66986257
08/2007,BBVACL,20.33127653766665,.012891344384,0,.046499270586,.0155885955888547,-.66986257
09/2007,BBVACL,20.2069900355748,.0012121212112,0,.0477113917972,.0076549737515639,-.66986257
10/2007,BBVACL,20.2069900355748,0,0,.0261377877362,.0073125248955569,-.66986257
11/2007,BBVACL,20.17500698972846,-.031476997578,0,-.0053392098418,.0126013697415114,-.66986257
12/2007,BBVACL,20.21861319307519,0,0,-.0053392098418,.0126013697415114,-.66986257
01/2008,BBVACL,,,0,-.0173735319828,.0132088723212378,-.66986257
02/2008,BBVACL,,,0,-.0302648763668,.0139138105667661,-.66986257
03/2008,BBVACL,20.20266164086724,0,0,-.031476997578,.0139138105667661,-.66986257
04/2008,BBVACL,,,0,-.031476997578,.0127481117295922,-.66986257
05/2008,BBVACL,20.27923781489162,.079584423502,0,.079584423502,.0296320755685103,-.66986257
06/2008,BBVACL,,,0,.079584423502,.0315049174823571,-.66986257
07/2008,BBVACL,20.2774715500831,-.0017647058821,0,.0778197176199,.0317096973802283,-.49842712
08/2008,BBVACL,,,0,.0778197176199,.0341711358044075,-.49842712
09/2008,BBVACL,,,0,.0778197176199,.0373353846747053,-.49842712
10/2008,BBVACL,,,0,.0778197176199,.0415272997176106,-.49842712
11/2008,BBVACL,,,0,-.0017647058821,.0400949603582369,-.49842712
12/2008,BBVACL,,,0,-.0017647058821,.0464658934103769,-.49842712
12/2002,BCI,20.14565732199422,.075471698114,,,,
01/2003,BCI,20.16820814751612,.022807017544,,.022807017544,,
02/2003,BCI,20.19385519832525,.025728987994,,.048536005538,.0020661451196217,
03/2003,BCI,20.18038698127438,-.013377926421,,.035158079117,.0217839345853888,
04/2003,BCI,20.35134477941802,.24351931652,,.278677395637,.1172568329158776,
05/2003,BCI,20.43345129005303,.085571428572,,.364248824209,.1017961142510686,
06/2003,BCI,20.42033765090498,-.013028030004,,.351220794205,.0975660035184191,
07/2003,BCI,20.47482583618905,.055999999999,,.38441377666,.0890703291660631,-.58669108
08/2003,BCI,20.59036167988853,.12247474747,,.481159536136,.0855393469770688,-.58669108
09/2003,BCI,20.66621850808218,.077615298089,,.5721527606460001,.0801049679960723,-.58669108
10/2003,BCI,20.63116446762374,-.034446764093,,.294186680033,.082114025843543,-.58669108
11/2003,BCI,20.64512067911754,.014054054054,,.222669305515,.0789832533852992,-.58669108
12/2003,BCI,20.5926034287332,-.05116204691,,.184535288609,.0811268743752019,-.58669108
01/2004,BCI,20.65783271470591,.067403737039,,.195939025649,.0810569223948558,-.58669108
02/2004,BCI,20.72269456430126,.064736842105,,.138201120284,.0808486213338852,-.58669108
03/2004,BCI,20.79743788291165,.077607513595,,.13819333579,.0784297348365369,-.58669108
04/2004,BCI,20.78803602540329,.021800235936,,.194440335819,.0530779733594755,-.58669108
05/2004,BCI,20.75527707203895,-.032228190406,-.00053904287,.148158091359,.0548909007860197,-.58669108
06/2004,BCI,20.7975179249578,.043062200957,-.00029128618,.242382339226,.0531711951312927,-.58669108
07/2004,BCI,20.78347482642322,-.013944954128,.000033264343,.161033648059,.0545448066462429,-.8867321
08/2004,BCI,20.79292021570917,.0094901377015,-.0017548737,.1057869436555,.0461959958920393,-.8867321
09/2004,BCI,20.8554405726905,.064516129032,-.0010082324,.0926955590925,.0448546554517022,-.8867321
10/2004,BCI,20.95741875132928,.10735930736,-.0008212963,.1782546305165,.0479944389900132,-.8867321
11/2004,BCI,20.95035712918725,-.0070367474591,-.00092185842,.2034460734634,.0490483355236299,-.8867321
12/2004,BCI,20.93448378003096,-.015748031496,-.00046235108,.1446358410104,.0446336382046802,-.8867321
01/2005,BCI,20.95035712918725,.016,-.00099907385,.1745807951384,.043402991028401,-.8867321
02/2005,BCI,21.00400984267957,.055118110236,-.00010996359,.2202087676729,.0427460622029418,-.8867321
03/2005,BCI,20.92370590689836,-.077164179104,-.00017910323,.0785284595369,.0490304452234502,-.8867321
04/2005,BCI,20.8853775659043,-.0046604242953,-.00086617836,-.0334912721184,.049255427911686,-.8867321
05/2005,BCI,20.88529353584019,-.000084026552031,-.00072592567,-.026538551211331,.0474693837332148,-.8867321
06/2005,BCI,20.94245194968013,.058823529413,-.00020074984,.048033009697669,.0485304055485874,-.8867321
07/2005,BCI,20.98897196531503,.047619047618,-.0013603769,.079652057315669,.0483242458161974,-1.064801
08/2005,BCI,21.04064397585935,.05303030303,-.00034371467,.077564250109669,.0489961422342617,-1.064801
09/2005,BCI,21.11011634867412,.071942446044,-.00012918141,.226670875257669,.0495865366714728,-1.064801
10/2005,BCI,21.02615096855678,-.080536912752,-.00083012087,.150794386800969,.0510105117084378,-1.064801
11/2005,BCI,20.97370449318424,-.051094890511,-.00023558279,.099783522842,.053837775639814,-1.064801
12/2005,BCI,20.96046336895993,-.013153846155,-.00017964971,.027806147274,.0537471866453519,-1.064801
01/2006,BCI,20.98897196531503,.028918855718,.00094967824,.009105955374,.0540870177842189,-1.064801
02/2006,BCI,21.03342372788586,.045454545454,-.000075292577,.001530197798,.0533792104075228,-1.064801
03/2006,BCI,21.06213793545125,.029130434783,-.00064163643,-.041281813463,.04660691370512,-1.064801
04/2006,BCI,21.06199710032992,.035955173853,.00017540944,.075210273142,.0464884018656394,-1.064801
05/2006,BCI,21.11647194793042,.055985915493,-.000066204841,.182291079146,.0472260563323779,-1.064801
06/2006,BCI,21.06246036619291,-.053017672557,-.00074307906,.142427252744,.0505420852884077,-1.064801
07/2006,BCI,21.04469790985307,-.017605633802,.00040844502,.095902763224,.0501252605302744,-.92859751
08/2006,BCI,21.08164142507969,.037634408602,-.00019324236,.088082626372,.0490748895002056,-.92859751
09/2006,BCI,21.1045210298654,.023143350605,.00049560837,.082095542194,.0451080351560458,-.92859751
10/2006,BCI,21.09774593619904,-.0067521944629,.00028564548,.0393881738781,.0369100799724063,-.92859751
11/2006,BCI,21.10384558235576,.0061182868812,.0004643724,-.0104794547337,.0316904112043548,-.92859751
12/2006,BCI,21.17251407690112,.07108108108,.00025243699,.1136192989033,.0342759081530385,-.92859751
01/2007,BCI,21.28841685888373,.12288670199,-.00021946117,.2541116346953,.0451685776489452,-.92859751
02/2007,BCI,21.23653202351472,-.050561797752,.00099401874,.1659154283413,.0502407896675934,-.92859751
03/2007,BCI,21.28334785338043,.047928994083,.00034430399,.1907010718193,.0508016322681903,-.92859751
04/2007,BCI,21.24777041074614,-.0044598808026,.00025799029,.1929933854796,.0511836093729273,-.92859751
05/2007,BCI,21.23053776241979,-.017085015505,.0012826482,.1697900830934,.050775768178983,-.92859751
06/2007,BCI,21.26275326943571,.032740044051,-.00028717288,.1314490460644,.0464475433089981,-.92859751
07/2007,BCI,21.24536860531522,-.017234422732,-.00007455975,-.0086720786576,.0464200295349589,-.98095965
08/2007,BCI,21.22761665985677,-.017595307918,-.00036418054,.0242944111764,.0472914779597097,-.98095965
09/2007,BCI,21.18180712382548,-.044776119404,-.00045324559,-.0684107023106,.0503075507947567,-.98095965
10/2007,BCI,21.20649973641585,.025,-.00047911037,-.038950821508,.0501702309293448,-.98095965
11/2007,BCI,21.13700586837755,-.067134146341,-.0026406148,-.088999952344,.0552602425562673,-.98095965
12/2007,BCI,21.11392970142239,-.022811948495,-.0023352748,-.14455194489,.0518635593388121,-.98095965
01/2008,BCI,21.11359519735544,-.00033444815926,-.0033520632,-.12765197031726,.0343149940177874,-.98095965
02/2008,BCI,21.1172686026879,.0036801605875,-.00066875172,-.10637650181176,.0321883470482767,-.98095965
03/2008,BCI,21.16922834161861,.053333333333,-.0031739229,-.00826704907476,.0330505698622769,-.98095965
04/2008,BCI,21.11793504723106,-.011412473794,-.0036932922,-.04467952286876,.0330745935541631,-.98095965
05/2008,BCI,21.05879167294323,-.057428381079,-.0014221076,-.03497375760676,.0361076464707052,-.98095965
06/2008,BCI,21.05560594227428,-.0031806615789,-.0033077279,-.01534247069066,.0336152846447574,-.98095965
07/2008,BCI,21.03142018559126,-.023895625044,-.0010891833,-.0389036475754,.033740485624691,-.74173415
08/2008,BCI,21.09883304055969,.069737033271,.00033440115,.0271532251081,.0414125440783596,-.74173415
09/2008,BCI,21.04827573120095,-.04930055684,.0012363202,-.0754806650649,.0418103781255174,-.74173415
10/2008,BCI,20.82958653023612,-.19642857143,.00055650237,-.2604967627009,.0674279378156687,-.74173415
11/2008,BCI,20.8272727443498,-.0023111111104,-.000016508142,-.2053794927323,.0663715773657777,-.74173415
12/2008,BCI,20.79255364425552,-.034123307199,-.00099409965,-.2363221383524,.0664948949926647,-.74173415
12/2002,BESALCO,17.23008832171624,.010101010101,0,,,
01/2003,BESALCO,17.19446114407309,-.035,.000049335438,-.035,,
02/2003,BESALCO,17.12472780605841,-.067357512954,-.00034863708,-.102357512954,.022880216832105,
03/2003,BESALCO,17.1575068761386,.033322222222,-.00010689344,-.069035290732,.0513993251723375,
04/2003,BESALCO,17.14670671277719,-.01074205099,-.0015180185,-.079777341722,.042413404491093,
05/2003,BESALCO,17.11355450546029,-.032608695652,-.0048908852,-.112386037374,.0371651700434396,
06/2003,BESALCO,17.06756939221847,-.044943820224,-.0094400402,-.157329857598,.0344836870547507,
07/2003,BESALCO,17.01936729040059,-.04705882353,-.0049050609,-.169388681128,.0324494082866813,.35437626
08/2003,BESALCO,17.17774184134403,.18374592209,0,.081714753916,.081059856219453,.35437626
09/2003,BESALCO,17.14670671277719,-.030558482614,0,.01783404908,.0763959284672321,.35437626
10/2003,BESALCO,17.26930903486952,.1304347826,0,.15901088267,.0839096242925685,.35437626
11/2003,BESALCO,17.24989094901242,-.0097087378635,0,.1819108404585,.0797809835231508,.35437626
12/2003,BESALCO,17.25380484833356,.0039215686265,0,.230776229309,.0760713351458917,.35437626
01/2004,BESALCO,17.21902737435682,-.034179687499,,.24365536534,.0760313821601432,.35437626
02/2004,BESALCO,17.20988561439872,-.0091001011133,,.0508093421367,.0726950882774705,.35437626
03/2004,BESALCO,17.32539850152056,.12244897959,0,.2038168043407,.0794201587833435,.35437626
04/2004,BESALCO,17.56656055833745,.29188055595,0,.3652625776907,.1110490944174901,.35437626
05/2004,BESALCO,17.56656055833745,0,0,.3749713155542,.1093990465213984,.35437626
06/2004,BESALCO,17.5309333806943,-.035,0,.3360497469277,.1086794935761963,.35437626
07/2004,BESALCO,17.60158291025098,.07320503331,0,.4434344677367,.1046645161334454,.39711085
08/2004,BESALCO,17.59819764328063,.0073753535962,0,.4599099224462,.0974203442568405,.39711085
09/2004,BESALCO,17.68116394107646,.086505190311,0,.4239661331672001,.0952703559096082,.39711085
10/2004,BESALCO,17.81787498661836,.14649681528,0,.2785823924972,.0965716195955262,.39711085
11/2004,BESALCO,17.81787498661836,.0089552238805,0,.2875376163777,.0956038130010515,.39711085
12/2004,BESALCO,17.87194220788863,.055555555557,0,.3780931719347,.0942378609225555,.39711085
01/2005,BESALCO,17.83276359911211,-.038421052632,0,.2664670859927,.0946283492851843,.39711085
02/2005,BESALCO,17.84494958388476,.012260536399,0,.2713522687955,.0934208124835713,.39711085
03/2005,BESALCO,17.81787498661836,-.026711365849,0,.1581357126355,.0944105288362809,.39711085
04/2005,BESALCO,17.72478456355235,-.088888888889,0,-.0772499915335,.0643942320964976,.39711085
05/2005,BESALCO,17.70632250071261,.00050467768415,.0034400285,-.08570053772985,.0643824419975388,.39711085
06/2005,BESALCO,17.76071657277841,.055900621119,.00016241225,-.08535547216785,.0630652887591901,.39711085
07/2005,BESALCO,17.81787498661836,.058823529411,0,.01188910987515,.0621838916904209,-.10480831
08/2005,BESALCO,17.86082804214757,.049471182412,0,.04909975588815,.062397254890458,-.10480831
09/2005,BESALCO,17.79653784923023,-.062267163385,0,.01354395835215,.0641893098620553,-.10480831
10/2005,BESALCO,17.78970410965166,-.0068104426791,0,.09562240456205,.0489304126202192,-.10480831
11/2005,BESALCO,17.8613600985581,.083313325331,0,.1784310522089,.054362839902075,-.10480831
12/2005,BESALCO,17.84527396080647,-.015957446809,0,.1065729842809,.0525320561277447,-.10480831
01/2006,BESALCO,17.83106538730225,-.014108108107,0,.0336413467629,.0512954108541454,-.10480831
02/2006,BESALCO,17.82996823430394,-.0010965513465,0,-.0169263869956,.0512398850284621,-.10480831
03/2006,BESALCO,17.8123039415689,-.0175091937,0,.0278315826894,.0508272099485136,-.10480831
04/2006,BESALCO,17.82341516699397,.039737398605,0,.0743794239735,.0424580653046419,-.10480831
05/2006,BESALCO,17.84527396080647,.022099447513,0,.0131655461555,.0422836436437905,-.10480831
06/2006,BESALCO,17.83985389333714,-.0054054054053,0,.0237175875592,.0406937333795785,-.10480831
07/2006,BESALCO,17.89791769429189,.059782608696,0,.0976083043622,.0407973136808897,.036575153
08/2006,BESALCO,17.99555616385581,.11316568047,0,.2118705361787,.049484897899461,.036575153
09/2006,BESALCO,18.01809103328887,.022790697674,0,.2521704275527,.0428655726971485,.036575153
10/2006,BESALCO,18.07380836075556,.057298772168,0,.2697318011157,.0427620409276489,.036575153
11/2006,BESALCO,18.14637905359039,.083940339924,0,.3315726935267,.0428351924705631,.036575153
12/2006,BESALCO,18.17787772064976,.031999999999,0,.368978098931,.0404583175563897,.036575153
01/2007,BESALCO,18.23252005190917,.056162790699,0,.365358280934,.0380790692404833,.036575153
02/2007,BESALCO,18.36149043320734,.13765642776,-.000016445145,.389849028224,.0453146197676423,.036575153
03/2007,BESALCO,18.47712061550262,.12258064516,0,.48963897571,.0443359510050028,.036575153
04/2007,BESALCO,18.68870334441576,.25736440825,0,.689704611792,.0709844625865143,.036575153
05/2007,BESALCO,18.8355182127528,.15813953488,.0030880366,.7639038067480001,.071763869385265,.036575153
06/2007,BESALCO,18.86908503639188,.034136546185,0,.766040352934,.0677138526180156,.036575153
07/2007,BESALCO,18.81932352683282,-.04854368932,0,.661333872915,.0790474709380146,-.17255904
08/2007,BESALCO,18.78823293976279,-.022302019822,0,.5013754253330001,.0842484155827936,-.17255904
09/2007,BESALCO,18.84252174316293,.055789473685,0,.434584253858,.0829438497524404,-.17255904
10/2007,BESALCO,18.98794623926861,.15653040877,.0073566702,.333750254378,.0856998904683842,-.17255904
11/2007,BESALCO,18.83952623415034,-.13225419275,.00048736835,.043356526748,.1062659296052451,-.17255904
12/2007,BESALCO,18.77765083043225,-.06,-.0008336702,-.050780019437,.1121952778905922,-.17255904
01/2008,BESALCO,18.56508938844858,-.1914893617,.000059202524,-.193725691817,.133617895478328,-.17255904
02/2008,BESALCO,18.81728062520302,.28684210526,0,.1154184332650001,.1496173377809073,-.17255904
03/2008,BESALCO,18.80493478938072,-.012269938649,0,.0473590209310001,.1488472292558372,-.17255904
04/2008,BESALCO,18.87874694730362,.091585931861,.0032114079,-.0175854559779999,.1337867299462317,-.17255904
05/2008,BESALCO,18.79870423963008,-.076923076922,0,.03774565985,.1298876129819178,-.17255904
06/2008,BESALCO,18.68870334441576,-.10416666666,0,-.00642100681,.1333278835998724,-.17255904
07/2008,BESALCO,18.61638268283613,-.06976744186,-.00078081549,.11530091303,.1340999295385384,-.60452425
08/2008,BESALCO,18.48285129021161,-.11814263323,-.00042757377,-.28968382546,.1379238389113895,-.60452425
09/2008,BESALCO,18.40874331805789,-.071428571428,0,-.348842458239,.1369136294358553,-.60452425
10/2008,BESALCO,18.17787772064976,-.20615384615,.000098670876,-.64658223625,.1331475129395914,-.60452425
11/2008,BESALCO,18.18556130446429,.023452548512,0,-.546206610816,.1325570985544527,-.60452425
12/2008,BESALCO,18.16618168088657,-.019193045885,0,-.4612329900409999,.1325871780616306,-.60452425
12/2002,BICECORP,,,0,,,
01/2003,BICECORP,18.68702679105285,0,0,0,,
02/2003,BICECORP,18.68702679105285,,0,0,,
03/2003,BICECORP,,,0,0,,
04/2003,BICECORP,,,0,0,,
05/2003,BICECORP,,,0,0,,
06/2003,BICECORP,,,0,0,,
07/2003,BICECORP,18.76606999839331,,0,0,,
08/2003,BICECORP,,,0,0,,
09/2003,BICECORP,,,0,0,,
10/2003,BICECORP,18.82433890651728,.059999999999,0,.059999999999,.0424264068704857,
11/2003,BICECORP,18.82433890651728,,0,.059999999999,.0424264068704857,
12/2003,BICECORP,,,0,.059999999999,.0424264068704857,
01/2004,BICECORP,,,,.059999999999,,
02/2004,BICECORP,,,,.059999999999,,
03/2004,BICECORP,18.94839155518726,.13207547169,0,.192075471689,.0509650547899251,
04/2004,BICECORP,,,0,.13207547169,.0509650547899251,
05/2004,BICECORP,,,0,.13207547169,.0509650547899251,
06/2004,BICECORP,,,0,.13207547169,.0509650547899251,
07/2004,BICECORP,18.95171934527994,.025296117119,0,.157371588809,.0544687428241009,
08/2004,BICECORP,19.11672687000648,.17940199336,.00060614228,.336773582169,.06954993435954,
09/2004,BICECORP,19.41976129436417,,0,.204698110479,.06954993435954,
10/2004,BICECORP,19.41976129436417,0,0,.204698110479,.0854688784943397,
11/2004,BICECORP,19.42425821032512,.004507042253,0,.209205152732,.0821503491983934,
12/2004,BICECORP,19.43374753633891,.0095344924302,0,.2187396451622,.0772893842543425,
01/2005,BICECORP,,,0,.1934435280432,.0772893842543425,
02/2005,BICECORP,,,0,.0140415346832,.0772893842543425,
03/2005,BICECORP,19.40557665937221,-.027777777778,0,-.0137362430948,.0743371435346001,
04/2005,BICECORP,19.43374753633891,.057616602231,0,.0438803591362,.0685567214152163,
05/2005,BICECORP,,,0,.0393733168832,.0685567214152163,
06/2005,BICECORP,19.41976129436417,-.01388888889,0,.015949935563,.0658303749381895,
07/2005,BICECORP,19.48781475760919,.070422535211,0,.086372470774,.0673505578926172,-.13055339
08/2005,BICECORP,19.70037619959286,.23684210526,0,.3232145760340001,.0855496553919934,-.13055339
09/2005,BICECORP,19.80147231646423,.10638297872,0,.457375332532,.0828385846250348,-.13055339
10/2005,BICECORP,19.72142960879069,-.076923076923,0,.3228356533780001,.0920197808674974,-.13055339
11/2005,BICECORP,19.81104176748038,.09375,0,.4165856533780001,.0924339762876416,-.13055339
12/2005,BICECORP,19.70037619959286,-.10476190476,0,.3257126375080001,.1056917358550801,-.13055339
01/2006,BICECORP,19.7109583089234,.010638297872,0,.265928400169,.1000210508085064,-.13055339
02/2006,BICECORP,19.82012050262076,0,0,.029086294909,.0954810043100274,-.13055339
03/2006,BICECORP,19.83059180248805,.010526315789,0,-.066770368022,.0937648552039944,-.13055339
04/2006,BICECORP,19.88136412786148,.052083333334,0,.062236042235,.0936491675320152,-.13055339
05/2006,BICECORP,19.86136346115481,.011849886447,0,-.019664071318,.0895408538404897,-.13055339
06/2006,BICECORP,19.8611614205558,-.00020202020187,0,.08489581324013,.0889735929612738,-.13055339
07/2006,BICECORP,19.86136346115481,.00020206102272,0,.07445957639085,.0886846407161819,-.13912763
08/2006,BICECORP,19.86136346115481,0,0,.07445957639085,.0596827140535866,-.13912763
09/2006,BICECORP,19.92968270513228,.070707070707,0,.13464033130885,.0550818065770216,-.13912763
10/2006,BICECORP,19.93907244548212,.0094339622647,0,.09199096023955,.048568224201606,-.13912763
11/2006,BICECORP,19.87141379700831,-.065420560747,0,.01472051304555,.0461406064032424,-.13912763
12/2006,BICECORP,19.90097259924985,.029999999999,0,.04492253324642,.032947742052358,-.13912763
01/2007,BICECORP,19.91063451016159,.0097087378635,0,.0544292100872,.0329492961660026,-.13912763
02/2007,BICECORP,19.93907244548212,.028846153846,0,.0832753639332,.0331461207720945,-.13912763
03/2007,BICECORP,19.95759149324936,.018691588786,0,.0312598820122,.0331712863192331,-.13912763
04/2007,BICECORP,,,0,.0218259197475,.0324143708384027,-.13912763
05/2007,BICECORP,19.98474248231531,.093950688073,0,.1811971685675,.0410870510503132,-.13912763
06/2007,BICECORP,20.03419628554533,.053571428571,0,.2047685971395,.0419201123386314,-.13912763
07/2007,BICECORP,20.0593022066764,.025423728814,0,.22048358809,.0412509758302894,-.21927264
08/2007,BICECORP,20.13104611153524,.07438016529,0,.266017599534,.042811288009418,-.21927264
09/2007,BICECORP,20.1309873498991,0,0,.247326010748,.0416707645792234,-.21927264
10/2007,BICECORP,20.16129269939443,.030769230769,0,.278095241517,.0413524089699274,-.21927264
11/2007,BICECORP,20.17610778517957,.014925373134,0,.199069926578,.0284164031220979,-.21927264
12/2007,BICECORP,20.16129269939443,-.014705882353,0,.130792615654,.032094285126643,-.21927264
01/2008,BICECORP,20.1309873498991,-.029850746268,0,.075518140572,.036563013029548,-.21927264
02/2008,BICECORP,,,0,.001137975282,.038534850681722,-.21927264
03/2008,BICECORP,20.099734806395,-.03076923077,0,-.029631255488,.0426352644769193,-.21927264
04/2008,BICECORP,,,0,-.060400486257,.0426352644769193,-.21927264
05/2008,BICECORP,,,0,-.075325859391,.0363504840046513,-.21927264
06/2008,BICECORP,20.05094464222557,.0084033613439,0,-.0522166156941,.0331416628090145,-.21927264
07/2008,BICECORP,,,0,-.0223658694261,.0347921746034679,-.35289949
08/2008,BICECORP,20.05094464222557,0,0,-.0223658694261,.0215070634964138,-.35289949
09/2008,BICECORP,,,0,.0084033613439,.0232013994320724,-.35289949
10/2008,BICECORP,19.96393326523594,-.083333333333,0,-.0749299719891,.0333555842515734,-.35289949
11/2008,BICECORP,,,0,-.0749299719891,.0325770902313016,-.35289949
12/2008,BICECORP,19.96393326523594,0,0,-.083333333333,.034031089984476,-.35289949
12/2002,BSANTANDER,21.60376791032661,.007874045903,-.001477876,,,
01/2003,BSANTANDER,21.60766656553452,.003906264843,-.0015463305,.003906264843,,
02/2003,BSANTANDER,21.61927208195511,.011673121719,-.0012626053,.015579386562,.005491997165525,
03/2003,BSANTANDER,21.60766656553452,-.011538432194,-.0031600543,.004040954368,.011815519225106,
04/2003,BSANTANDER,21.74148968611318,.14319059488,-.00095546385,.147231549248,.0715749497188844,
05/2003,BSANTANDER,21.7489499181621,.069035057591,-.00048767254,.216266606839,.0636392031006357,
06/2003,BSANTANDER,21.66879456749364,-.077027049232,-2.3007690e-06,.139239557607,.0751743737073881,
07/2003,BSANTANDER,21.77561813979752,.1127379194,-.0011945058,.248071212164,.0765143429897551,-.9179914
08/2003,BSANTANDER,21.70403732161458,-.069078960783,-.00022454506,.167319129662,.0799888080868981,-.9179914
09/2003,BSANTANDER,21.74217020530178,.038869272479,-8.7144481e-06,.217726834335,.0750126818009614,-.9179914
10/2003,BSANTANDER,21.72847137392433,-.013605429378,.0010150417,.060930810077,.0717493481243227,-.9179914
11/2003,BSANTANDER,21.70756468911918,-.020689655173,-.0011721465,-.028793902687,.0692082704355534,-.9179914
12/2003,BSANTANDER,21.66732870407813,-.039436619719,-.00037910201,.008796526826,.0679718943734566,-.9179914
01/2004,BSANTANDER,21.75232191691152,.08870967742,,-.015231715154,.0713407199452348,-.9179914
02/2004,BSANTANDER,21.80798276401708,.057239057238,,.111086302867,.0721004665161816,-.9179914
03/2004,BSANTANDER,21.8174922248309,.0095541401279,.0014911434,.0817711705159,.0714305810469678,-.9179914
04/2004,BSANTANDER,21.76237292560123,.014747548159,3.7145894e-06,.1101241480529,.060959118487472,-.9179914
05/2004,BSANTANDER,21.82378155374528,.063333333334,.000080659658,.1941471365599,.0605139124184894,-.9179914
06/2004,BSANTANDER,21.83933396675308,.015673981192,0,.2492577374709,.0533623272375984,-.9179914
07/2004,BSANTANDER,21.86793342127927,.02901234568,.000078006378,.1895604057309,.0451981374936556,-.92682087
08/2004,BSANTANDER,21.85768310540877,-.01019796041,.00039268518,.1221233880829,.037904178912441,-.92682087
09/2004,BSANTANDER,21.84548783230153,-.012121212122,-8.3836903e-06,.100448035833,.0383824550457863,-.92682087
10/2004,BSANTANDER,21.85160405932572,.006134969326,-.000021756881,.091835457,.0374480059423075,-.92682087
11/2004,BSANTANDER,21.86973144393804,.018292682929,-.00023454979,.046794806595,.0355395642514231,-.92682087
12/2004,BSANTANDER,21.94746840927212,.080838323353,.00010666178,.111959148756,.0341625386754991,-.92682087
01/2005,BSANTANDER,21.94469448240108,-.0027700831024,.00028283946,.0801767199736,.0298269191839775,-.92682087
02/2005,BSANTANDER,22.01442782040674,.072222222221,-.000078006378,.1625969026046,.031670953117347,-.92682087
03/2005,BSANTANDER,21.97748430523072,-.036269430051,-5.3065564e-06,.1384486846756,.0360015555462305,-.92682087
04/2005,BSANTANDER,21.90502922599518,-.012496558132,-.000047759007,.1198171572176,.037195804958226,-.92682087
05/2005,BSANTANDER,21.91366237316458,.0086705202339,.00011674424,.1101949945225,.0343274689930777,-.92682087
06/2005,BSANTANDER,21.93912343734553,.025787965615,-.00018679078,.0551446367845,.0345205017200934,-.92682087
07/2005,BSANTANDER,21.97209345658999,.033519553072,-.0040360191,.0914342729589,.0347235028945221,-1.1929419
08/2005,BSANTANDER,22.04755186782771,.078378378379,-.0012552115,.0975904291169,.0382751407918154,-1.1929419
09/2005,BSANTANDER,22.15666473312279,.11528822055,.00011791168,.2491480797179,.0451074307809587,-1.1929419
10/2005,BSANTANDER,22.07474761065287,-.078651685393,-.00031786272,.1829929524569,.0551098412528406,-1.1929419
11/2005,BSANTANDER,22.12747889501684,.054146341463,.000016001708,.228468773686,.055668373505145,-1.1929419
12/2005,BSANTANDER,22.12701603920486,-.00046274872693,.00011143769,.20221805934407,.0535911780855226,-1.1929419
01/2006,BSANTANDER,22.27079566474543,.15462962962,-.00043938286,.32332813589207,.0651423491501398,-1.1929419
02/2006,BSANTANDER,22.22358804881089,-.046110665597,-.00017564702,.19883909191607,.0678246686940585,-1.1929419
03/2006,BSANTANDER,22.14763532639356,-.07313997478,-.00056408695,.01041089658607,.0715696271087224,-1.1929419
04/2006,BSANTANDER,22.13025154004446,.020784795286,-.00016395601,.10984737726507,.07076730164821,-1.1929419
05/2006,BSANTANDER,22.09836885833356,-.031379787726,-.00025893195,.02432124807607,.0724999619220123,-1.1929419
06/2006,BSANTANDER,22.08882673767939,-.0071462601236,.000081190316,.0176377366794,.0729270647271718,-1.1929419
07/2006,BSANTANDER,22.06208067463195,-.026391554701,.00030952977,-.1633834476416,.0738370855127072,-1.3250948
08/2006,BSANTANDER,22.16457854581972,.10793494332,.000051595744,-.0093378387246,.0766438915043024,-1.3250948
09/2006,BSANTANDER,22.21132314566193,.04537366548,-.00008351064,.1091758015354,.0708297286659352,-1.3250948
10/2006,BSANTANDER,22.25258759546987,.042127659573,.00056567893,.1305186658224,.0654710918066491,-1.3250948
11/2006,BSANTANDER,22.26112596813395,.0085749285427,2.1226226e-06,.1704733820911,.0646285747986486,-1.3250948
12/2006,BSANTANDER,22.26516570483375,.0040485829959,.0025232676,.1816682252106,.0645356818133092,-1.3250948
01/2007,BSANTANDER,22.30663265261725,.042338709678,-.000016450336,.2503984895896,.0489665110256558,-1.3250948
02/2007,BSANTANDER,22.27319787653101,-.032882011606,.00019103616,.1095815346636,.0477907490796641,-1.3250948
03/2007,BSANTANDER,22.30740672070853,.034799999999,.000042452481,.0990078691826,.0406881636215323,-1.3250948
04/2007,BSANTANDER,22.28116671901808,.01088627434,-.00018042291,.0677664839496,.0407124988397424,-1.3250948
05/2007,BSANTANDER,22.27079566474543,-.010317460318,-.00033749698,.0488740950889,.0388719527642814,-1.3250948
06/2007,BSANTANDER,22.28275276217965,.012028869285,.0021931997,.056854381378,.0381185916409678,-1.3250948
07/2007,BSANTANDER,22.2386071046066,-.043185419968,-.00001591967,-.028669748268,.0402219752777569,-1.3224922
08/2007,BSANTANDER,22.2348734350571,-.0037267080743,.00078802364,.0004855552637,.0289940785200868,-1.3224922
09/2007,BSANTANDER,22.26314821352765,.028678304239,-.00015919669,-.0056361404963,.0274589585928658,-1.3224922
10/2007,BSANTANDER,22.27439782995603,.011313131314,.00056620955,-.0052092835223,.0253118586690981,-1.3224922
11/2007,BSANTANDER,22.20620368053655,-.065920894926,-.00053437025,-.0608127181303,.0325211350218808,-1.3224922
12/2007,BSANTANDER,22.25258759546987,.047476475618,-.0018185569,-.0253651117973,.0354205096623845,-1.3224922
01/2008,BSANTANDER,22.13531484201387,-.11065741118,-.0011038472,-.0928371030093,.0458312505499074,-1.3224922
02/2008,BSANTANDER,22.18064456775194,.046372819101,.00009296347,-.042737575834,.0479168856802069,-1.3224922
03/2008,BSANTANDER,22.14080936132777,-.039052215885,-.0013792182,-.110468095958,.0472861336505151,-1.3224922
04/2008,BSANTANDER,22.18981694044047,.09995284821,-.00034196588,-.021828379062,.0568332917520379,-1.3224922
05/2008,BSANTANDER,22.21259892725021,.023043478261,-.002498874,.067135994125,.0572176014582128,-1.3224922
06/2008,BSANTANDER,22.11818082711417,-.090097747556,-.00098957284,-.070438229049,.06268520110247,-1.3224922
07/2008,BSANTANDER,22.16383001232639,.046707146194,-.00057802198,.086926328325,.06346244491174,-1.1660396
08/2008,BSANTANDER,22.12840396447875,-.034805890227,-.00073283544,.005747618997,.0642358953223965,-1.1660396
09/2008,BSANTANDER,22.14172218657644,.01340730467,-.0015107766,.058207139552,.0636984973346282,-1.1660396
10/2008,BSANTANDER,22.0844564247647,-.055656934306,-.0013908484,-.097402642964,.0651188581109348,-1.1660396
11/2008,BSANTANDER,22.09407188347469,.0096618357475,-.0016959754,-.1107842854775,.0628264669571578,-1.1660396
12/2008,BSANTANDER,22.07425968675101,-.019617224882,-.0012624839,-.0403037628035,.0608174737724453,-1.1660396
12/2002,CALICHERAA,17.908461388193,-.044776119403,,,,
01/2003,CALICHERAA,17.87907538082135,-.03125,,-.03125,,
02/2003,CALICHERAA,17.91005895044491,.040322580644,,.009072580644,.0506094571203934,
03/2003,CALICHERAA,17.87090954565099,-.038759689922,,-.029687109278,.0436521004852392,
04/2003,CALICHERAA,17.95791484333124,.096774193549,,.067087084271,.0641479069305324,
05/2003,CALICHERAA,17.94339586791403,-.0065217580213,,.0605653262497,.0565219707030873,
06/2003,CALICHERAA,17.94568104578459,0,,.0605653262497,.0507960719874422,
07/2003,CALICHERAA,18.01299524255449,.074626865671,,.1664421919207,.0523939304610352,.68273455
08/2003,CALICHERAA,18.15942128379278,.15277777777,,.2788973890467,.0676724727399219,.68273455
09/2003,CALICHERAA,18.28312121182777,.14457831325,,.4622353922187,.07291862158936,.68273455
10/2003,CALICHERAA,18.39044001766076,.11568418804,,.4811453867097,.071997390923819,.68273455
11/2003,CALICHERAA,18.28358088932827,-.10840643546,,.379260709271,.0841869185672825,.68273455
12/2003,CALICHERAA,18.25053306963589,-.037037037037,,.342223672234,.083291539191052,.68273455
01/2004,CALICHERAA,18.18683974006342,-.065934065933,,.2016627406300001,.0862929306703009,.68273455
02/2004,CALICHERAA,18.34356936407394,.16470588235,,.21359084521,.094625098021727,.68273455
03/2004,CALICHERAA,18.26076509314698,-.070707070707,,-.001694538747,.0974807249699579,.68273455
04/2004,CALICHERAA,18.20314742153269,-.059782608695,,-.177161335482,.0994121004031889,.68273455
05/2004,CALICHERAA,18.15340419537104,-.030351476896,,-.099106376918,.1003399174547614,.68273455
06/2004,CALICHERAA,18.290847606117,.15853658536,,.096467245479,.107189720929228,.68273455
07/2004,CALICHERAA,18.25974658920017,-.032631578947,,.129769732465,.1081939208599783,.20240173
08/2004,CALICHERAA,18.40091794702334,.15342763873,,.118491488845,.108262403391889,.20240173
09/2004,CALICHERAA,18.40091794702334,0,,.189198559552,.1019293051679813,.20240173
10/2004,CALICHERAA,18.51592455200868,.13207547169,,.381056639937,.1034899584582386,.20240173
11/2004,CALICHERAA,18.64295788932532,.12499999999,,.5364081168229999,.0996417696679471,.20240173
12/2004,CALICHERAA,18.67463874031495,.037037037038,,.414908568501,.0969335623483343,.20240173
01/2005,CALICHERAA,18.60480114510524,-.071428571429,,.376111576019,.0975042131685065,.20240173
02/2005,CALICHERAA,18.8007164109737,.23069230769,0,.453376244979,.1064904178483699,.20240173
03/2005,CALICHERAA,18.89368020122072,.13554730638,0,.588923551359,.1022085388590261,.20240173
04/2005,CALICHERAA,18.92038749099653,.028571428573,.0017390639,.485419508242,.0953681373374901,.20240173
05/2005,CALICHERAA,18.91244993052908,.0059464893548,.0053608967,.3663659976068001,.0923473503108952,.20240173
06/2005,CALICHERAA,19.14013584457133,.09243697479,.0039601908,.4217659353588,.08883105311406,.20240173
07/2005,CALICHERAA,19.40010892621019,.30205128205,0,.7952457888378002,.1048662288338157,-.20573056
08/2005,CALICHERAA,19.29467109657556,-.11382434029,.00021371363,.4507291408578,.119318044378107,-.20573056
09/2005,CALICHERAA,19.31549656159686,.022222222222,.00074666616,.3374040566998,.1182097093718142,-.20573056
10/2005,CALICHERAA,19.20812575765754,-.10869565217,-.00033936146,.2001369759568,.1280699261772085,-.20573056
11/2005,CALICHERAA,19.18491218829966,-.024390243902,0,.1698002427,.1281335611951328,-.20573056
12/2005,CALICHERAA,19.0993703441906,-.08275,0,-.00538673209,.13334325992157,-.20573056
01/2006,CALICHERAA,19.2490184762895,.17198146634,.0011670623,-.1354565478,.1342423436471996,-.20573056
02/2006,CALICHERAA,19.29241204775269,.046511627907,.0010020206,.024879420397,.122326684097149,-.20573056
03/2006,CALICHERAA,19.2285551485954,-.066666666667,.0003818663,-.064009468492,.1218400372563756,-.20573056
04/2006,CALICHERAA,19.18254851584105,-.047619047619,0,-.002932863941,.1234850439548601,-.20573056
05/2006,CALICHERAA,19.10813309792514,-.060063898354,0,-.038606518393,.1254493379853436,-.20573056
06/2006,CALICHERAA,19.12601035104876,.027027027027,.0002043985,.071170508634,.1229827988572007,-.20573056
07/2006,CALICHERAA,19.19807973058199,.07894736842,0,-.021863589286,.085103318810559,-.47201166
08/2006,CALICHERAA,19.25594256698644,.052878048782,0,-.015497168411,.0806584067865903,-.47201166
09/2006,CALICHERAA,19.26534811473339,.010007412899,.0020069093,.061176911155,.0804400129574719,-.47201166
10/2006,CALICHERAA,19.38119798462963,.123853211,-.00025507371,.232649169774,.0799457936370801,-.47201166
11/2006,CALICHERAA,19.42610172092879,.075107852515,.0027875691,.367820920643,.0801796597295245,-.47201166
12/2006,CALICHERAA,19.39423561186435,-.031232983275,.011592339,.309560910341,.0749524912314852,-.47201166
01/2007,CALICHERAA,19.49475498673072,.092062472397,.00033967738,.322676014318,.0641259657244405,-.47201166
02/2007,CALICHERAA,19.41657692683422,-.0625,-.00062867953,.207297965536,.0683915865307396,-.47201166
03/2007,CALICHERAA,19.55192821048655,.043137254903,0,.24042780754,.0634987879574688,-.47201166
04/2007,CALICHERAA,19.6006043877435,.052631578948,.00038876096,.169206175488,.059527462608841,-.47201166
05/2007,CALICHERAA,19.63435593678244,.046089760375,0,.140188083348,.0517393073497679,-.47201166
06/2007,CALICHERAA,19.69820829231599,.068965517241,0,.240386583864,.052026979626748,-.47201166
07/2007,CALICHERAA,19.94846709806818,.07386255788,0,.222186669347,.0517527089354048,-.54807544
08/2007,CALICHERAA,19.93834593088045,-.0094339622638,.0072167637,.2752527070832,.0540115301987079,-.54807544
09/2007,CALICHERAA,19.95471142359907,.015873015873,0,.2479884680532,.0537391805377134,-.54807544
10/2007,CALICHERAA,19.97332982342427,.015625,0,.2109818891052,.0471991673083375,-.54807544
11/2007,CALICHERAA,19.8807638611248,-.092307692308,-.0059656613,.0725844364222,.056934942270315,-.54807544
12/2007,CALICHERAA,19.83107852563528,-.050847457626,.00046041328,-.0472285384448,.0587219475945512,-.54807544
01/2008,CALICHERAA,19.72355053985734,-.10714285714,.0057504885,-.2282339534648,.063275123054577,-.54807544
02/2008,CALICHERAA,19.79648919151502,.08,.000042597512,-.138799991201,.0639505054860172,-.54807544
03/2008,CALICHERAA,19.98795746944403,.22222222222,.00067327154,.067549215146,.0882984821611846,-.54807544
04/2008,CALICHERAA,20.29993610541802,.37878787879,.0053122109,.430712093936,.1349935196956261,-.54807544
05/2008,CALICHERAA,20.52422474645874,.26324028437,.0055464548,.7862600706139999,.1478553885980057,-.54807544
06/2008,CALICHERAA,20.93418190604196,.4649122807,-.0004251744,1.30201980894,.1863818069835789,-.54807544
07/2008,CALICHERAA,20.76196158348267,-.1497005988,-.00041392399,1.25946206728,.2003777550768341,-.57336891
08/2008,CALICHERAA,20.78752618352203,.028169014084,.00012515738,1.207631081364,.199040306414891,-.57336891
09/2008,CALICHERAA,20.47902465642264,-.27397260274,.000082473671,.7114362564039999,.2246670887231549,-.57336891
10/2008,CALICHERAA,20.35857869989828,-.10915094339,-.000029105899,.2234974342239999,.2299803254376599,-.57336891
11/2008,CALICHERAA,20.41290963429734,.0589854919,-.00079058204,.0192426417539999,.2252988560193519,-.57336891
12/2008,CALICHERAA,20.54880376449084,.12999999999,-.00012338153,-.315669638956,.2227239463988009,-.57336891
12/2002,CALICHERAB,17.908461388193,-.029850746268,,,,
01/2003,CALICHERAB,17.87907538082135,0,,0,,
02/2003,CALICHERAB,17.91005895044491,-.076923076924,,-.076923076924,.0543928293226948,
03/2003,CALICHERAB,17.87090954565099,-.033333333334,,-.110256410258,.0385753302445426,
04/2003,CALICHERAB,17.95791484333124,.010344801278,,-.09991160898,.0393264261697288,
05/2003,CALICHERAB,17.94339586791403,.00054597800408,,-.09936563097592,.0359196260985025,
06/2003,CALICHERAB,17.94568104578459,.036200695562,,-.06316493541392,.0394489697244561,
07/2003,CALICHERAB,18.01299524255449,-.0018299885078,,-.06499492392172,.0361615494113051,.66723031
08/2003,CALICHERAB,18.15942128379278,.23333333333,,.24526148633228,.092080430703512,.66723031
09/2003,CALICHERAB,18.28312121182777,-.054054054054,,.22454076561228,.0896970565616235,.66723031
10/2003,CALICHERAB,18.39044001766076,.07157145909,,.28576742342428,.086592239631597,.66723031
11/2003,CALICHERAB,18.28358088932827,.026663110826,,.3118845562462,.0821847057927379,.66723031
12/2003,CALICHERAB,18.25053306963589,.038826097662,,.3145099583462,.0785621020605303,.66723031
01/2004,CALICHERAB,18.18683974006342,0,,.316339946854,.0785621020605303,.66723031
02/2004,CALICHERAB,18.34356936407394,,,.083006613524,.0757911940530931,.66723031
03/2004,CALICHERAB,18.26076509314698,0,,.137060667578,.0736487787490289,.66723031
04/2004,CALICHERAB,18.20314742153269,0,,.065489208488,.0740302701116968,.66723031
05/2004,CALICHERAB,18.15340419537104,.026822134383,,.065648232045,.0733369267178599,.66723031
06/2004,CALICHERAB,18.290847606117,0,,.026822134383,.0740529015454749,.66723031
07/2004,CALICHERAB,18.25974658920017,0,,.026822134383,.0739737109994968,.33123457
08/2004,CALICHERAB,18.40091794702334,.125,,.151822134383,.0464693325438343,.33123457
09/2004,CALICHERAB,18.40091794702334,0,,.151822134383,.0401230940749239,.33123457
10/2004,CALICHERAB,18.51592455200868,-.032222222223,,.11959991216,.0406038468417649,.33123457
11/2004,CALICHERAB,18.64295788932532,.32032146958,,.413099247357,.1003293187236916,.33123457
12/2004,CALICHERAB,18.67463874031495,-.040869565217,,.37222968214,.1035288782193871,.33123457
01/2005,CALICHERAB,18.60480114510524,-.0027198549415,,.3695098271985,.1036273854209184,.33123457
02/2005,CALICHERAB,18.8007164109737,0,,.2445098271985,.0993507755819485,.33123457
03/2005,CALICHERAB,18.89368020122072,.20095774939,,.4454675765885,.1096775004470866,.33123457
04/2005,CALICHERAB,18.92038749099653,0,,.4776897988114999,.1096775004470866,.33123457
05/2005,CALICHERAB,18.91244993052908,.023395056609,,.1807633858405,.1097471382544349,.33123457
06/2005,CALICHERAB,19.14013584457133,.024000000001,,.2456329510585,.1089792838414605,.33123457
07/2005,CALICHERAB,19.40010892621019,.1796875,,.428040306,.1135119510089043,.032707941
08/2005,CALICHERAB,19.29467109657556,.24503311258,,.67307341858,.1239482124274629,.032707941
09/2005,CALICHERAB,19.31549656159686,0,,.47211566919,.1239482124274629,.032707941
10/2005,CALICHERAB,19.20812575765754,.023936170213,,.496051839403,.1204832219759643,.032707941
11/2005,CALICHERAB,19.18491218829966,0,,.472656782794,.0955876572713014,.032707941
12/2005,CALICHERAB,19.0993703441906,-.07012987013,,.378526912663,.0985670414275831,.032707941
01/2006,CALICHERAB,19.2490184762895,0,,.198839412663,.0984327766704367,.032707941
02/2006,CALICHERAB,19.29241204775269,.0055865921786,,-.0406071077384,.0981761168154306,.032707941
03/2006,CALICHERAB,19.2285551485954,.027777777777,,-.0128293299614,.0864278178526574,.032707941
04/2006,CALICHERAB,19.18254851584105,0,,-.0367655001744,.0864278178526574,.032707941
05/2006,CALICHERAB,19.10813309792514,0,,-.0367655001744,.0870555431933644,.032707941
06/2006,CALICHERAB,19.12601035104876,-.11864771607,,-.0852833461144,.0979490015176372,.032707941
07/2006,CALICHERAB,19.19807973058199,0,,-.0852833461144,.0849266415962976,-.44745532
08/2006,CALICHERAB,19.25594256698644,.1875,,.096630061707,.0708814226165858,-.44745532
09/2006,CALICHERAB,19.26534811473339,0,,.06885228393,.0708814226165858,-.44745532
10/2006,CALICHERAB,19.38119798462963,.10526315789,,.17411544182,.0765522950786806,-.44745532
11/2006,CALICHERAB,19.42610172092879,-.0033812827132,,.1707341591068,.0766044599820516,-.44745532
12/2006,CALICHERAB,19.39423561186435,-.033816425121,,.2555654500558,.0737658017946761,-.44745532
01/2007,CALICHERAB,19.49475498673072,,,.2555654500558,.0772241296683384,-.44745532
02/2007,CALICHERAB,19.41657692683422,0,,.0680654500558,.0773140205753362,-.44745532
03/2007,CALICHERAB,19.55192821048655,-.0050000000001,,.0630654500557,.0774027263004684,-.44745532
04/2007,CALICHERAB,19.6006043877435,-.005025125628,,-.0472228334623,.0774953576034441,-.44745532
05/2007,CALICHERAB,19.63435593678244,.020799947457,,-.0230416032921,.0774394783321155,-.44745532
06/2007,CALICHERAB,19.69820829231599,0,,.0107748218289,.0643627414297689,-.44745532
07/2007,CALICHERAB,19.94846709806818,-.07355677886,,-.0627819570311,.0706444448953375,-.32865885
08/2007,CALICHERAB,19.93834593088045,-.025641025642,8.3378090e-06,-.0884229826731,.043299644718991,-.32865885
09/2007,CALICHERAB,19.95471142359907,.032105263159,0,-.051317719514,.0445022126841078,-.32865885
10/2007,CALICHERAB,19.97332982342427,.096379398265,0,.050086804379,.0424557722352303,-.32865885
11/2007,CALICHERAB,19.8807638611248,0,4.9834256e-07,.029286856922,.0424390065972471,-.32865885
12/2007,CALICHERAB,19.83107852563528,.00046511627988,0,.02975197320188,.0408920447876035,-.32865885
01/2008,CALICHERAB,19.72355053985734,-.00046490004661,0,.10284385201527,.0390074283436721,-.32865885
02/2008,CALICHERAB,19.79648919151502,0,0,.12848487765727,.0390074283436721,-.32865885
03/2008,CALICHERAB,19.98795746944403,0,0,.09637961449827,.0389369021974037,-.32865885
04/2008,CALICHERAB,20.29993610541802,.07441860465,1.3179140e-06,.07441882088327,.0437629908144789,-.32865885
05/2008,CALICHERAB,20.52422474645874,.23369925515,8.8893536e-08,.30811807603327,.0780762218218433,-.32865885
06/2008,CALICHERAB,20.93418190604196,1.7847197429,0,2.09237270265339,.5122572004604906,-.32865885
07/2008,CALICHERAB,20.76196158348267,-.29487179487,0,1.79796580783,.5258944983574929,-.30968231
08/2008,CALICHERAB,20.78752618352203,-.018181818182,0,1.779783989648,.525661544079583,-.30968231
09/2008,CALICHERAB,20.47902465642264,-.092592592592,0,1.687191397056,.5296162416975599,-.30968231
10/2008,CALICHERAB,20.35857869989828,-.18367346939,0,1.429099323016,.5382283379757371,-.30968231
11/2008,CALICHERAB,20.41290963429734,0,0,1.195400067866,.5382283379757371,-.30968231
12/2008,CALICHERAB,20.54880376449084,.4375,0,-.151819675034,.5437714770516424,-.30968231
12/2002,CAMPOS,16.18186590830683,-.076923076923,0,,,
01/2003,CAMPOS,16.2359331295771,.055555555557,0,.055555555557,,
02/2003,CAMPOS,16.12470749446688,-.10526315789,0,-.049707602333,.1137160028200699,
03/2003,CAMPOS,16.18186590830683,.058823529411,0,.009115927078,.0938063423560075,
04/2003,CAMPOS,16.56106306057019,.46111106873,0,.470226995808,.2415036373661601,
05/2003,CAMPOS,16.51036997527886,-.04942963022,0,.420797365588,.2220808305811407,
06/2003,CAMPOS,16.33601658813409,-.16,0,.2607973655879999,.2222421148990401,
07/2003,CAMPOS,16.42698836633981,.095238095239,0,.3004799052699999,.2038198594751747,1.9317907
08/2003,CAMPOS,16.46954798075861,.04347826087,0,.4492213240299999,.1887185803739853,1.9317907
09/2003,CAMPOS,16.44423015646371,-.025000015895,0,.3653977787239999,.1782886770143078,1.9317907
10/2003,CAMPOS,16.51076990441605,.068803446009,0,-.026909843997,.1683119541027949,1.9317907
11/2003,CAMPOS,16.3600120936903,-.13994403026,0,-.117424244037,.169065290751961,1.9317907
12/2003,CAMPOS,16.44849457156078,.092515109251,0,.135090865214,.1622836987067201,1.9317907
01/2004,CAMPOS,16.49016726796134,.042553191488,,.082405961463,.1621627037155774,1.9317907
02/2004,CAMPOS,16.42698836633981,-.061224489796,,-.022296789203,.1592483362808766,1.9317907
03/2004,CAMPOS,16.33601658813409,-.086956521739,0,-.084253295047,.1628338386847754,1.9317907
04/2004,CAMPOS,16.22268790282708,-.10714285714,0,-.260199598196,.0905725002257691,1.9317907
05/2004,CAMPOS,16.20926488249494,-.013333333332,0,-.133588901268,.0902473022812005,1.9317907
06/2004,CAMPOS,16.35954708554428,.16216216216,.00022666357,-.063941848359,.0929886028233816,1.9317907
07/2004,CAMPOS,16.33601658813409,-.023255813953,0,-.1297508538,.0888416745732509,1.5941391
08/2004,CAMPOS,16.42698836633981,.095238095239,0,.026711731235,.0925332278208268,1.5941391
09/2004,CAMPOS,16.58733101641499,.17391304348,.0042219926,.287581296454,.1046046936578703,1.5941391
10/2004,CAMPOS,16.91583508338703,.38888888889,0,.783613042484,.1499937176103899,1.5941391
11/2004,CAMPOS,16.80005005039332,-.10933333333,0,.6876130424860001,.1468147529240041,1.5941391
12/2004,CAMPOS,16.72548135489581,-.071856287425,0,.4535945929010001,.1497363419229752,1.5941391
01/2005,CAMPOS,16.78800171187714,.064516129032,0,.541366535886,.1500047673330825,1.5941391
02/2005,CAMPOS,16.95505581191269,.0028988220165,.00020774228,.4490272626635,.1474122298962317,1.5941391
03/2005,CAMPOS,16.85974561725561,-.090909090909,.00060499524,.1842051282745,.1477249112789729,1.5941391
04/2005,CAMPOS,16.8925354400786,.033333333335,0,-.1713504272805,.1404507050997351,1.5941391
05/2005,CAMPOS,16.82584406557993,-.064516129032,0,-.1265332229825,.143330367956547,1.5941391
06/2005,CAMPOS,16.8925354400786,.068965517241,0,.0142885816835,.1389671441860959,1.5941391
07/2005,CAMPOS,17.3150585310853,.5258064516099999,0,.4755789042615,.1955001783002178,1.25725
08/2005,CAMPOS,17.33494406337845,.020084566597,0,.4927646488419999,.196335469064031,1.25725
09/2005,CAMPOS,17.3705712410216,.036269430053,0,.6199431698039999,.1942631685818282,1.25725
10/2005,CAMPOS,17.3605209051681,-.01,0,.5766098364689999,.1662930068739839,1.25725
11/2005,CAMPOS,17.42884014914558,.070707070707,0,.7118330362079999,.160218882670452,1.25725
12/2005,CAMPOS,17.83807174004564,.50566037736,0,1.148527896327,.2019832488586145,1.25725
01/2006,CAMPOS,18.11355565642818,.3171679198,0,.9398893645169999,.2112557041569001,1.25725
02/2006,CAMPOS,18.0280912439384,-.081914185139,-.011873443,.837890612781,.2168009444596363,1.25725
03/2006,CAMPOS,18.19912305858775,.18652849741,0,.988149680138,.2079366810334974,1.25725
04/2006,CAMPOS,18.36011243463535,.17467248908,0,1.172822169218,.2057067314791935,1.25725
05/2006,CAMPOS,18.45190172245984,.11147603089,0,1.213591129401,.1953637488727293,1.25725
06/2006,CAMPOS,18.44215485726264,-.0096995184149,0,.6982312336261,.1999779580246213,1.25725
07/2006,CAMPOS,18.31057849951307,-.12328767123,0,.2577756425961,.1766627322283165,.24047138
08/2006,CAMPOS,18.02549720876135,-.248046875,0,.0916429527351,.2027003000201472,.24047138
09/2006,CAMPOS,17.90108183809794,-.11698701298,0,-.2118725576549,.2102201351479797,.24047138
10/2006,CAMPOS,17.90823351873448,.0071773149775,0,-.3793677317574,.2097232137341249,.24047138
11/2006,CAMPOS,17.9692978459564,.062967289721,0,-.4278764729264,.2097197296695623,.24047138
12/2006,CAMPOS,17.92445635424804,-.043850972635,0,-.4620279271464999,.1586399006877813,.24047138
01/2007,CAMPOS,17.94155078760734,.01724137931,0,-.3214988766065,.1282205205375188,.24047138
02/2007,CAMPOS,17.73521435460951,-.18644067797,0,-.2598926795765,.137137987386463,.24047138
03/2007,CAMPOS,17.78928157587979,.055555555557,0,-.0873501110395,.1243406086653092,.24047138
04/2007,CAMPOS,17.73507545606752,-.052763157895,0,-.147290583912,.1073172997090422,.24047138
05/2007,CAMPOS,17.72122811263477,.0086950605037,0,-.2015628131293,.0974370006965825,.24047138
06/2007,CAMPOS,17.74900767674185,.028169014084,0,-.1295428264103,.0995381277853169,.24047138
07/2007,CAMPOS,17.84057487026734,.095890410959,0,-.0508937947613,.104702169226282,.20816864
08/2007,CAMPOS,17.73535323386138,-.099875,0,.0356718832087,.0833407725649953,.20816864
09/2007,CAMPOS,17.69627138066091,-.038328009999,0,-.0582116823473,.0778165075885219,.20816864
10/2007,CAMPOS,17.74213479745409,.046931407942,0,.0414828834897,.0795403201199329,.20816864
11/2007,CAMPOS,17.98089591281948,-.037669227469,0,-.004881404483,.076532059099136,.20816864
12/2007,CAMPOS,17.97063356472835,-.010209869541,0,-.043260288108,.0760820382304879,.20816864
01/2008,CAMPOS,17.75035124570145,-.19770773639,0,-.3368584354570001,.0916631280673321,.20816864
02/2008,CAMPOS,17.8085266142637,.035714285716,0,-.201269149741,.0793054593825317,.20816864
03/2008,CAMPOS,17.63990390182791,-.15517241379,0,-.318113553532,.0856305244933488,.20816864
04/2008,CAMPOS,17.56579592968594,-.071428571428,0,-.436473532902,.0862221231875344,.20816864
05/2008,CAMPOS,17.46189954312099,-.085668266149,0,-.4844725715820001,.0863850291184869,.20816864
06/2008,CAMPOS,17.24761688609706,-.19287978542,0,-.6671424874610001,.0936117829344802,.20816864
07/2008,CAMPOS,17.27444412833344,.027190332328,0,-.442244418743,.0849661637003912,.40638694
08/2008,CAMPOS,17.11537943370375,-.14705882353,0,-.625017527989,.0877758781503149,.40638694
09/2008,CAMPOS,16.94471381961847,-.15689655172,0,-.6267416659189999,.0906531860574242,.40638694
10/2008,CAMPOS,16.7926060414407,-.14110429447,0,-.6964173889609999,.0828735775998177,.40638694
11/2008,CAMPOS,16.74381587727127,-.047619047619,0,-.658368170431,.0823021068843965,.40638694
12/2008,CAMPOS,16.5812969477735,-.15,0,-.615488385011,.0790000079899599,.40638694
12/2002,CAP,17.93086169434302,.090425531915,.0024702286,,,
01/2003,CAP,18.04593102412781,.12195121951,-.000828341,.12195121951,,
02/2003,CAP,18.0884906385466,.043478260868,.0056328177,.165429480378,.0554887611955297,
03/2003,CAP,18.0283867144769,-.058333333333,-.0012614813,.107096147045,.090393699951544,
04/2003,CAP,18.73362859992019,1.0243362831,-.0029446741,1.131432430145,.499798366598968,
05/2003,CAP,18.87124997779624,.15271171903,-.012101237,1.284144149175,.4367338112964135,
06/2003,CAP,19.02947398301113,.17142857143,-.00091073749,1.455572720605,.3921793869725942,
07/2003,CAP,18.99632910413794,-.032601606168,-.0022407977,1.301019894927,.3728131165463809,1.6708019
08/2003,CAP,18.97946356243647,-.016724114636,.0022144208,1.240817519423,.3538138967373949,1.6708019
09/2003,CAP,18.90955452046547,-.067521367521,.00059965294,1.231629485235,.3407544138801238,1.6708019
10/2003,CAP,19.13727055346684,.25834083128,.0086637028,.465634033415,.3231302169582217,1.6708019
11/2003,CAP,19.15893205024802,.021897810218,-.0020167469,.334820124603,.3093514231010712,1.6708019
12/2003,CAP,19.1517635607694,-.0071428571418,-.0010991507,.1562486960312,.2983002667863031,1.6708019
01/2004,CAP,19.15893205024802,.018264827424,,.2071151296232,.3001867797895225,1.6708019
02/2004,CAP,19.37634492685324,.24285714286,,.4666963871192,.3007407000961865,1.6708019
03/2004,CAP,19.7222145768663,.41321839081,-.0012626322,.9474361454502001,.3029422951673353,1.6708019
04/2004,CAP,19.62482007916126,-.092801952013,-.0024164105,.5962933621572001,.1568385176340116,1.6708019
05/2004,CAP,19.66849974027611,.04464766003,-.0015325921,.6190432119692,.155915754802279,1.6708019
06/2004,CAP,19.7327324731754,.066340542398,.001691818,.692526611509,.1532100675725867,1.6708019
07/2004,CAP,19.77411768933825,.049613161647,.00080211787,.7238749457320001,.1499732069410805,.30115807
08/2004,CAP,19.92107210229491,.1583011583,.0039055429,.639318961172,.148471157996098,.30115807
09/2004,CAP,20.37008615008789,.56676666667,.0084376512,.792867237032,.1927544423883235,.30115807
10/2004,CAP,20.33538682568006,-.021560647904,.003321494,.8641085411409999,.1947209535867812,.30115807
11/2004,CAP,20.44580063122989,.1167400881,-.001184284,.9362009692109999,.1922104085817894,.30115807
12/2004,CAP,20.47111843921418,.025641025641,.0029801314,.8955014524539999,.1903136897471224,.30115807
01/2005,CAP,20.43345651052008,-.024588453302,-.00088890386,.821299837505,.1930313906259745,.30115807
02/2005,CAP,20.57165966843606,.14820879428,-.0011567292,.811207473485,.1898532283331024,.30115807
03/2005,CAP,20.91301437629962,.40685217391,-.0016606633,.651292980725,.188968893037925,.30115807
04/2005,CAP,20.9143238753052,.0087381996218,.00062649167,.6815918282508,.1806469636617083,.30115807
05/2005,CAP,20.6904084212124,-.20061728395,-.0067630899,.3642344562008,.2034680913211951,.30115807
06/2005,CAP,20.72717587507455,.037451737453,-.0024793688,.3760451680128,.2041802371690487,.30115807
07/2005,CAP,20.7895441978409,.08421783126,-.0026501841,.4848514525748001,.2035554589760178,-.9090392
08/2005,CAP,20.73942654244971,-.048882486223,.000428617,.2877601720718,.207723247548176,-.9090392
09/2005,CAP,20.87015265699206,.13965560343,-.0020468375,.0205636015918,.1464569048138747,-.9090392
10/2005,CAP,20.75396673228526,-.095014888338,-.00057370414,-.083189486368,.1514428587553951,-.9090392
11/2005,CAP,20.71785831761193,-.03546428209,.00058629713,.081963515492,.1517064137449739,-.9090392
12/2005,CAP,20.7305197384716,.012741916094,.0016095821,.057253694133,.1518412699165643,-.9090392
01/2006,CAP,20.80620234989293,.09246836863,.00067252771,.065504231503,.1513466824940817,-.9090392
02/2006,CAP,20.84802578233309,.042710353649,-.00077094988,.157097071375,.1478856376099464,-.9090392
03/2006,CAP,20.81037525679635,-.036950556699,-.0019778905,-.019509088754,.0918990734629609,-.9090392
04/2006,CAP,20.8067386646569,.005302053416,.0013166844,.080807853,.0918750200295037,-.9090392
05/2006,CAP,20.82407493983128,.017487420606,-.0034212542,.133759555696,.0667642823314083,-.9090392
06/2006,CAP,20.7923515211128,-.031225510065,-.0019527245,.089792129537,.0678773809471871,-.9090392
07/2006,CAP,20.75383628710543,-.027774901369,.0006978141,-.030451140462,.0647084432593989,-1.1131675
08/2006,CAP,20.77727306928054,.023713581679,-.008451649,-.049447912432,.0627900857575468,-1.1131675
09/2006,CAP,20.73939713157207,-.037167615326,.0023539073,-.049664971059,.0484423073256018,-1.1131675
10/2006,CAP,20.7332459892361,.0042051431228,.000070860711,-.0507618813522,.0394583865153457,-1.1131675
11/2006,CAP,20.74889585276876,.015772964016,.000040321687,-.0524763379422,.0377098105517652,-1.1131675
12/2006,CAP,20.91339752047814,.17880553532,-.0018430878,.1575547074428,.0624525999235957,-1.1131675
01/2007,CAP,20.89563174229304,-.0088151148775,-.00066953001,.1765144939343,.0585828107537877,-1.1131675
02/2007,CAP,20.92708165379779,.031949685534,.00077657052,.1847505977893,.0581536508542128,-1.1131675
03/2007,CAP,20.97739140769454,.051596782057,-.00075867801,.2735149951723,.0570860868339369,-1.1131675
04/2007,CAP,21.09458569913614,.13414595192,.00095902849,.4034558039695,.0657983915087932,-1.1131675
05/2007,CAP,21.05244195522537,-.041268041236,-.00093434437,.3464147987175,.068878715289078,-1.1131675
06/2007,CAP,21.31970667550602,.30638622751,.0061991885,.4739954909075,.1040308316863207,-1.1131675
07/2007,CAP,21.35615662758423,.044201730672,-.00097384973,.5270123364570001,.1010045178405201,-1.1322136
08/2007,CAP,21.32577923643507,-.029920634921,.001390603,.465142016002,.1038368834186929,-1.1322136
09/2007,CAP,21.4944682433688,.18375194306,-.00035977035,.597297177005,.1057399501962294,-1.1322136
10/2007,CAP,21.58726834854257,.10320281961,.0017691558,.5663540446949999,.1037648877422329,-1.1322136
11/2007,CAP,21.53077664582504,-.054925673973,-.0050691906,.552696411958,.1096347499078686,-1.1322136
12/2007,CAP,21.43605280438789,-.09037589976,-.000444114,.155934284688,.1139030954320547,-1.1322136
01/2008,CAP,21.3395916107009,-.085853948847,-.002730292,.025878605169,.1196965310472395,-1.1322136
02/2008,CAP,21.48697601269037,.15879932219,.0048564211,.21459856228,.1238644391988606,-1.1322136
03/2008,CAP,21.51159898982452,.024928626139,.001033101,.055775245359,.1242020248835699,-1.1322136
04/2008,CAP,21.56233162704333,.061474549408,.0014694665,.014046975157,.1217080748781343,-1.1322136
05/2008,CAP,21.6014654036477,.039909589927,-.003407584,.108882239057,.1184864346795727,-1.1322136
06/2008,CAP,22.00868847217271,.50263925976,-.0014940972,.7018973985770001,.1619073861250327,-1.1322136
07/2008,CAP,21.87329561340809,-.12207085751,-.0030162241,.665680489914,.1712971777954401,-1.5377939
08/2008,CAP,21.75141105349187,-.11474944399,-.0033520933,.392131723734,.1768974638798187,-1.5377939
09/2008,CAP,21.45016726204454,-.26010262989,-.0051928456,.107100467705,.1922532743939875,-1.5377939
10/2008,CAP,20.90867833959165,-.41119227112,-.0064495765,-.3655663528229999,.225008353502836,-1.5377939
11/2008,CAP,20.90399915340414,-.0046682558605,-.0054532173,-.4101441986104999,.224955599445638,-1.5377939
12/2008,CAP,20.72013964177641,-.16794731065,-.0074354503,-1.0807307690205,.2280943595242555,-1.5377939
12/2002,CCU,20.33291385258066,.051980198019,,,,
01/2003,CCU,20.45461078755818,.14109350369,,.14109350369,,
02/2003,CCU,20.50538311293161,.052083333332,,.193176837022,.0629396950547116,
03/2003,CCU,20.42496735649292,-.0093007918231,,.1838760451989,.0756188527761638,
04/2003,CCU,20.43355737836035,.0086270219745,,.1925030671734,.0671233265797263,
05/2003,CCU,20.42929297957389,.013891298797,,.2063943659704,.0601128562634073,
06/2003,CCU,20.39887778484291,-.02995730669,,.1764370592804,.0611278164553221,
07/2003,CCU,20.54616395561385,.15868549751,,.1940290531004,.0741716485806474,-.44554687
08/2003,CCU,20.40769386777043,-.041305550372,,.1006401693964,.0755622453832505,-.44554687
09/2003,CCU,20.46703330755674,.061135371179,,.1710763323985,.0711487325141401,-.44554687
10/2003,CCU,20.56118303215596,.15345061082,,.315899921244,.0761547316368637,-.44554687
11/2003,CCU,20.53465349523172,-.026180720214,,.275827902233,.0758873055428806,-.44554687
12/2003,CCU,20.54802523219761,.013461538461,,.319246747384,.0728851452206601,-.44554687
01/2004,CCU,20.53465349523172,-.00042267327353,,.16013857660047,.0664350679051367,-.44554687
02/2004,CCU,20.64385278719671,.11538461538,,.31682874235247,.0707622597041684,-.44554687
03/2004,CCU,20.60876146738544,-.034482758621,,.22121061255247,.0725397055670127,-.44554687
04/2004,CCU,20.54992096736251,-.038355480767,,.02940452096547,.0751765432662412,-.44554687
05/2004,CCU,20.51523540937462,-.034090909091,,.02149433208847,.0772866065260447,-.44554687
06/2004,CCU,20.56868324381803,.054901960784,,.06293475441147,.0756889674103988,-.44554687
07/2004,CCU,20.56309143055225,-.0055762081784,,.0577812195066,.0647242377953672,-1.1021218
08/2004,CCU,20.66094722055601,.10280373831,,.0452003424366,.0660435725780488,-1.1021218
09/2004,CCU,20.62999863946282,-.030474576271,,.0492085247866,.0674190874128941,-1.1021218
10/2004,CCU,20.60159297790683,-.028006013776,,.0595579917776,.054497924981785,-1.1021218
11/2004,CCU,20.67106535072159,.071942446044,,.1655913469126,.0563296471656844,-1.1021218
12/2004,CCU,20.62365007987477,-.046308724832,,.0643806612966,.0591089840707275,-1.1021218
01/2005,CCU,20.60697415681134,-.0070066073804,,.0629502620946,.0592510832836685,-1.1021218
02/2005,CCU,20.63693234435214,.030411449015,,-.0094420272004,.0498515667664147,-1.1021218
03/2005,CCU,20.62646104448484,-.010416666667,,.0106158824036,.048677715845984,-1.1021218
04/2005,CCU,20.59219645051303,-.012195430542,,.0264264656376,.0471211609537606,-1.1021218
05/2005,CCU,20.57977393051219,-.012345679012,,-.0578616594184,.0457896750231653,-1.1021218
06/2005,CCU,20.60432306078966,.024852941177,,.0133000065906,.0438295919099295,-1.1021218
07/2005,CCU,20.73214782266863,.13635385277,,.156660466741,.0573477652412198,-1.0973691
08/2005,CCU,20.6265663021012,-.10019888246,,.026050135266,.0600331138239202,-1.0973691
09/2005,CCU,20.58713646629186,-.038662596919,,-.002195794986,.0604730567548993,-1.0973691
10/2005,CCU,20.53849227153889,-.047480018979,,-.037480383423,.061564923345464,-1.0973691
11/2005,CCU,20.56122052261644,.022988505747,,-.002146198664,.0578049206339304,-1.0973691
12/2005,CCU,20.53465349523172,-.026217228464,,-.053216368305,.0567815948697469,-1.0973691
01/2006,CCU,20.55370169020241,.031128404669,,-.158441816406,.0576178962093854,-1.0973691
02/2006,CCU,20.60478930306071,.05241509434,,-.005827839606,.059012104675152,-1.0973691
03/2006,CCU,20.54422294624787,-.058768690165,,-.025933932852,.0615113469087545,-1.0973691
04/2006,CCU,20.51169975453984,-.0059403034493,,.0156057826777,.0614467454191457,-1.0973691
05/2006,CCU,20.48981704329028,-.021645021645,,-.0290277447143,.0616498243046511,-1.0973691
06/2006,CCU,20.446452599862,-.042437650845,,-.0452481670953,.061985365254701,-1.0973691
07/2006,CCU,20.47523007476092,.029195547155,,-.0471810246093,.0445263864948423,-.95385623
08/2006,CCU,20.56682277816511,.095918367348,,-.0036777516013,.0471795155464986,-.95385623
09/2006,CCU,20.61587893515431,.050279329609,,.1053702681727,.0476730088992168,-.95385623
10/2006,CCU,20.64039855232862,.024822695035,,.136133266657,.0446896404124375,-.95385623
11/2006,CCU,20.70407164718977,.065743944637,,.223522232939,.0472218983459458,-.95385623
12/2006,CCU,20.7205903039881,.02801948052,,.2939793643040001,.0453506281350671,-.95385623
01/2007,CCU,20.76086924556364,.041101140103,,.305884957252,.045648947656461,-.95385623
02/2007,CCU,20.72256835466219,-.037576687117,,.172389902787,.0474744752895264,-.95385623
03/2007,CCU,20.795241034302,.075378486055,,.197489059233,.0444650791212315,-.95385623
04/2007,CCU,20.88747486985446,.12038233872,,.293048702918,.0509001520300355,-.95385623
05/2007,CCU,20.88744784245134,-.0000270270275,,.2272777312535,.0490317957627887,-.95385623
06/2007,CCU,20.92568155557871,.038974026325,.0031256422,.2382322770585,.0420975658058441,-.95385623
07/2007,CCU,20.93014596458332,.0044743893231,-.0002891999,.2016055262786,.0434885380872795,-1.0493561
08/2007,CCU,20.92417161044828,-.0059565431329,.00065236149,.2332256702627,.0419857256629091,-1.0493561
09/2007,CCU,20.91148168373221,-.012609749107,-.00072616298,.1452374351007,.0436345215073995,-1.0493561
10/2007,CCU,20.97867341437352,.069500514526,-.0045552147,.0943556109067,.0451658094391654,-1.0493561
11/2007,CCU,20.86035363489543,-.11158808871,-.0052815378,-.0172054507758,.0598470783541737,-1.0493561
12/2007,CCU,20.82738051280802,-.032435434602,-.0043471162,-.0886149117028,.0614058412304957,-1.0493561
01/2008,CCU,20.7389435071163,-.071413911499,.0068500135,-.1645032125249,.0651144621147806,-1.0493561
02/2008,CCU,20.71202693281327,-.026557551814,.0060766893,-.185104221206,.0645641776585787,-1.0493561
03/2008,CCU,20.70750729701849,-.0045094376073,.0037839627,-.1770039097063,.060528853137943,-1.0493561
04/2008,CCU,20.77442722610985,.10155915683,-.0030140576,-.1449452674023,.0572032531191181,-1.0493561
05/2008,CCU,20.82064182640497,.047299137539,-.0045934059,.0139419588467,.0591177023967514,-1.0493561
06/2008,CCU,20.7079601809254,-.10656495608,-.0038738332,-.0601875626313,.064973247226955,-1.0493561
07/2008,CCU,20.75567171261951,.048868046571,-.0028717199,.0600943954387,.0672455237871119,-1.0159258
08/2008,CCU,20.85893635772903,.10878480466,.011730551,.1954367519127,.0753414983682671,-1.0159258
09/2008,CCU,20.85907539536699,.00013904724801,.0051811556,.20008523676801,.0752240712377383,-1.0159258
10/2008,CCU,20.8600481174916,.00097319541783,-.0091608185,.09949927535584,.0721665872960104,-1.0159258
11/2008,CCU,20.88612260457046,.026417400484,-.00091671385,.07861753830084,.0639547639763197,-1.0159258
12/2008,CCU,20.87395140623497,-.012097428957,.0011726519,.17308506542384,.0630572648029824,-1.0159258
12/2002,CEM,16.70299221971968,0,0,,,
01/2003,CEM,16.70299221971968,0,0,0,,
02/2003,CEM,16.66427770753899,-.037974683544,0,-.037974683544,.0268521562473756,
03/2003,CEM,16.66427770753899,0,0,-.037974683544,.0219246937665193,
04/2003,CEM,16.60153448615195,-.013157894738,0,-.051132578282,.0179031807580107,
05/2003,CEM,16.62400380840105,.022723658807,0,-.028408919475,.0221932315843861,
06/2003,CEM,16.55305207242876,-.068493150685,0,-.09690207016,.0324280165216932,
07/2003,CEM,16.55305207242876,0,0,-.09690207016,.0302254114196563,.12204494
08/2003,CEM,16.2455673726808,-.26470588235,0,-.323633268966,.0930031093031849,.12204494
09/2003,CEM,16.2455673726808,0,0,-.323633268966,.0882915368363524,.12204494
10/2003,CEM,16.24576731910692,.00019996643096,0,-.31027540779704,.084215697957113,.12204494
11/2003,CEM,16.28478808583408,.097763240819,0,-.23523582578504,.0895158194351643,.12204494
12/2003,CEM,16.28478808583408,0,0,-.16674267510004,.0856299646091648,.12204494
01/2004,CEM,16.55305207242876,.30769230769,,.14094963258996,.1282620373354463,.12204494
02/2004,CEM,16.55305207242876,0,,.40565551493996,.1276079296323789,.12204494
03/2004,CEM,16.55305207242876,0,0,.40565551493996,.1276079296323789,.12204494
04/2004,CEM,16.50402787349073,0,0,.405455548509,.1274769817721602,.12204494
05/2004,CEM,16.55305207242876,.050245765231,0,.357938072921,.1280137587649194,.12204494
06/2004,CEM,16.55305207242876,0,0,.357938072921,.1256907394610615,.12204494
07/2004,CEM,16.55305207242876,0,0,.050245765231,.1256907394610615,.55656374
08/2004,CEM,16.65103248078897,.10294117647,0,.153186941701,.0911184855899372,.55656374
09/2004,CEM,16.65103248078897,0,0,.153186941701,.0911184855899372,.55656374
10/2004,CEM,16.94866488409392,.38904065848,0,.542227600181,.1327555574234809,.55656374
11/2004,CEM,16.98750471741018,.039603960397,0,.531585795347,.1330684924662852,.55656374
12/2004,CEM,16.93871455324075,-.023550665138,0,.508035130209,.134427863282875,.55656374
01/2005,CEM,17.07847649561591,.15,0,.6580351302090001,.1157159971488544,.55656374
02/2005,CEM,17.07847649561591,0,0,.5550939537389999,.1157159971488544,.55656374
03/2005,CEM,17.07847649561591,0,0,.5550939537389999,.1157159971488544,.55656374
04/2005,CEM,17.25565079927815,-.077219252226,0,.088834043033,.1213085887118284,.55656374
05/2005,CEM,17.3737116884076,.12531262856,0,.174542711196,.1230990877360977,.55656374
06/2005,CEM,17.35646988200159,-.017094017093,.0066666668,.180999359241,.1239379817458259,.55656374
07/2005,CEM,17.31201811943075,-.023662861912,0,.007336497329,.1251172351892064,-.052180581
08/2005,CEM,17.30288563586748,-.0090909090904,.02263451,-.0017544117614,.1254306048409435,-.052180581
09/2005,CEM,17.29366898076256,-.0091743119265,0,-.0109287236879,.1257647305177976,-.052180581
10/2005,CEM,17.32106795495067,.027777777777,0,.0940683063151,.0641673641692064,-.052180581
11/2005,CEM,17.3651279447447,.045045045044,0,.0138007227991,.0643740543642557,-.052180581
12/2005,CEM,17.35646988200159,-.0086206896558,0,.0222740502363,.0636872002748172,-.052180581
01/2006,CEM,17.34773620203283,-.0086956521727,0,.0372412599756,.0481191801803494,-.052180581
02/2006,CEM,17.28436658810024,-.061403508772,0,-.015071339706,.0516829559392943,-.052180581
03/2006,CEM,17.2266582704796,-.056074766355,0,-.0619717941345,.054026512910899,-.052180581
04/2006,CEM,17.19650523230891,-.029702970296,0,-.1194525422075,.0499237015789037,-.052180581
05/2006,CEM,17.01825700090259,-.14797847502,0,-.3124760622715,.0488320809080707,-.052180581
06/2006,CEM,17.07744587229292,.060975609755,0,-.2428797628607,.0548008400558459,-.052180581
07/2006,CEM,17.07744587229292,0,0,-.234184110688,.0550189123777535,-.14684342
08/2006,CEM,17.07744587229292,0,0,-.172780601916,.0551912002947669,-.14684342
09/2006,CEM,17.08887456811654,.011494252874,0,-.105211582687,.055731670621881,-.14684342
10/2006,CEM,17.14424476789272,.056931818182,0,-.018576794209,.0582918616736134,-.14684342
11/2006,CEM,17.16541464523888,.021395548865,0,.150797229676,.0565809184610552,-.14684342
12/2006,CEM,17.21670793962643,.052631578947,0,.142453198868,.0597335368454091,-.14684342
01/2007,CEM,17.23651056692261,.02,0,.162453198868,.060291048799195,-.14684342
02/2007,CEM,17.21670793962643,-.019607843138,0,.14284535573,.0579602475345375,-.14684342
03/2007,CEM,17.19650523230891,-.02,0,.111351102856,.0558247658083851,-.14684342
04/2007,CEM,17.17588594510617,0,0,.054419284674,.0550159207873371,-.14684342
05/2007,CEM,17.19650523230891,.020833333334,0,.053857069143,.0277118957460313,-.14684342
06/2007,CEM,17.19650523230891,0,0,.001225490196,.0243075007760035,-.14684342
07/2007,CEM,,,0,-.018774509804,.0251853328041424,.014181986
08/2007,CEM,17.1113474239686,-.081632653061,0,-.080799319727,.0381229773640652,.014181986
09/2007,CEM,17.14413724679159,.033333333333,0,-.027465986394,.0390165090981296,.014181986
10/2007,CEM,17.12601707434193,0,0,-.027465986394,.0354334663818323,.014181986
11/2007,CEM,,,0,-.048299319728,.036758204967349,.014181986
12/2007,CEM,,,0,-.048299319728,.0338143466014469,.014181986
01/2008,CEM,,,0,-.048299319728,.0347051542511761,.014181986
02/2008,CEM,17.10577637891915,-.020037227637,0,.013296105696,.0347253179312497,.014181986
03/2008,CEM,17.10577637891915,0,0,-.020037227637,.0344931670420588,.014181986
04/2008,CEM,,,0,-.020037227637,.0371666391113718,.014181986
05/2008,CEM,17.10577637891915,.061362695002,1.7666666e-07,.041325467365,.0445999330787141,.014181986
06/2008,CEM,,,0,.041325467365,.0488544086376827,.014181986
07/2008,CEM,17.10577637891915,0,5.0499998e-06,.041325467365,.0445999330787141,
08/2008,CEM,17.07744587229292,-.027932960894,7.4766667e-06,.033429734108,.0309470829486827,
09/2008,CEM,16.99356438831222,-.040396316321,0,-.006966582213,.0328501934454213,
10/2008,CEM,16.99356438831222,0,1.3333334e-08,-.006966582213,.0328501934454213,
11/2008,CEM,16.99356438831222,0,0,-.068329277215,.0304439362660415,
12/2008,CEM,,,0,-.068329277215,.0304439362660415,
12/2002,CEMENTOS,18.71305215674122,.05625,.001462942,,,
01/2003,CEMENTOS,18.67894654425471,-.033530571993,.0014657767,-.033530571993,,
02/2003,CEMENTOS,18.69914925157223,.020408163266,-.000094617761,-.013122408727,.0381404454702648,
03/2003,CEMENTOS,18.71895187886841,.02,.000056770659,.006877591273,.031024387978089,
04/2003,CEMENTOS,18.92229280288644,.22549019608,-.00045122454,.232367787353,.1144376449781482,
05/2003,CEMENTOS,19.08441165236287,.21557692308,-.00036810472,.447944710433,.1215824185048209,
06/2003,CEMENTOS,19.03576430026476,-.047483026414,.00026492972,.400461684019,.1222999659976379,
07/2003,CEMENTOS,19.06379236516014,.028424546646,.00018892139,.462416802658,.1125795977080594,.28366169
08/2003,CEMENTOS,19.19396740742605,.13902774387,.00057575287,.581036383262,.1077931561470092,.28366169
09/2003,CEMENTOS,19.34100313774462,.15839535212,.00042594268,.719431735382,.1049562463216153,.28366169
10/2003,CEMENTOS,19.33042102841408,-.01052631579,.0014898437,.483415223512,.1030731649131848,.28366169
11/2003,CEMENTOS,19.30891482319312,-.0042366120297,.00014372816,.2636016884023,.1004201476391252,.28366169
12/2003,CEMENTOS,19.36183722464746,.054347826088,.00066023518,.3654325409042999,.0957933536122156,.28366169
01/2004,CEMENTOS,19.32508768243872,-.036082474227,,.3009255200313,.0960316630678605,.28366169
02/2004,CEMENTOS,19.32508768243872,0,,.1618977761613,.0970417365677993,.28366169
03/2004,CEMENTOS,19.31972573929734,-.0053475935829,.00063023,-.0018451695416,.0983046003275313,.28366169
04/2004,CEMENTOS,19.34100313774462,.021505376344,0,.0301865225924,.0835828578593903,.28366169
05/2004,CEMENTOS,19.34100313774462,.021566401816,.000233475,.0559895364381,.0634675428005701,.28366169
06/2004,CEMENTOS,19.37219576042517,.031684210526,0,.0333259208761,.0590219709676088,.28366169
07/2004,CEMENTOS,19.4876066119365,.12233445566,.0006434992,.1917428507631,.0643153712391079,-.33753747
08/2004,CEMENTOS,19.65849947290683,.18636363636,.000064351436,.3781064871231,.0718776030866257,-.33753747
09/2004,CEMENTOS,19.71437993130128,.057471264368,.00013408851,.4409253450739999,.0627249264550809,-.33753747
10/2004,CEMENTOS,19.84464512613918,.13913043478,0,.55855040351,.0672219802913054,-.33753747
11/2004,CEMENTOS,19.78433851990819,-.042752910085,-.00037912204,.494231091609,.070821353868885,-.33753747
12/2004,CEMENTOS,19.76385998856465,-.02027027027,.00028564344,.442276610813,.0732419719915512,-.33753747
01/2005,CEMENTOS,19.74646824585279,-.01724137931,-7.1795957e-06,.302700775843,.0716560663605646,-.33753747
02/2005,CEMENTOS,19.79776154024033,.052631578947,0,.16896871843,.0705063042688205,-.33753747
03/2005,CEMENTOS,19.77073286785242,-.026666666668,0,.084830787394,.0721557806672994,-.33753747
04/2005,CEMENTOS,19.65466069659966,-.10958904109,.051560536,-.163888688476,.084677697519345,-.33753747
05/2005,CEMENTOS,19.65080712728367,.014254336867,.0042166938,-.106881441524,.0847928080599288,-.33753747
06/2005,CEMENTOS,19.69240102458251,.042471042472,0,-.044140128782,.0848430893753638,-.33753747
07/2005,CEMENTOS,19.74646824585279,.055555555555,0,.028656806083,.0805448019177844,-.65785497
08/2005,CEMENTOS,19.71147717164332,-.034385964912,.0021459272,-.058360737776,.0646271938571111,-.65785497
09/2005,CEMENTOS,19.72160017927477,.010174418605,.0016420837,-.021519652503,.0628341786519003,-.65785497
10/2005,CEMENTOS,19.65466069659966,-.064748201439,.00011421121,.023321187148,.0494992643630009,-.65785497
11/2005,CEMENTOS,19.6661330977619,.031179985064,6.9487287e-06,.040246835345,.0498843359326563,-.65785497
12/2005,CEMENTOS,19.58950660141988,-.073764258555,7.9365382e-06,-.075988465682,.053572923648115,-.65785497
01/2006,CEMENTOS,19.60336740221211,.013957307061,-.00064003997,-.117586714176,.0539458567887232,-.65785497
02/2006,CEMENTOS,19.61143196204884,.0080971659918,-.0015266425,-.0751035832722,.0508847551761666,-.65785497
03/2006,CEMENTOS,19.72876866875338,.12449799196,.00015824632,.0392199900828,.0637671656370035,-.65785497
04/2006,CEMENTOS,19.77045885771233,.04257142857,.0029527934,.1465396200918,.0540648192563748,-.65785497
05/2006,CEMENTOS,19.73588613652225,-.017142750181,.00037004251,.0982168848468,.0548141047928191,-.65785497
06/2006,CEMENTOS,19.74295330374534,.0070921985807,.0022936028,.1790733419825,.0539436568568269,-.65785497
07/2006,CEMENTOS,19.75360064445456,.010704225353,.0029854099,.1758202602745,.0519091911980838,-.39381811
08/2006,CEMENTOS,19.77073286785242,.017279821628,.0027977678,.1850029159107,.05048177886687,-.39381811
09/2006,CEMENTOS,19.76385998856465,.024846983388,.0026178085,.0853519073387,.0506859067466214,-.39381811
10/2006,CEMENTOS,19.74295330374534,-.020689655173,.00057111285,.0220908235957,.0461409885509067,-.39381811
11/2006,CEMENTOS,19.7562448600374,.030531478391,.00048428398,.0697650521677,.0461194792748447,-.39381811
12/2006,CEMENTOS,19.76379102066918,.0075747046558,.002969427,.0702475582428,.0371541000890484,-.39381811
01/2007,CEMENTOS,19.77073286785242,.0069659976543,0,.0665093305441,.0373251772804561,-.39381811
02/2007,CEMENTOS,19.83698225339362,.068493150684,-.00043353482,.1177226596001,.0395512821144655,-.39381811
03/2007,CEMENTOS,19.83698225339362,0,.00045416527,.0928756762121,.0246749811236398,-.39381811
04/2007,CEMENTOS,19.85288083946141,.016025641025,.0015487338,.1295909724101,.0231039252062797,-.39381811
05/2007,CEMENTOS,19.81756416753651,-.021097702892,.00029509008,.0779617911271,.0235904893400572,-.39381811
06/2007,CEMENTOS,19.89845116424826,.084248366015,.000019112787,.1546354524863,.0312952924121253,-.39381811
07/2007,CEMENTOS,19.84972127917105,-.047561637231,0,.100107817601,.0367074454085828,-.49695155
08/2007,CEMENTOS,19.79776154024033,-.050632911392,-.0025166357,-.019018244475,.0411079077632985,-.49695155
09/2007,CEMENTOS,19.78771120438683,-.010000000001,-.012987507,-.029018244476,.0410577798357045,-.49695155
10/2007,CEMENTOS,19.74997087640399,-.037037037036,-.015952574,-.082080922537,.042253077684984,-.49695155
11/2007,CEMENTOS,19.61623966361694,-.11140321447,-.018151753,-.172386434115,.0527103169449929,-.49695155
12/2007,CEMENTOS,19.4876066119365,-.12070343724,0,-.37733823737,.0615585849182333,-.49695155
01/2008,CEMENTOS,19.35157859885361,-.12718181818,.00016545998,-.456958418319,.0683120676798005,-.49695155
02/2008,CEMENTOS,19.4692574732683,.1248828247,-.00001288694,-.281442682227,.0770626258165732,-.49695155
03/2008,CEMENTOS,19.40224676298534,-.064814814816,.000030883239,-.336257497042,.0774187501303812,-.49695155
04/2008,CEMENTOS,19.66468718601499,.3000990099,-.050394643,.000878549894,.1229568529878778,-.49695155
05/2008,CEMENTOS,19.6661330977619,.014734590673,.00036611775,.127016355037,.1230122714483714,-.49695155
06/2008,CEMENTOS,19.51007946778855,-.14448669201,1.8923553e-06,.103233100267,.1258213837434694,-.49695155
07/2008,CEMENTOS,19.4646170937118,-.044444444445,0,.185970474002,.1257689160431502,-.12784679
08/2008,CEMENTOS,19.4876066119365,.023255813954,.00026848359,.084343463256,.1260791096614173,-.12784679
09/2008,CEMENTOS,19.39229643213217,-.090909090909,.00007868035,.058249187163,.1278551904989747,-.12784679
10/2008,CEMENTOS,19.28693591647435,-.099999999999,.00038624863,-.341849822736,.1297539533893206,-.12784679
11/2008,CEMENTOS,19.37160380890708,.10396721311,.000087801498,-.252617200299,.1321050881766492,-.12784679
12/2008,CEMENTOS,19.24147354239759,-.12201894805,.0026379924,-.230149456339,.1322053908403576,-.12784679
12/2002,CENCOSUD,,,,,,
01/2003,CENCOSUD,,,,0,,
02/2003,CENCOSUD,,,,0,,
03/2003,CENCOSUD,,,,0,,
04/2003,CENCOSUD,,,,0,,
05/2003,CENCOSUD,,,,0,,
06/2003,CENCOSUD,,,,0,,
07/2003,CENCOSUD,,,,0,,
08/2003,CENCOSUD,,,,0,,
09/2003,CENCOSUD,,,,0,,
10/2003,CENCOSUD,,,,0,,
11/2003,CENCOSUD,,,,0,,
12/2003,CENCOSUD,,,,0,,
01/2004,CENCOSUD,,,,0,,
02/2004,CENCOSUD,,,,0,,
03/2004,CENCOSUD,,,,0,,
04/2004,CENCOSUD,,,,0,,
05/2004,CENCOSUD,20.88357713746353,,,0,,
06/2004,CENCOSUD,20.90623964656057,.022921254611,.0059093349,.022921254611,,
07/2004,CENCOSUD,20.94374404201903,.038216560508,.0020646786,.061137815119,.0108154145200913,
08/2004,CENCOSUD,21.04235051203248,.10363190184,.0033218064,.164769716959,.0428705840100742,
09/2004,CENCOSUD,21.02609837501921,-.016120783582,.00091686135,.148648933377,.0498705450934285,
10/2004,CENCOSUD,21.05400052828906,.031715114286,.0017487312,.180364047663,.0432578047540985,
11/2004,CENCOSUD,21.09701791337275,.043956043955,.0020238538,.224320091618,.0388245760037984,
12/2004,CENCOSUD,21.1281289084002,.0316,.001558642,.232998837007,.035509248859782,
01/2005,CENCOSUD,21.08110245806685,-.045937838003,-.00095448608,.148844438496,.0439489948411963,
02/2005,CENCOSUD,21.06220850874251,-.01871657754,-.00071769877,.026495959116,.0437574977879988,
03/2005,CENCOSUD,21.2100194275053,-.013365484678,.063364148,.02925125802,.0426826350751093,
04/2005,CENCOSUD,21.2159923476352,.012341312566,.016487176,.0098774563,.0405256159609745,
05/2005,CENCOSUD,21.20110373513595,-.014778325123,.00097029511,-.048856912778,.0397334415342853,
06/2005,CENCOSUD,21.3046257943439,.078888888889,.0012844013,-.001568023889,.0438660583608475,
07/2005,CENCOSUD,21.40637526662417,.10710607621,.002909692,.151475890324,.0505650568180656,-.73701638
08/2005,CENCOSUD,21.41811998016631,.011813953488,.0014478976,.182006421352,.044126190809934,-.73701638
09/2005,CENCOSUD,21.47294660389617,.056357451504,.0018513243,.251729357534,.0440848409746681,-.73701638
10/2005,CENCOSUD,21.46893508720771,-.0040034812873,.0024394961,.2353845636807,.0446753663588759,-.73701638
11/2005,CENCOSUD,21.37529251307187,-.086953127472,.00080059399,.1632097613317,.0535185254547358,-.73701638
12/2005,CENCOSUD,21.34083158931849,-.033873908455,.0014782959,.0504469639877,.054394233073578,-.73701638
01/2006,CENCOSUD,21.48977548003682,.16060786651,.0001062483,.1039487542877,.0680861378286497,-.73701638
02/2006,CENCOSUD,21.54163771822741,.05323063757,.00026046595,.1453654383697,.06740779483839,-.73701638
03/2006,CENCOSUD,21.70048722884724,.084911026244,.0013314022,.1739190131097,.0679880660053892,-.73701638
04/2006,CENCOSUD,21.69658507770323,-.0038945476335,-.0012394182,.1740279467635,.0686485353480257,-.73701638
05/2006,CENCOSUD,21.68448205553509,-.012030075188,.00092060934,.2489509990475,.0684749469013901,-.73701638
06/2006,CENCOSUD,21.68820419132665,.0037290715372,-.00074207317,.2865539790397,.0674602166501042,-.73701638
07/2006,CENCOSUD,21.6940254135767,.0058381985,.00087579101,.1317843110297,.0628529008484218,-.41188335
08/2006,CENCOSUD,21.72650880348799,.033016734509,.0030000885,.1115704079687,.0629107578135962,-.41188335
09/2006,CENCOSUD,21.74559004158396,.019264448336,.00077366951,.0459238300607,.0619414073223851,-.41188335
10/2006,CENCOSUD,21.81553702056954,.072451317297,.0007943337,.1222696949912,.0633524279983596,-.41188335
11/2006,CENCOSUD,21.87325157701608,.063387177552,.0020253914,.1976869477312,.0533412306708021,-.41188335
12/2006,CENCOSUD,21.92117119704391,.049086326402,.0016000537,.243044202596,.0484403256836917,-.41188335
01/2007,CENCOSUD,22.05945134211242,.14829719502,.0013983167,.385503199116,.0458081739049767,-.41188335
02/2007,CENCOSUD,22.00024779921651,-.057485092583,-.00083257566,.295001372024,.0540009468297637,-.41188335
03/2007,CENCOSUD,22.025475147096,.025917087518,-.0013371392,.301654011206,.0515632526568786,-.41188335
04/2007,CENCOSUD,22.1186881779608,.097695553392,.00023227013,.326898247301,.0539617618833804,-.41188335
05/2007,CENCOSUD,22.16246263993382,.051506774304,-.0027929721,.315017844053,.0517388114358131,-.41188335
06/2007,CENCOSUD,22.19138009349038,.029339622641,-.00088512781,.295271140292,.0504973066545841,-.41188335
07/2007,CENCOSUD,22.16716853098304,-.023920813856,-.00034785274,.123053131416,.0532438934915635,-.89637458
08/2007,CENCOSUD,22.16993465478229,.002769953051,-.0011178141,.18330817705,.0544301568597532,-.89637458
09/2007,CENCOSUD,22.10913152084735,-.05899152582,-.0007426432,.098399563712,.0613677733830969,-.89637458
10/2007,CENCOSUD,22.16453596081932,.056968008359,-.00085757731,.057672018679,.0606289620403856,-.89637458
11/2007,CENCOSUD,22.05447813955203,-.10062320957,-.0046216315,-.094457965195,.0705899253830123,-.89637458
12/2007,CENCOSUD,22.14100215608073,.050761954808,-.00024297241,-.073035633028,.0706578129204653,-.89637458
01/2008,CENCOSUD,22.11864977161872,-.022104420884,.0019213603,-.071219240056,.0582363222582513,-.89637458
02/2008,CENCOSUD,22.09962435813264,-.041935153933,.00097810884,-.11592434704,.0568935985456181,-.89637458
03/2008,CENCOSUD,22.10765225950854,.0080602113794,.0023300473,-.0488726098406,.0565467951623718,-.89637458
04/2008,CENCOSUD,22.13969876893283,.032565528198,.0022590144,-.0732750900016,.0494268558694102,-.89637458
05/2008,CENCOSUD,22.07951315328551,-.0472867505,-.0043482319,-.0199386309316,.0480397405739925,-.89637458
06/2008,CENCOSUD,21.92587066811358,-.14242143674,-.0053353752,-.2131220224796,.0596015052598175,-.89637458
07/2008,CENCOSUD,21.9413729005349,.01562301537,-.0039481833,-.1753945862256,.060680428952418,-.87865335
08/2008,CENCOSUD,21.87403732262683,-.068000740621,-.0016272117,-.2014601729136,.0616393279652125,-.87865335
09/2008,CENCOSUD,21.7381141567374,-.127090301,.0046966397,-.336610685293,.0677406254176102,-.87865335
10/2008,CENCOSUD,21.45520229789437,-.2464137931,.00056702935,-.615590006591,.085700132544092,-.87865335
11/2008,CENCOSUD,21.50638665288976,.0091730221266,.023817461,-.5591302339644,.08652374950576,-.87865335
12/2008,CENCOSUD,21.40603179570402,-.089954728012,-.00217457,-.5066635252364,.0812594916687689,-.87865335
12/2002,CHILE,20.99110118248764,.052054836326,.00013513556,,,
01/2003,CHILE,21.10888419600905,.12499997516,.00042651064,.12499997516,,
02/2003,CHILE,21.0901920813731,-.018518500531,.00023086338,.106481474629,.1014828873866628,
03/2003,CHILE,21.07114381368134,.016865585265,-.00065511372,.123347059894,.0747692368449426,
04/2003,CHILE,21.18335586070022,.11875006304,-.00027041833,.242097122934,.0723445456525511,
05/2003,CHILE,21.20166594402987,.018478740727,-.000092217153,.260575863661,.0654130373178251,
06/2003,CHILE,21.17168507960396,-.029535896219,-.00011608395,.231039967442,.0673367794823909,
07/2003,CHILE,21.21424469402009,.04347826087,-.00051557156,.149518253152,.0614985029442977,-.74873054
08/2003,CHILE,21.26699522928204,.054166634876,-.000083362997,.222203388559,.0571813571086677,-.74873054
09/2003,CHILE,21.26699522928204,0,.0005254522,.205337803294,.0552137005266331,-.74873054
10/2003,CHILE,21.38609495093709,.1264822474,.00099317275,.213069987654,.0593223020343474,-.74873054
11/2003,CHILE,21.38609495093709,0,-.00030186449,.194591246927,.0579272369759043,-.74873054
12/2003,CHILE,21.35762327689969,-.028070175437,.00061010348,.196056967709,.0587574997960475,-.74873054
01/2004,CHILE,21.38609495093709,.028880866425,,.181459573264,.051573526327975,-.74873054
02/2004,CHILE,21.4637055536477,.080701754385,,.207994692773,.0514642689777913,-.74873054
03/2004,CHILE,21.39968637818874,-.00010127245332,.00074387679,.20789342031968,.0522601637234514,-.74873054
04/2004,CHILE,21.41888477379832,.019383869851,-.015422355,.10079504277068,.0450628460263762,-.74873054
05/2004,CHILE,21.48458984684146,.067911714772,.00093126029,.16870675754268,.0465327674665307,-.74873054
06/2004,CHILE,21.49565715345251,.011128775834,.000083725296,.20790570881368,.0431379707775271,-.74873054
07/2004,CHILE,21.55398539291966,.060062893082,-.000051410268,.23908773547068,.0437424335997834,-.99722862
08/2004,CHILE,21.60572356017507,.053099970335,-.0002379561,.21148595142068,.0437011098131425,-.99722862
09/2004,CHILE,21.61413875710787,.0084507042247,-.0002761466,.2200379280987,.0431512165434338,-.99722862
10/2004,CHILE,21.57975548663476,-.03379888268,.000026439568,.1668551755677,.0368259105619765,-.99722862
11/2004,CHILE,21.61497639501472,.03584851113,-.0001924213,.1347919719257,.0363023962500455,-.99722862
12/2004,CHILE,21.60290268381706,-.012001116384,.00044653492,.1116620797077,.0344017107104844,-.99722862
01/2005,CHILE,21.55960587806668,-.042372881355,.000044065946,.0092263052707,.0397167093826147,-.99722862
02/2005,CHILE,21.65786156809427,.10324483775,-.00027467773,.0593711726857,.0431940657783042,-.99722862
03/2005,CHILE,21.54174826065028,-.050458145813,-.00031139934,.000462322648,.0477978221427533,-.99722862
04/2005,CHILE,21.51743095303703,-.024024024024,-.000019095243,.010237181304,.0493324442512353,-.99722862
05/2005,CHILE,21.54773630252966,.030769230769,-.000096945078,.005157900943,.0467941784467057,-.99722862
06/2005,CHILE,21.55665166615207,.0089552238805,-.00029524183,.0261142412075,.046800638344484,-.99722862
07/2005,CHILE,21.58004454573406,.023668639053,-.00027027112,.0921557616155,.0444882856761588,-1.2733721
08/2005,CHILE,21.60290268381706,.023121387285,.00069036649,.0120323111505,.0425525668335467,-1.2733721
09/2005,CHILE,21.6113415524706,.0084745762706,-.000038190487,.0709650332341,.0425526949127721,-1.2733721
10/2005,CHILE,21.61943198575739,.0081232492994,.00021445427,.1031123065575,.0406718051331202,-1.2733721
11/2005,CHILE,21.61692815917064,-.0025006946353,0,.0698423811532,.0399080907621375,-1.2733721
12/2005,CHILE,21.57715018773341,-.038997214486,-.000058754595,.0218899427867,.0417489126554873,-1.2733721
01/2006,CHILE,21.64710877633457,.072463768116,0,.0706850718497,.043286043788463,-1.2733721
02/2006,CHILE,21.66026509445123,.013243243244,-2.9377297e-06,.0608069278087,.0328827341877859,-1.2733721
03/2006,CHILE,21.59723694629011,-.011855894408,.00011897805,.0404764571301,.0284377306729531,-1.2733721
04/2006,CHILE,21.58437043570629,-.012784090909,1.4688649e-06,.0195691169217,.0274072571839319,-1.2733721
05/2006,CHILE,21.54666889130273,-.026989064748,.00065619312,-.004919253191,.0285201298243959,-1.2733721
06/2006,CHILE,21.58238697390635,.036363636364,-.00033678574,.070441597659,.0298942359965794,-1.2733721
07/2006,CHILE,21.57945871415545,-.0029239766091,0,-.0049461470661,.029586477607456,-1.1086395
08/2006,CHILE,21.62671159900665,.048387096775,.0003621217,.0301977064649,.0317742735339996,-1.1086395
09/2006,CHILE,21.6653942437816,.039440559442,.0012819108,.0814941603149,.0330836487936158,-1.1086395
10/2006,CHILE,21.6798214243213,.014531754576,.00036936413,.1088100057999,.0330994279019473,-1.1086395
11/2006,CHILE,21.70600092987845,.026525198939,-.000039109142,.1623242694869,.0331077640439164,-1.1086395
12/2006,CHILE,21.87662644691508,.18604651163,-.000033315195,.3120071447529,.0564282819755047,-1.1086395
01/2007,CHILE,21.80459441469508,-.069498910676,-.00027955795,.245432210686,.0617724709089097,-1.1086395
02/2007,CHILE,21.79258155091066,-.011940997424,-.000079666774,.185104116487,.0624485094790623,-1.1086395
03/2007,CHILE,21.84137171506539,.099809731035,.000098497105,.24547328808,.065832659825131,-1.1086395
04/2007,CHILE,21.82292226794148,-.018280297902,.00033170349,.212661235602,.0661548201447992,-1.1086395
05/2007,CHILE,21.82905529828186,.006151875863,.00087205938,.192287912526,.0643734335550546,-1.1086395
06/2007,CHILE,21.96727046856629,.12429927757,-.0003514472,.130540678466,.0699803609434266,-1.1086395
07/2007,CHILE,21.85331905360392,-.10769869267,.0013791663,.092340896472,.0810574305487556,-1.3341267
08/2007,CHILE,21.84748813330182,-.0058139534876,-.00021806815,.0984679404084,.0813367477119581,-1.3341267
09/2007,CHILE,21.82501527743721,-.022222222223,-.00025279238,-.0235640128496,.0821904938071678,-1.3341267
10/2007,CHILE,21.85331905360392,.028708133972,-.00043891423,.0234244190244,.0822302620156385,-1.3341267
11/2007,CHILE,21.81805329998581,-.03465116279,-.0025188497,-.0173786196286,.0836509834959594,-1.3341267
12/2007,CHILE,21.78847374467381,-.029149602506,-.000448637,-.1708274997046,.0644013963283946,-1.3341267
01/2008,CHILE,21.81177338851699,.023573200993,-.0004113006,-.0395556060416,.0612384291972875,-1.3341267
02/2008,CHILE,21.96524700686768,.041939393939,-.00039724383,.008197741385,.0619031373819405,-1.3341267
03/2008,CHILE,21.8525695752626,-.029871010939,.00045332182,.000548952669,.0555847158821434,-1.3341267
04/2008,CHILE,21.87395387588528,.021614583333,-.00017363427,-.00654459797,.0557100325639026,-1.3341267
05/2008,CHILE,21.88712195677499,.013255161866,6.2065583e-06,.041361726686,.0558026965203246,-1.3341267
06/2008,CHILE,21.89108568773379,0,-.0012686205,.070511329192,.0404658792337084,-1.3341267
07/2008,CHILE,21.83281677959862,-.056603773585,-.0012427811,-.009665645386,.0305317373739849,-1.0150923
08/2008,CHILE,21.83972618791401,.006933333334,-.00039193919,-.044671705991,.0306881050472178,-1.0150923
09/2008,CHILE,21.80496585143047,-.034163135595,-.00015089202,-.048963830647,.0315482019640438,-1.0150923
10/2008,CHILE,21.69768410559359,-.10172744721,0,-.17230586119,.0404544699753344,-1.0150923
11/2008,CHILE,21.68971593596555,-.0079365079373,-.00027448108,-.1934975309933,.0400015218750299,-1.0150923
12/2008,CHILE,21.71822863483692,.028923076923,-.000048590566,-.1645744540703,.0413187575190911,-1.0150923
12/2002,CINTAC,16.80243813877158,.086730736952,-.000048056369,,,
01/2003,CINTAC,16.8241439042021,.021943049289,0,.021943049289,,
02/2003,CINTAC,16.81107182264708,-.012987012988,.000073029485,.008956036301,.0246992839033351,
03/2003,CINTAC,16.86236511703463,.052631578947,0,.061587615248,.0328321354538941,
04/2003,CINTAC,17.45477072780618,.80833333333,-.0011401949,.869920948578,.3948132075634339,
05/2003,CINTAC,17.58830212041757,.15567960064,0,1.025600549218,.3430334756031365,
06/2003,CINTAC,17.51295268317578,-.072580645161,.00013719966,.953019904057,.3270940596564158,
07/2003,CINTAC,17.5387051792782,.026086956521,0,.957163811289,.3027808897763468,.090828605
08/2003,CINTAC,17.56381110040927,.025423728814,.00066087698,.9955745530910001,.2832260054292878,.090828605
09/2003,CINTAC,17.55551229759458,-.00093570696572,.00063324149,.94200726717828,.2682683987059915,.090828605
10/2003,CINTAC,17.63555500526811,.083333333332,.00067824783,.21700726718028,.2530827773144252,.090828605
11/2003,CINTAC,17.55551229759458,-.076923076922,.0011666846,-.01559541038172,.2465317782004929,.090828605
12/2003,CINTAC,17.53019448961029,-.025000000001,-.0014582381,.03198523477828,.2374655107937686,.090828605
01/2004,CINTAC,17.54714404792406,.017094017096,,.02299229535328,.2375812510143587,.090828605
02/2004,CINTAC,17.49097377644434,-.054621848741,,-.05705328220172,.239386569801055,.090828605
03/2004,CINTAC,17.67329533325096,.2,0,.143882424764,.2417237261170298,.090828605
04/2004,CINTAC,17.7447542972331,.090192380454,.000016755164,.150741471886,.0876246916727993,.090828605
05/2004,CINTAC,17.79190107565881,.048275862069,0,.275940410877,.0787256501757398,.090828605
06/2004,CINTAC,17.77865584890879,-.013157894737,0,.287782516141,.073982510314235,.090828605
07/2004,CINTAC,17.79190107565881,.013333333332,.000070355731,.284021832377,.0740828305623332,-.58353859
08/2004,CINTAC,18.16164810116489,.44736842105,.0058840159,.786012102168,.1425214884094759,-.58353859
09/2004,CINTAC,18.52689078242348,.44086363636,.0075828838,1.026875738528,.1778290416470849,-.58353859
10/2004,CINTAC,18.45160032215121,-.072525947192,.0050223819,.864157410882,.1845284723974732,-.58353859
11/2004,CINTAC,18.50459285229172,.071995464852,-.0044936482,.8878770136650002,.1775558582931144,-.58353859
12/2004,CINTAC,18.52849837312283,.024193548388,-.0030515608,.9252284567900001,.175033378680264,-.58353859
01/2005,CINTAC,18.44477435708081,-.08031496063,-.00014252437,.8315801628280001,.1814246963870599,-.58353859
02/2005,CINTAC,18.44819316378096,.0034246575342,-.00040588944,.3876363993122,.1778709246496839,-.58353859
03/2005,CINTAC,18.29546354435799,-.14163822525,-.00063376594,-.1948654622978,.1871268213169097,-.58353859
04/2005,CINTAC,18.18412095701695,-.087721121838,0,-.2100606369438,.1923005362625388,-.58353859
05/2005,CINTAC,18.06132537953702,-.11555555555,-.0015320058,-.3976116573458,.1984990326168065,-.58353859
06/2005,CINTAC,18.06633792136057,.0050251256271,-.0032585547,-.4167800801067,.1981182714860422,-.58353859
07/2005,CINTAC,18.15251561760162,.09,-.0076618763,-.2464651194767,.1983328037556549,-1.2612246
08/2005,CINTAC,18.06633792136057,-.066088829826,0,-.3159786068368999,.1552201384947141,-1.2612246
09/2005,CINTAC,18.0860915278467,.019950000002,0,-.1543903815849,.0746667717673315,-1.2612246
10/2005,CINTAC,18.01504462697302,-.068581793225,-.000045006345,-.1352510529719,.0744666699826643,-1.2612246
11/2005,CINTAC,17.91551503162598,-.094736842106,0,-.1144323395279,.0693328264020354,-1.2612246
12/2005,CINTAC,17.77865584890879,-.12790697674,0,-.247364441895,.0698986766381866,-1.2612246
01/2006,CINTAC,17.80853822338604,.030333333334,0,-.307031108561,.0735101616154525,-1.2612246
02/2006,CINTAC,17.84319437004636,.035263668715,0,-.20567861002,.0759937990290039,-1.2612246
03/2006,CINTAC,18.11512808553,.3125,-.00005597217,.086871389978,.1218858564470365,-1.2612246
04/2006,CINTAC,18.15709228462903,.063605023934,0,.219058207137,.120439718532259,-1.2612246
05/2006,CINTAC,18.16618325633029,.0091324200912,.00028943279,.3229274693342,.1141195877833954,-1.2612246
06/2006,CINTAC,18.15937278733425,-.006787330316,-.0014193032,.4440471157582001,.1142866192965329,-1.2612246
07/2006,CINTAC,18.16164810116489,.0022779043284,0,.4159916867526001,.1119314884814939,-.41292033
08/2006,CINTAC,18.24865947815452,.090909090908,0,.4716371089456001,.1115212341527798,-.41292033
09/2006,CINTAC,18.28948147267478,.041666666666,1.3055233e-06,.2008037756116,.1116581747208888,-.41292033
10/2006,CINTAC,18.36644251381091,.092605532427,0,.2298042841046,.1091795735754354,-.41292033
11/2006,CINTAC,18.34017458755389,-.0055772219885,0,.2150946420249,.1021787591093997,-.41292033
12/2006,CINTAC,18.3469576138113,.0068060836511,.05430403,.228688055992,.0878736421183233,-.41292033
01/2007,CINTAC,18.46175269356724,.13387967823,.0022803899,.3602898298936,.0901714723857147,-.41292033
02/2007,CINTAC,18.62309247697412,.17508417508,.000080403697,.4444649140656,.0949313725787773,-.41292033
03/2007,CINTAC,18.87743684217542,.028653295129,.0022170437,.4314515425286,.0594834272226947,-.41292033
04/2007,CINTAC,19.00782960972608,.16244581357,0,.5012918236716001,.067443270150884,-.41292033
05/2007,CINTAC,18.9905665422745,-.017114914424,0,.4897541312361001,.0696646977534964,-.41292033
06/2007,CINTAC,19.05789966234309,.069651741293,0,.5525997888780001,.0665538696198267,-.41292033
07/2007,CINTAC,19.02118742824454,-.036046511627,0,.382673599021,.0706372028216935,-.34514201
08/2007,CINTAC,18.83765887071979,-.16235169516,0,.045237728781,.0948658703596069,-.34514201
09/2007,CINTAC,18.73068675113467,-.10144927536,0,-.084864841708,.1033636883424881,-.34514201
10/2007,CINTAC,18.68108980995676,-.048387096774,-.00046198512,-.295697752052,.1034750229642195,-.34514201
11/2007,CINTAC,18.53537799876932,-.13559322034,-.010754736,-.414176057968,.11248381967528,-.34514201
12/2007,CINTAC,18.45369996775126,-.078431372549,-.0041717263,-.56225917181,.1151094706071712,-.34514201
01/2008,CINTAC,18.31712443279389,-.11751095039,.0077192141,-.643723610573,.1111779888582834,-.34514201
02/2008,CINTAC,18.55479608467101,.26829268293,-.0077187205,-.2130792324830001,.1281419149850858,-.34514201
03/2008,CINTAC,18.55479608467101,0,-.00026729514,-.1116299571230001,.1275406850765862,-.34514201
04/2008,CINTAC,18.76243544944925,.24199270484,-.00072536047,.1787498444909999,.1392128845387554,-.34514201
05/2008,CINTAC,18.70454147103035,-.05625,-.0014599361,.2580930648309999,.1398581156581369,-.34514201
06/2008,CINTAC,18.66054114172858,-.043046357617,-.00047271457,.2934780797629999,.1375680747025033,-.34514201
07/2008,CINTAC,18.47891138709896,-.15440285032,-.00018949692,.256586179833,.1427796373418549,-.35720062
08/2008,CINTAC,18.53537799876932,.058091286308,.000018946508,.046384783211,.1386417315818888,-.35720062
09/2008,CINTAC,18.31761211873936,-.19568627451,-.000050987092,-.149301491299,.1464984665997973,-.35720062
10/2008,CINTAC,18.12991289070574,-.17113603121,.00022736719,-.5624302273490001,.1526827528818061,-.35720062
11/2008,CINTAC,18.01799497450176,-.10588235294,0,-.6120625802890001,.1510822040213829,-.35720062
12/2008,CINTAC,17.82242819095778,-.17763157895,0,-.746647801622,.1566157105844364,-.35720062
12/2002,CMPC,20.96228273741691,.024193548386,.00047358501,,,
01/2003,CMPC,20.93028000633074,-.02458366376,.00136465,-.02458366376,,
02/2003,CMPC,20.9622985006785,.032536601246,.001746335,.007952937486,.0403901267289153,
03/2003,CMPC,21.01893097439774,.058266798053,.00154272,.066219735539,.0424047299341123,
04/2003,CMPC,21.13139406247406,.11903095053,-.00017299999,.185250686069,.0595732594141352,
05/2003,CMPC,21.10852823773705,-.015273311897,.000023375,.169977374172,.0584833018778689,
06/2003,CMPC,21.15504825337195,.047619047618,.00174092,.21759642179,.0526039057617907,
07/2003,CMPC,21.29987920125041,.15584415584,.0020956199,.39802424139,.0659445100064654,.39881659
08/2003,CMPC,21.36722277331559,.078651685393,.00042247001,.444139325537,.0617046923143535,.39881659
09/2003,CMPC,21.49337405864248,.13445378151,.0045847902,.520326308994,.0632971940039851,.39881659
10/2003,CMPC,21.46329660340521,-.029629629629,.0061266348,.371665728835,.0667839428108438,.39881659
11/2003,CMPC,21.48407166598017,.020992366413,.00083287002,.407931407145,.0642148243736893,.39881659
12/2003,CMPC,21.58615579209345,.10747663551,.0023429149,.467788995037,.0632471728701871,.39881659
01/2004,CMPC,21.50259071374741,-.073916737468,,.238028101729,.0702554624589276,.39881659
02/2004,CMPC,21.57341676631602,.073394495414,,.23277091175,.070163344752344,.39881659
03/2004,CMPC,21.65148513968584,.081196581197,.00099339499,.179513711437,.0705298093352417,.39881659
04/2004,CMPC,21.58107963906159,-.067984189724,.001169745,.141159151342,.0763195246639437,.39881659
05/2004,CMPC,21.48407166598017,-.085197287644,.00024796501,.034969497285,.0834841761136523,.39881659
06/2004,CMPC,21.56526396423871,.084579439254,.00034627999,.012072301029,.0845897341882903,.39881659
07/2004,CMPC,21.65148513968584,.090047393365,.00055772503,.176036431862,.078295616211042,-.16529444
08/2004,CMPC,21.69404475410463,.050752702657,.00070948998,.153394639105,.0772731018811011,-.16529444
09/2004,CMPC,21.65550865503449,-.037803030303,.001132565,.034395027605,.0723926237815403,-.16529444
10/2004,CMPC,21.66327309543788,.0077946618385,.00074983499,.1101738791675,.0709542158783828,-.16529444
11/2004,CMPC,21.716443533139,.054609375,-.000071014998,.2499805418115,.0716168212448279,-.16529444
12/2004,CMPC,21.68491227054136,-.022149788874,.000200225,.1432513136835,.0674967816483766,-.16529444
01/2005,CMPC,21.65148513968584,-.032874617737,.00031514501,.0203293025815,.0636240288921787,-.16529444
02/2005,CMPC,21.69782547694454,.04743083004,-.000223455,.0170074299645,.0619271362913872,-.16529444
03/2005,CMPC,21.74930743277968,.052830188679,-.00089894002,.1076406489465,.059636304773204,-.16529444
04/2005,CMPC,21.69404475410463,-.05376344086,-.000318045,.046082546248,.0580254960276916,-.16529444
05/2005,CMPC,21.65542991797686,-.028460041718,-.0002718,-.03698687047,.0512055425257263,-.16529444
06/2005,CMPC,21.71280703056016,.059055118109,.00046547499,.044218036513,.048643138760566,-.16529444
07/2005,CMPC,21.73122375734639,.018587360595,-.000058875001,.095680014845,.0427166963841994,-.17376341
08/2005,CMPC,21.71570246299985,-.015401459854,.000699325,.032847724951,.0411732826286431,-.17376341
09/2005,CMPC,21.82852266833319,.12700005052,.000132845,.107017586792,.0519745186550795,-.17376341
10/2005,CMPC,21.77408746177817,-.052980132451,-.001065555,.107800895201,.055863061371072,-.17376341
11/2005,CMPC,21.69032572587214,-.08034965035,-.00070740498,.055911286569,.0601096563807508,-.17376341
12/2005,CMPC,21.65542991797686,-.027561704921,.0011776,-.030705536461,.0603237793800132,-.17376341
01/2006,CMPC,21.70159195974002,.047244094489,.00031013001,-.002048802567,.0606513543007922,-.17376341
02/2006,CMPC,21.75837018435814,.058421052632,-.00013785499,.071773709919,.0613827191079467,-.17376341
03/2006,CMPC,21.83512335236454,.079775520351,.00028281999,.02454917975,.0635960101774153,-.17376341
04/2006,CMPC,21.80174344319414,-.032828947368,.000053060001,.044700364833,.0619241775906479,-.17376341
05/2006,CMPC,21.75580954564482,-.040810614823,.00028611001,.08423940036,.0627675186600527,-.17376341
06/2006,CMPC,21.80507100729814,.05049497899,-.00053177,.162296084271,.0622264607159847,-.17376341
07/2006,CMPC,21.81753537618038,.01254237288,.00072662003,.127594362662,.0621836062437859,-.088649735
08/2006,CMPC,21.81853922434901,.0054580590313,.001083355,.0746313690613,.0616844353621506,-.088649735
09/2006,CMPC,21.84994714554211,.031906354516,.00058573502,.0267622032263,.0507314381154354,-.088649735
10/2006,CMPC,21.91117023309328,.063136060153,.00064590998,.1227272107473,.0498845394305394,-.088649735
11/2006,CMPC,22.0069736092912,.10054264983,.00215646,.2640804754003,.0459756222370176,-.088649735
12/2006,CMPC,21.99857276987667,-.0083656509696,.001581265,.2052198454407,.0441243808956838,-.088649735
01/2007,CMPC,22.01524951859506,.020558630242,.00054643,.2132361028027,.043882525407243,-.088649735
02/2007,CMPC,21.96747806613185,-.046648351648,-.00124874,.1611296921234,.0476674049134055,-.088649735
03/2007,CMPC,21.97602880544178,.0085874013021,-.00084097998,.1378107389095,.0437747591663484,-.088649735
04/2007,CMPC,22.04896057593737,.075657142857,-.00036507499,.1503318216135,.0444853124534599,-.088649735
05/2007,CMPC,21.98739256409209,-.055430704674,-.00029401001,-.0056415328905,.0465373512571509,-.088649735
06/2007,CMPC,22.08419110671576,.10163841807,-.00054744998,.1043625361491,.0515070343605565,-.088649735
07/2007,CMPC,22.09434503225982,.010205651572,-.00092180999,.0940095574791,.051566089647697,-.40250656
08/2007,CMPC,22.06178701659462,-.025714016139,-.00031132999,.1149438929881001,.0534248584024261,-.40250656
09/2007,CMPC,22.01590864198485,-.044841873393,.0001726,.061514618293,.0567527738986517,-.40250656
10/2007,CMPC,22.0995098622128,.087195255876,-.00064118998,.073052731312,.0589290762575573,-.40250656
11/2007,CMPC,22.0369357403453,-.060656565656,-.0059522302,.06782687033,.0568934631924789,-.40250656
12/2007,CMPC,22.04768479434821,.010807032635,-.001462495,-.023004515105,.0567474412048603,-.40250656
01/2008,CMPC,22.05810899647522,.019161676988,-.00035104001,-.014048489689,.0567180307277936,-.40250656
02/2008,CMPC,21.96274091111484,-.090961730799,.0027009649,-.079296204349,.0617260595863038,-.40250656
03/2008,CMPC,22.01458996047507,.053216746772,.00017087,.018762415816,.0634165969004488,-.40250656
04/2008,CMPC,21.98314627321064,-.030954475478,-.00088180503,-.099387315538,.0602658727967713,-.40250656
05/2008,CMPC,21.93847527319834,-.031426096634,-.0056688348,-.070156846516,.058716658872486,-.40250656
06/2008,CMPC,21.88822750615606,-.049006229605,-.0070265299,-.129970108756,.0504936524092794,-.40250656
07/2008,CMPC,21.93097166486146,.043670846591,-.0022838151,-.105460939153,.0527503383170183,-.32380345
08/2008,CMPC,21.87466031105349,-.054755215494,-.001578645,-.069254423848,.05418551549691,-.32380345
09/2008,CMPC,21.91092631578004,.046261357638,-.00084828498,-.076209812982,.0555877802100504,-.32380345
10/2008,CMPC,21.63208875397304,-.24333719583,-.00042247001,-.288592533334,.0816483475951208,-.32380345
11/2008,CMPC,21.48407166598017,-.13758362214,-.0020039349,-.39475005884,.0869239520357878,-.32380345
12/2008,CMPC,21.4214005590174,-.060747663551,-.0041235252,-.4064914927860001,.0856610354183991,-.32380345
12/2002,COLBUN,19.91418914199774,.033707865168,.0025924428,,,
01/2003,COLBUN,19.86973737944528,-.026733897822,.0018444344,-.026733897822,,
02/2003,COLBUN,19.86289586508041,-.0068181644783,.00075525657,-.0335520623003,.0140825500996333,
03/2003,COLBUN,19.92478501732302,.063844413427,-.00026477926,.0302923511267,.0475994867261554,
04/2003,COLBUN,20.06522939942152,.15078507353,-.0030556889,.1810774246567,.0803661988542027,
05/2003,COLBUN,20.10642515585693,.054793444957,-.0024386307,.2358708696137,.0697293775404002,
06/2003,COLBUN,20.11961140656667,.013273572707,.0035199067,.2491444423207,.0638849799838384,
07/2003,COLBUN,20.22868247190588,.11524160255,.0056539848,.3911199426927,.0646328122669476,.2010106
08/2003,COLBUN,20.28949377207369,.062698364258,.005200549,.460636471429,.059956556654892,.2010106
09/2003,COLBUN,20.40303585905394,.12023903537,.010770898,.517031093372,.0603493065918894,.2010106
10/2003,COLBUN,20.4982247934946,.099866638184,.024972416,.466112658026,.0582226837267232,.2010106
11/2003,COLBUN,20.46757438019151,-.030185451911,.0024045317,.381133761158,.0622068963403612,.2010106
12/2003,COLBUN,20.47999690018496,.012499999999,.0035455746,.38036018845,.060632149619475,.2010106
01/2004,COLBUN,20.41641265609321,-.049650861051,,.215467724849,.0636395841878431,.2010106
02/2004,COLBUN,20.48615076576317,.072227338507,,.224996699098,.0612062414992676,.2010106
03/2004,COLBUN,20.27520248753779,-.19018404908,.0029767314,-.085426385352,.0938824018234721,.2010106
04/2004,COLBUN,20.0928809307501,-.14054767403,-.0013816796,-.325840697566,.0990198952126608,.2010106
05/2004,COLBUN,20.1019307662756,.0090909090904,-.0047262227,-.2865643365646,.0980857987343784,.2010106
06/2004,COLBUN,20.23137725042238,.13819819819,-.0066220644,-.1608661383736,.105089613477033,.2010106
07/2004,COLBUN,20.20344606069881,-.027544720595,-.00089878257,-.1387599979176,.1011230769888561,-.22338432
08/2004,COLBUN,20.30151979586716,.10304411525,.0015496251,-.1079432211746,.1038005933859724,-.22338432
09/2004,COLBUN,20.29351856781723,-.007969303424,.00059918838,.0742715244814,.0978206629244863,-.22338432
10/2004,COLBUN,20.44328168761728,.1615590598,.0011983768,.3763782583114,.1049602606974214,-.22338432
11/2004,COLBUN,20.43582568188359,-.0074282786882,-.0011661963,.3598590705328,.1044867968973118,-.22338432
12/2004,COLBUN,20.38961283872738,-.038709677419,-.0025930393,.1829511949238,.1052450032510387,-.22338432
01/2005,COLBUN,20.27550547194349,-.10783783783,-.0026725868,.1026580776888,.1091027216102432,-.22338432
02/2005,COLBUN,20.2326428731326,-.041956982732,-.0011570534,-.0423430202932,.106901608111481,-.22338432
03/2005,COLBUN,20.13733269332991,-.09090909091,-.0083679752,-.1252828077792,.0950919646813492,-.22338432
04/2005,COLBUN,20.04636091512504,-.053271422542,-.004927808,-.3401132901212,.0866858199895014,-.22338432
05/2005,COLBUN,20.14599075606048,.10476190476,.0040186942,-.227923106673,.0915573151011347,-.22338432
06/2005,COLBUN,20.25608144610286,.11637931034,-.0064361095,-.072834118914,.0889819562933051,-.22338432
07/2005,COLBUN,20.3288868604156,.075521235522,-.0016632642,.110524954438,.0900826135089244,-.028449165
08/2005,COLBUN,20.40702788032046,.081275129236,.0049594827,.233757066406,.0884128636835808,-.028449165
09/2005,COLBUN,20.45499559798988,.049136786189,-.00024794001,.373802943505,.0885450662542377,-.028449165
10/2005,COLBUN,20.45626062028679,.0012658227843,-.0028673746,.4283401888313,.0766580234737563,-.028449165
11/2005,COLBUN,20.37573317653085,-.077370417194,-.00026860167,.2462078668773,.0804491848412247,-.028449165
12/2005,COLBUN,20.7993867928097,-.0065771444224,.00086443417,.1232514121149,.0795176596800025,-.028449165
01/2006,COLBUN,20.7993867928097,.030949992835,-.00060467445,.0786801694279,.0714213829575028,-.028449165
02/2006,COLBUN,20.78521792120047,-.014068965518,-.00084654422,-.0166639253261,.0698078290864476,-.028449165
03/2006,COLBUN,20.81986532414573,.035254616676,-.0017871489,-.0305460948391,.0608213246484669,-.028449165
04/2006,COLBUN,20.93391768576601,.1208108108,.0019215209,.0889988931766,.0602754570363731,-.028449165
05/2006,COLBUN,20.90529888045775,-.021651069661,.009587449,.1447182407096,.0595637107900441,-.028449165
06/2006,COLBUN,20.94423323840316,.039702233253,.0013101279,.190997618385,.0535674705331495,-.028449165
07/2006,COLBUN,21.00443660061249,.062052505966,.00042327211,.222100131516,.0525716607771928,.028914768
08/2006,COLBUN,21.08937654531231,.088651685393,.00071889069,.324820782427,.0533263773901174,.028914768
09/2006,COLBUN,21.10636426449754,.017132831046,.00053076976,.306698996797,.0528447037571273,.028914768
10/2006,COLBUN,21.17489025887166,.070928462708,-.00079279538,.256816648705,.0540511296124256,.028914768
11/2006,COLBUN,21.21728009701752,.043301118058,.0039594406,.321768836424,.0424875301784611,.028914768
12/2006,COLBUN,21.17923932500737,-.037326310053,.00071217213,.244740293118,.0462394713536476,.028914768
01/2007,COLBUN,21.17923932500737,.014491353491,-.0030569651,.197179140643,.0466551904087027,.028914768
02/2007,COLBUN,21.15052921913417,-.028301886791,.0041588163,.080225568459,.0481706711907638,.028914768
03/2007,COLBUN,21.15845886134505,.0079611650472,-.0003889552,.0710539024602,.048734421722598,.028914768
04/2007,COLBUN,21.27797416572069,.12695049123,.00049045816,.1270759309822,.0497785727581674,.028914768
05/2007,COLBUN,21.25173548678677,-.013695213748,.000018849112,.0700795991762,.0490467795697133,.028914768
06/2007,COLBUN,21.30582270605296,.058787400194,.0022372955,.1661933094232,.0496023958757773,.028914768
07/2007,COLBUN,21.24799622925244,-.056186293196,-.0020217123,.0955156627362,.0550237761035218,-.23291706
08/2007,COLBUN,21.27715685050027,.02958995522,.0066911415,.1534075047472,.051266421478168,-.23291706
09/2007,COLBUN,21.25298751448908,-.023878560465,-.00048521094,.121567779235,.052780964618141,-.23291706
10/2007,COLBUN,21.31629121794858,.06535034073,-.00068738288,.059967628735,.0522758745125697,-.23291706
11/2007,COLBUN,21.21324246328829,-.097917008364,-.0040771239,-.024254165881,.0606882008099661,-.23291706
12/2007,COLBUN,21.14262489607434,-.068181818181,-.00060651428,-.151223384256,.063191961831404,-.23291706
01/2008,COLBUN,20.81493350695022,-.27941463415,.0034571316,-.37445172521,.1023909178034178,-.23291706
02/2008,COLBUN,20.80185073650309,-.012997562956,-.0067847292,-.417039243386,.1024175099668802,-.23291706
03/2008,COLBUN,20.93760872933655,.14540466392,.0021901906,-.247756019001,.1131880164634751,-.23291706
04/2008,COLBUN,20.89678673479611,-.04,.00380607,-.353106359731,.104697168022189,-.23291706
05/2008,COLBUN,21.28038610995874,.28330877259,-.0020082362,.028119421223,.1374482988006005,-.23291706
06/2008,COLBUN,21.23486779732514,-.04449789537,.013838341,.051803344034,.1366861159391551,-.23291706
07/2008,COLBUN,21.34893791405512,.12083071113,.0029722997,.4520486893140001,.1405441113871243,-.17847787
08/2008,COLBUN,21.35574605412791,.006831368144,.0035581971,.471877620414,.1403571392574699,-.17847787
09/2008,COLBUN,21.33896080727844,-.018960869968,.001314671,.307512086526,.1402736802949633,-.17847787
10/2008,COLBUN,21.30258965414634,-.035717669351,.0050383834,.311794417175,.1393505020615265,-.17847787
11/2008,COLBUN,21.25819148167698,-.043426999411,.0088585932,-.014941354826,.1368576239904186,-.17847787
12/2008,COLBUN,21.28364537326606,.025780608052,.0067221071,.055337148596,.1352115724150573,-.17847787
12/2002,COLOSO,18.13582567529049,-.04702970297,0,,,
01/2003,COLOSO,18.18649412327867,.051974051339,0,.051974051339,,
02/2003,COLOSO,18.20375130488724,.017406947045,0,.069380998384,.02444263385227,
03/2003,COLOSO,18.22283705228012,.019269044529,0,.088650042913,.019442091694544,
04/2003,COLOSO,18.2581582447541,.088452514969,0,.177102557882,.0334570286453704,
05/2003,COLOSO,18.62049393884779,.43668114644,0,.613783704322,.1778649655056636,
06/2003,COLOSO,18.52821870183131,-.088145861044,0,.525637843278,.1808924395290018,
07/2003,COLOSO,18.63778090431064,.11578947368,0,.589453265619,.1654746678202275,.4147467
08/2003,COLOSO,18.76183355301281,.13207547169,0,.704121790264,.1538656072710428,.4147467
09/2003,COLOSO,18.70482215129069,-.055416700575,0,.62943604516,.152597315595813,.4147467
10/2003,COLOSO,18.80265554753307,.10277904267,0,.6437625728609999,.1440537254097293,.4147467
11/2003,COLOSO,18.81603234458211,.032123239891,0,.239204666312,.1374891530038787,.4147467
12/2003,COLOSO,18.86719406867064,.052493093015,0,.379843620371,.1312900821790789,.4147467
01/2004,COLOSO,,,,.264054146691,.1374795885576205,.4147467
02/2004,COLOSO,18.76183355301281,-.1,,.031978675001,.1468570141867143,.4147467
03/2004,COLOSO,18.81590077428309,.055555555557,0,.142950931133,.1460851775816363,.4147467
04/2004,COLOSO,18.78923252720093,-.026315789473,0,.01385609899,.1487270664570166,.4147467
05/2004,COLOSO,,,0,-.018267140901,.0849446855586578,.4147467
06/2004,COLOSO,18.72649418660433,-.044476524369,0,-.115236758285,.0796021528951356,.4147467
07/2004,COLOSO,18.73366267604612,.0071942446029,0,-.1080425136821,.0732126247712552,-.25281718
08/2004,COLOSO,18.74078014385128,.0071428571428,0,-.0008996565393,.0607227382302837,-.25281718
09/2004,COLOSO,18.77562687514515,.035460992907,0,-.0209942191893,.0577167184897501,-.25281718
10/2004,COLOSO,18.78950276096998,.013972602739,0,.0192941730227,.0482932342391837,-.25281718
11/2004,COLOSO,18.80265554753307,.013239664955,0,.0325338379777,.0474025956104324,-.25281718
12/2004,COLOSO,18.80930009028564,.0066666666662,0,.0836770290129,.044011016902321,-.25281718
01/2005,COLOSO,18.80930009028564,0,0,.07648278441,.0417633585509459,-.25281718
02/2005,COLOSO,18.80930009028564,0,0,.0693399272672,.0266580260427333,-.25281718
03/2005,COLOSO,18.82897285585044,.019867549669,0,.0537464840292,.0217786793410137,-.25281718
04/2005,COLOSO,18.82637207413705,-.0025974025975,0,.0371764786927,.0196594773445199,-.25281718
05/2005,COLOSO,18.81194559441987,.016107382551,0,.0400441962887,.019010373123503,-.25281718
06/2005,COLOSO,18.80265554753307,-.0092470277414,.0079745315,.0241305018811,.0118824127602571,-.25281718
07/2005,COLOSO,18.77562687514515,-.026666666668,0,-.0025361647869,.0157402970087115,-.10667527
08/2005,COLOSO,18.77562687514515,0,0,-.0025361647869,.0158346169409451,-.10667527
09/2005,COLOSO,18.77562687514515,0,0,-.0224037144559,.0127587229891912,-.10667527
10/2005,COLOSO,18.73366267604612,-.04109589041,0,-.0609022022684,.0173708969095494,-.10667527
11/2005,COLOSO,18.72361234021477,0,0,-.0770095848194,.0167249924398421,-.10667527
12/2005,COLOSO,18.70172962892801,-.021645021646,0,-.089407578724,.0172147405384405,-.10667527
01/2006,COLOSO,18.6362073398551,-.063421828908,0,-.126162740964,.0238498255381573,-.10667527
02/2006,COLOSO,18.73366267604612,.10236220472,0,-.023800536244,.0405165051949866,-.10667527
03/2006,COLOSO,18.73366267604612,0,0,-.023800536244,.0399347634866218,-.10667527
04/2006,COLOSO,18.77562687514515,.042857142857,0,.060152497023,.042158233067813,-.10667527
05/2006,COLOSO,18.81590077428309,.061172119702,0,.121324616725,.0455965092623448,-.10667527
06/2006,COLOSO,18.81590077428309,0,0,.142969638371,.04543579688291,-.10667527
07/2006,COLOSO,18.84187626068635,.026315789473,0,.232707256752,.0447041124666449,.053227369
08/2006,COLOSO,18.89188668126101,.051282051281,0,.181627103313,.0462041834164247,.053227369
09/2006,COLOSO,18.90761598318799,.015853658537,0,.19748076185,.0460202173109576,.053227369
10/2006,COLOSO,18.98497710432702,.080432172868,0,.235055791861,.0460516842881832,.053227369
11/2006,COLOSO,18.98497710432702,.013513513513,0,.187397185672,.0455580024672945,.053227369
12/2006,COLOSO,18.98497710432702,0,2.1755077e-06,.187397185672,.0439106357504584,.053227369
01/2007,COLOSO,18.99602694051361,.011111111111,0,.17219250731,.034037296768561,.053227369
02/2007,COLOSO,19.0069560110458,.010989010989,0,.131899467018,.0267259828369797,.053227369
03/2007,COLOSO,19.0069560110458,0,0,.116045808481,.0267259828369797,.053227369
04/2007,COLOSO,18.9883048944367,.010869565218,0,.046483200831,.0264999107892988,.053227369
05/2007,COLOSO,19.0390443255973,.052048726469,0,.085018413787,.025428870171,.053227369
06/2007,COLOSO,19.11014024728103,.073684210525,0,.158702624312,.0281947175318985,.053227369
07/2007,COLOSO,19.09532516152136,-.014705882353,0,.132885630848,.0308870953803002,-.13600528
08/2007,COLOSO,19.09033761998485,-.0049751243778,0,.1169214954812,.0308747846522935,-.13600528
09/2007,COLOSO,19.13912778415428,.050000000001,0,.1669214954822,.0319391729659557,-.13600528
10/2007,COLOSO,19.14860652810883,.0095238095219,0,.1655757397861,.0265735891626347,-.13600528
11/2007,COLOSO,19.13912778415428,0,0,.1135270133171,.0270479192769529,-.13600528
12/2007,COLOSO,19.0390443255973,-.095238095239,0,-.0553952924469,.0421182760064706,-.13600528
01/2008,COLOSO,19.0327085071699,-.0063157894729,0,-.0470051995668,.042324095522253,-.13600528
02/2008,COLOSO,19.00586846335283,-.026483050849,0,-.068513126038,.0433846989712024,-.13600528
03/2008,COLOSO,18.77562687514515,-.20565832426,.000025742656,-.324171450299,.0745498925790298,-.13600528
04/2008,COLOSO,18.77562687514515,0,7.3660135e-06,-.3336952598209,.0742977334437894,-.13600528
05/2008,COLOSO,18.77562687514515,.025280898877,2.3904990e-06,-.3084143609439,.0725145734322603,-.13600528
06/2008,COLOSO,18.71927393859401,-.054794520548,5.6819147e-07,-.2679707862529,.0673298270252104,-.13600528
07/2008,COLOSO,,,0,-.26165499678,.0705002764694815,-.10911931
08/2008,COLOSO,18.71927393859401,0,6.2603435e-06,-.235171945931,.0706789161974948,-.10911931
09/2008,COLOSO,18.69729503183732,-.021739130434,.000063939457,-.051252752105,.0659535504820767,-.10911931
10/2008,COLOSO,,,0,-.051252752105,.0678253789232085,-.10911931
11/2008,COLOSO,,,0,-.076533650982,.0704947148258935,-.10911931
12/2008,COLOSO,18.52821870183131,-.15555555555,0,-.177294685984,.0785169039427579,-.10911931
12/2002,CONCHATORO,19.68838958745396,.12623068622,.002670801,,,
01/2003,CONCHATORO,19.6741181933629,-.014170040487,.000032598658,-.014170040487,,
02/2003,CONCHATORO,19.6800553464603,.0059548129302,.0004329292,-.0082152275568,.0142304203216874,
03/2003,CONCHATORO,19.66400564432932,-.012836706645,.00094950473,-.0210519342018,.0112539527288796,
04/2003,CONCHATORO,19.78663986494204,.13047084235,.0025732289,.1094189081482,.069355478563603,
05/2003,CONCHATORO,19.88278372548218,.11017903406,.00052634231,.2195979422082,.0705663515555124,
06/2003,CONCHATORO,19.91557354830518,.033333333333,.011650451,.2529312755412,.0632642561827435,
07/2003,CONCHATORO,19.98564111093235,.072580645161,.0015561034,.3396819611892,.0588858976458013,-1.0240504
08/2003,CONCHATORO,19.99313178265105,.0075187969924,-.000062084007,.3412459452514,.0562329367606694,-1.0240504
09/2003,CONCHATORO,19.89931302743339,-.087007834411,.00018659965,.2670748174854,.0678636471546081,-1.0240504
10/2003,CONCHATORO,19.89108252830837,-.0081967213109,-.00036806698,.1284072538245,.0649616175226253,-1.0240504
11/2003,CONCHATORO,19.81379085399523,-.07438016529,-.00077780418,-.0561519455255,.0683666904578542,-1.0240504
12/2003,CONCHATORO,19.72026479598441,-.086233241324,-.0017536628,-.1757185201825,.0714193744558028,-1.0240504
01/2004,CONCHATORO,19.67000296121786,-.049019607843,,-.2973187731865,.0730239024302768,-1.0240504
02/2004,CONCHATORO,19.82266210214659,.16492783505,,-.1399097351289,.08665220734435,-1.0240504
03/2004,CONCHATORO,19.79577234849256,-.023462841983,-.00061084382,-.0763647427009,.0870358028407163,-1.0240504
04/2004,CONCHATORO,19.75873107681221,-.036363636365,-.000076247539,-.1045316577550001,.0801195535443631,-1.0240504
05/2004,CONCHATORO,19.83499306164584,.089722616061,-.00012753578,.059571123596,.077792164357975,-1.0240504
06/2004,CONCHATORO,19.89108252830837,.057692307691,.00089751009,.203496672611,.0790407216863172,-1.0240504
07/2004,CONCHATORO,19.93157388965162,.041322314049,.00038452481,.2938385945029999,.0770033464210242,-.97631812
08/2004,CONCHATORO,20.00794686843619,.079365079366,.0014082525,.208275838819,.080384568906308,-.97631812
09/2004,CONCHATORO,20.00796157421583,.0029856348974,.00076797343,.2347243156994,.0749646581470165,-.97631812
10/2004,CONCHATORO,20.15788701572711,.16174762136,.00089688576,.4328355734244,.0858220485729449,-.97631812
11/2004,CONCHATORO,20.25931194902496,.10674683544,-.000035596553,.4498597928034,.0821514357351106,-.97631812
12/2004,CONCHATORO,20.16167729189212,-.090780340729,-.00097834901,.3013871443834,.0828068342812072,-.97631812
01/2005,CONCHATORO,20.2192559621034,.059268600253,-.002422543,.3193334305874,.0777216358994448,-.97631812
02/2005,CONCHATORO,20.27144171528182,.053571428571,-.00053290266,.2935397797924,.069060341322816,-.97631812
03/2005,CONCHATORO,20.272006527485,.0028441630311,-.00043426128,.2933983079261001,.067191950239861,-.97631812
04/2005,CONCHATORO,20.2310904197504,-.040090344437,-.00036760117,.0915603421291,.0676045525135367,-.97631812
05/2005,CONCHATORO,20.25893444592158,.035940918766,-.00015252706,.0207544254551,.0660407429478908,-.97631812
06/2005,CONCHATORO,20.28824883359035,.029748283752,.0022669665,.1412830499361,.0658224000490319,-.97631812
07/2005,CONCHATORO,20.4705703903843,.2,-.00024900484,.2820144496831,.0809858239623222,-1.2960842
08/2005,CONCHATORO,20.29929866977693,-.1574074074,6.3322932e-06,.0710356137121,.0998556630567076,-1.2960842
09/2005,CONCHATORO,20.28666980981616,-.0098292011025,-.0013373876,.0583622495785,.100243052073493,-1.2960842
10/2005,CONCHATORO,20.14514798994967,-.13196376505,-.00038612666,-.0335111710345,.1008229720451784,-1.2960842
11/2005,CONCHATORO,20.03978747429185,-.1,-.000085027095,-.1694520898005,.0994810752412523,-1.2960842
12/2005,CONCHATORO,20.11259830923099,.079172919986,.00088473427,-.1200274535665,.0994043814454196,-1.2960842
01/2006,CONCHATORO,20.09923828865493,-.013271171625,.00078768359,-.3332986251914999,.0977824005294483,-1.2960842
02/2006,CONCHATORO,20.11257181952427,.013422818793,.00061914366,-.1624683989985,.0962988529436501,-1.2960842
03/2006,CONCHATORO,20.13224458511377,.023189593805,.0018620766,-.129449604091,.0966781789077872,-1.2960842
04/2006,CONCHATORO,20.05097818531823,-.07805194805,-.0019599337,-.075537787091,.0985016791037258,-1.2960842
05/2006,CONCHATORO,20.00941637642576,-.036362299608,-.00053544866,-.011900086699,.0977050808759588,-1.2960842
06/2006,CONCHATORO,20.11257181952427,.1086637298,-.0024739131,.017590723115,.103483961978556,-1.2960842
07/2006,CONCHATORO,20.0720257251303,-.039735099337,-4.5051888e-07,-.008873204597,.0800538204912083,-1.1604003
08/2006,CONCHATORO,20.14704362799339,.077903448275,-.0047516422,.055607424885,.074218230047813,-1.1604003
09/2006,CONCHATORO,20.17046579793396,.026952592048,-.0011537677,.059370423128,.0749326845938529,-1.1604003
10/2006,CONCHATORO,20.19515841052434,.025,-.000099308825,.162422371178,.0637856668090749,-1.1604003
11/2006,CONCHATORO,20.17669634769324,-.018292682927,.00094440719,.180491987859,.0550618013054408,-1.1604003
12/2006,CONCHATORO,20.17046579793396,-.0030761996195,.0047962992,.0687520584395,.0512021656491879,-1.1604003
01/2007,CONCHATORO,20.37340664193066,.225,.0006433521,.3334871577765001,.0804121354966876,-1.1604003
02/2007,CONCHATORO,20.24157642539904,-.12351020408,.00027854581,.1320735054215,.0914766070033126,-1.1604003
03/2007,CONCHATORO,20.29929866977693,.062313705977,.00038238487,.1674346193505,.0924620513317485,-1.1604003
04/2007,CONCHATORO,20.36304704367055,.065824175825,-.00046925576,.2082587951755,.08796620693107,-1.1604003
05/2007,CONCHATORO,20.46126799772199,.10479234246,.00012654297,.3313438205625,.0875924758484816,-1.1604003
06/2007,CONCHATORO,20.67101378728935,.23336448598,-.000036991216,.567784506162,.1022983435155358,-1.1604003
07/2007,CONCHATORO,20.62860241691789,-.041524588921,-.000062033949,.301259917241,.1024470836273621,-1.1500939
08/2007,CONCHATORO,20.61362802321095,-.014862835007,-.00030217302,.409907286314,.1038784838800218,-1.1500939
09/2007,CONCHATORO,20.57593090604213,-.034983297491,-.00039501747,.3126102828460001,.1063743511055316,-1.1500939
10/2007,CONCHATORO,20.6404694271797,.066666666666,-.002220545,.313452773687,.1065200159034131,-1.1500939
11/2007,CONCHATORO,20.49372614058861,-.13648437499,-.0031709298,.072176056237,.1176349913976966,-1.1500939
12/2007,CONCHATORO,20.44201848846116,-.048137961063,-.0012037336,-.209326390806,.1196156886611441,-1.1500939
01/2008,CONCHATORO,20.28705923740693,-.14354992378,-.0010341452,-.311351725665,.1120340132276653,-1.1500939
02/2008,CONCHATORO,20.30784446778684,.021002747711,-.0029084652,-.275486142947,.105208407726366,-1.1500939
03/2008,CONCHATORO,20.18282658762661,-.11480354992,-.00085636968,-.355306395376,.1097135100742946,-1.1500939
04/2008,CONCHATORO,20.31131410652889,.13710722884,-.0017399748,-.284865833202,.1155842783307971,-1.1500939
05/2008,CONCHATORO,20.30045185075926,.0017393547387,-.0027330506,-.1466421034733,.1110219353569199,-1.1500939
06/2008,CONCHATORO,20.29709844886733,-.0033477855213,-.00432732,-.1018519279316,.0817588284346642,-1.1500939
07/2008,CONCHATORO,20.27707553299222,-.019823788547,.00047905592,.0218742073014,.0816224587180234,-1.2206137
08/2008,CONCHATORO,20.41830196184533,.15168539325,-.0026572258,.1525568528404,.0961985825066665,-1.2206137
09/2008,CONCHATORO,20.36726537390857,-.047374533897,-.0029484876,.2199858688634,.096554123236517,-1.2206137
10/2008,CONCHATORO,20.32103865641334,-.045174537988,-.0028526091,.0377041020354,.0937022398362523,-1.2206137
11/2008,CONCHATORO,20.37341684596399,.05377419355,-.0085452655,.0897389408467,.0882485122969502,-1.2206137
12/2008,CONCHATORO,20.35465020188987,-.01600245234,.0015930445,.077084274028,.0872943429582044,-1.2206137
12/2002,COPEC,21.93330706939999,.067157351235,.00082527276,,,
01/2003,COPEC,21.90180840235255,-.031007751938,-.00082729838,-.031007751938,,
02/2003,COPEC,21.99351212219018,.096040039063,-.00010580035,.065032287125,.0898363545515783,
03/2003,COPEC,21.9989351130721,.0054377219112,-.00022176109,.0704700090362,.06541940797093,
04/2003,COPEC,22.12335067230965,.13248638838,-.00031510388,.2029563974162,.0763098003666419,
05/2003,COPEC,22.21661914219258,.1152718984,.00049544033,.3182282958162,.0721130061399367,
06/2003,COPEC,22.26115976149727,.045547445256,.00075986772,.3637757410722,.0649216405733574,
07/2003,COPEC,22.31259267194648,.052778553476,.00058110687,.4475620464862,.0593393156260024,-.14733942
08/2003,COPEC,22.36930890137631,.058355437666,.0028014849,.4098774450892,.0549390417155467,-.14733942
09/2003,COPEC,22.46484689756197,.10025062656,.0017511038,.504690349738,.0531672816693457,-.14733942
10/2003,COPEC,22.46712221140261,.0022779043284,.00018593321,.3744818656864,.0537818402392022,-.14733942
11/2003,COPEC,22.43243665341472,-.034090909091,.00029305601,.2251190581954001,.0580511008332069,-.14733942
12/2003,COPEC,22.43713149772614,.014569754971,.000046192887,.1941413679104,.0562551395306466,-.14733942
01/2004,COPEC,22.43267191984636,-.0044496487126,,.1369131657218,.0533777722044806,-.14733942
02/2004,COPEC,22.53626658656055,.10915078805,,.1877085161058,.0545558779754388,-.14733942
03/2004,COPEC,22.51000753035062,-.02591728526,.00055391149,.0615406042858,.0575427716053389,-.14733942
04/2004,COPEC,22.46712221140261,-.041978749347,.00019446494,.0172839506104,.0560523578570601,-.14733942
05/2004,COPEC,22.46247506649539,.0092041504286,.00028770388,.06057901013,.0498595572190592,-.14733942
06/2004,COPEC,22.52016737945961,.059388985295,.000039805243,.105398240454,.0505633378537667,-.14733942
07/2004,COPEC,22.53732647008238,.017307153479,-.000027146898,.1271550426456,.0498206974735946,-.68507421
08/2004,COPEC,22.49623960996655,-.040254237288,-.00047334092,-.0222499826924,.05138782288077,-.68507421
09/2004,COPEC,22.46712221140261,-.028697571744,-.00075866526,-.0250302691764,.0447126662131777,-.68507421
10/2004,COPEC,22.49402966432935,.027272727273,.000056637138,.0442212074436,.0452527285620928,-.68507421
11/2004,COPEC,22.52238489007766,.028761061947,-.00091433432,.063778118962,.0439187557881088,-.68507421
12/2004,COPEC,22.46737218015209,-.042681442727,-.00014438393,-.03829230906,.0464565422183315,-.68507421
01/2005,COPEC,22.48424746091982,.017018472654,.00020697404,-.038580989885,.046448044714055,-.68507421
02/2005,COPEC,22.54155480618214,.058981233244,-.00028425426,.060654480647,.0379322269137546,-.68507421
03/2005,COPEC,22.58682259968913,.046308016877,-.00025422088,.135660069268,.0386159588336586,-.68507421
04/2005,COPEC,22.47743251346737,-.10361931646,-.00026262799,.004768025535,.0488018066916026,-.68507421
05/2005,COPEC,22.53944287297573,.082448416484,-.0023519597,.058455380072,.0538227008692161,-.68507421
06/2005,COPEC,22.52330919395231,-.016004228331,-.00017365415,.085132594468,.0519239386871114,-.68507421
07/2005,COPEC,22.55150513703611,.028597211181,-.00038296997,.096711332995,.0522898843435803,-.65947199
08/2005,COPEC,22.52686944307345,-.024334711952,-.00025829981,.013395387799,.0512329552900113,-.65947199
09/2005,COPEC,22.57475287559498,.049048363269,-.0002781782,.016135734191,.0513384038923512,-.65947199
10/2005,COPEC,22.53732647008238,-.036734693876,-.00024942649,.083020356775,.0529798550287505,-.65947199
11/2005,COPEC,22.515739200408,-.021355932203,.00011407898,-.020783991912,.0531108316282667,-.65947199
12/2005,COPEC,22.47549614287933,-.030729124071,.00083119806,-.035508887652,.0522789633330233,-.65947199
01/2006,COPEC,22.49292285734394,.017579445572,.00007760257,-.046526653261,.052291779953063,-.65947199
02/2006,COPEC,22.56503231426038,.074772978958,.00030592747,.052581037649,.0539680711259554,-.65947199
03/2006,COPEC,22.57632307075986,.011354737668,.00028766156,.014887412048,.0524881935741114,-.65947199
04/2006,COPEC,22.58490524705899,.0086191087466,-.00016937674,.0602412146706,.0404658343160275,-.65947199
05/2006,COPEC,22.54855556008489,-.024994383345,-.00047591198,.0566027635286,.0349580356500824,-.65947199
06/2006,COPEC,22.58298421112443,.035028177572,-.00028193553,.1223600651716,.0355372610702762,-.65947199
07/2006,COPEC,22.57066289033715,-.012245724117,.000043859545,.0925348954826,.0352603573827055,-.66089576
08/2006,COPEC,22.60613288350907,.036106557378,.0012070673,.0538684739026,.035187589621545,-.66089576
09/2006,COPEC,22.66984039610387,.065780625766,.00018482616,.1082943620006,.0371984754146287,-.66089576
10/2006,COPEC,22.73102375518598,.063093824227,.00089265726,.162769077481,.036893456528318,-.66089576
11/2006,COPEC,22.76751295819806,.037163105713,.00064194755,.224926566539,.0349505988500584,-.66089576
12/2006,COPEC,22.90467308222606,.15631548578,.00018760648,.346213874747,.0478969938305209,-.66089576
01/2007,COPEC,22.92852360638791,.024137222679,-.00031724104,.382596821543,.0476666389887379,-.66089576
02/2007,COPEC,22.92402908771924,-.0044844334298,-.00076172408,.3420058307352,.0478398007677818,-.66089576
03/2007,COPEC,22.95235026777515,.02872603765,.00039833479,.3049512426192,.0473863025490568,-.66089576
04/2007,COPEC,23.02095507666532,.071012870732,.00047780678,.3128702891242,.0477178043375285,-.66089576
05/2007,COPEC,23.02220827509164,.012646644098,-.0012578121,.2883538275092,.0441897761171058,-.66089576
06/2007,COPEC,23.02673799927809,.0045399989558,-.00047842995,.136578340685,.0455316484489772,-.66089576
07/2007,COPEC,23.10083298435866,.076909090911,-.000086679742,.189350208917,.0434147385496835,-.93922472
08/2007,COPEC,23.08769869912472,-.013048406937,.00028320414,.1807862354098,.0467917377745664,-.93922472
09/2007,COPEC,23.093109255492,.0054252199407,-.00021243619,.1574854177005,.0474263060396355,-.93922472
10/2007,COPEC,23.16017847871105,.069369500752,.00024799173,.1558420477205,.0477551812552876,-.93922472
11/2007,COPEC,23.17774087285525,.017717519775,-.0024320704,.1609129233975,.0481536350194031,-.93922472
12/2007,COPEC,23.1715689471992,.0006030437653,-.00024795864,.156975968207,.0312049008708857,-.93922472
01/2008,COPEC,23.11084038738606,-.058921348315,-.0017480996,.021145528981,.0394151913186782,-.93922472
02/2008,COPEC,23.03609666745381,-.072018721045,-.00029955292,-.037824785127,.0469476720582006,-.93922472
03/2008,COPEC,23.08352332764029,.048569296485,-.0008785426,.0053192914173,.0479328108636317,-.93922472
04/2008,COPEC,23.0204324467791,-.0611418545,-.000032773685,-.1251920638347,.048709801585515,-.93922472
05/2008,COPEC,22.97044246750436,-.036930182765,-.0024089355,-.1798397663747,.0498647500547144,-.93922472
06/2008,COPEC,22.88957851179259,-.077680840832,-.0032623215,-.258123650972,.0543911830182908,-.93922472
07/2008,COPEC,22.92830867433834,.039489952482,-.00081856974,-.159712350175,.0499448461773209,-1.1255219
08/2008,COPEC,22.82244169166504,-.1004557049,.000057740337,-.18814933403,.0561695138090967,-1.1255219
09/2008,COPEC,22.81491005451024,-.0075033454414,.00067705533,-.2442219759564,.0557846305806326,-1.1255219
10/2008,COPEC,22.69918946415516,-.10927593457,.00059531385,-.2923560560264,.053587325246201,-1.1255219
11/2008,COPEC,22.59685378020233,-.097273529994,-.00098742486,-.3526994032554,.0536245790507584,-1.1255219
12/2008,COPEC,22.56402203615057,-.017569866111,-.0020223134,-.2925884285344,.0524832451057462,-1.1255219
12/2002,CRISTALES,19.46729773750209,.10421836228,.000450625,,,
01/2003,CRISTALES,19.51126086092321,.04989839693,.0012073594,.04989839693,,
02/2003,CRISTALES,19.500449944819,-.010752688173,.0003763125,.039145708757,.0428867935626537,
03/2003,CRISTALES,19.50478834641759,.0043478260868,.002592453,.0434935348438,.0315738134092773,
04/2003,CRISTALES,19.64210046188202,.16733801394,.00047846875,.2108315487838,.0806513056921592,
05/2003,CRISTALES,19.766153110552,.13207547169,-.00033592188,.3429070204738,.0783474155672771,
06/2003,CRISTALES,19.75273009021986,-.013333333334,.001917625,.3295736871398,.0776465800203787,
07/2003,CRISTALES,19.81890367593753,.071134925061,.0012877969,.3508102152708,.0711454748407107,-.20794135
08/2003,CRISTALES,19.91313530090065,.09881422925,.0020356874,.4603771326938,.0674877117327363,-.20794135
09/2003,CRISTALES,19.86146329035633,-.050359712231,.00052075001,.405669594376,.0734780853068397,-.20794135
10/2003,CRISTALES,19.87650116772087,.017395770528,.0023168281,.255727350964,.0700345272313717,-.20794135
11/2003,CRISTALES,19.75103947274195,-.11791044776,-.0002293125,.005741431514,.0829238128208401,-.20794135
12/2003,CRISTALES,19.71485981616445,-.035532994924,.000018765624,-.016458230076,.0814117456898518,-.20794135
01/2004,CRISTALES,19.65149020223186,-.058873599091,,-.146466754228,.0845164138448576,-.20794135
02/2004,CRISTALES,19.6700092499991,.018691588784,,-.226589394694,.0840627381828574,-.20794135
03/2004,CRISTALES,19.67914173356237,.0091743119265,.0054988908,-.1670553705365,.083995261997411,-.20794135
04/2004,CRISTALES,19.64680635291943,-.027227570352,-.00067503128,-.2116787114165,.0706654170661221,-.20794135
05/2004,CRISTALES,19.52195615003996,-.11737089201,.0023033437,-.2111391556665,.0659942240765232,-.20794135
06/2004,CRISTALES,19.62305226691133,.10638297872,.00069070311,-.0692231820225,.0750460974508434,-.20794135
07/2004,CRISTALES,19.766153110552,.1583017604,.0020625468,.1479521774685,.0866350472029007,-.46859419
08/2004,CRISTALES,19.74934599223562,-.016666666666,.0040928437,.1125939220185,.0808999051627692,-.46859419
09/2004,CRISTALES,19.766153110552,.016949152541,-.00055171875,.120368762633,.0801391923945054,-.46859419
10/2004,CRISTALES,19.83069163168957,.070222222223,-.0012866093,.217818555208,.0828208551554051,-.46859419
11/2004,CRISTALES,19.77857563055056,-.050781249999,.0007187656,.284408197219,.0760883905642339,-.46859419
12/2004,CRISTALES,19.72879732400823,-.045267489712,.0011706563,.132757728787,.0766226900961165,-.46859419
01/2005,CRISTALES,19.69716023906505,-.031141868511,-.0009245,-.056685900124,.0749104781411361,-.46859419
02/2005,CRISTALES,19.7235934961332,.026785714286,-.0026987032,-.013233519172,.0750556741224642,-.46859419
03/2005,CRISTALES,19.73223431734838,.0086782608705,-.0013816094,-.0215044108425,.0750552734162105,-.46859419
04/2005,CRISTALES,19.6771397308917,-.036995165471,-.00049065624,-.1287217985365,.0755263532723521,-.46859419
05/2005,CRISTALES,19.66079259489418,-.016214246674,-.0027533907,-.0941547952115,.0652816709518811,-.46859419
06/2005,CRISTALES,19.69716023906505,.037037037036,-.00005978125,-.0118502684635,.0593381767247249,-.46859419
07/2005,CRISTALES,19.83069163168957,.14672795452,-.0011565781,.1660195545675,.0567473832073537,-.38356757
08/2005,CRISTALES,19.79084572314237,-.0390625,.0020351405,.1001713402815,.0580261123894974,-.38356757
09/2005,CRISTALES,19.81811284948271,.027642276422,.0027813436,.119135355833,.0582702797523986,-.38356757
10/2005,CRISTALES,19.79084572314237,-.023779819864,.0010417344,.13235070144,.055413502817126,-.38356757
11/2005,CRISTALES,19.73225155887632,-.056910569106,.0000184375,.091654379008,.0559527992379606,-.38356757
12/2005,CRISTALES,19.60949930050662,-.11206896551,.0011008594,-.057451623538,.0636385190871811,-.38356757
01/2006,CRISTALES,19.62305226691133,.01364522417,.0042209998,-.190534353888,.063328147172105,-.38356757
02/2006,CRISTALES,19.66079259489418,.038461538463,.0011072969,-.113010315425,.063898468179924,-.38356757
03/2006,CRISTALES,19.69716023906505,.037037037036,.00040996875,-.103615554811,.0648096871842093,-.38356757
04/2006,CRISTALES,19.68819156908229,.0061018718934,-.0024645468,-.0737338630536,.0636793000912464,-.38356757
05/2006,CRISTALES,19.63264076536512,-.054036036036,.00096742186,-.0708593299836,.0657217750661999,-.38356757
06/2006,CRISTALES,19.62305226691133,-.0095426753787,.0013934375,.0316669601477,.0648163991154076,-.38356757
07/2006,CRISTALES,19.58383155375805,-.034653465345,.0024428749,-.0166317293673,.0450893188936177,-.17482871
08/2006,CRISTALES,19.57499260509084,-.0087999999996,.0027678907,-.0638932678299,.0446029455256245,-.17482871
09/2006,CRISTALES,19.61339035599959,.039144471348,.0014147188,-.0617858335179,.0457065236164501,-.17482871
10/2006,CRISTALES,19.64210046188202,.033331633029,.0017179531,-.0345560723823,.0475088919923633,-.17482871
11/2006,CRISTALES,19.64210046188202,0,.0023366094,.0194799636537,.0450721334608248,-.17482871
12/2006,CRISTALES,19.71836244671565,.083289564058,.00082196877,.1123122030904,.0371931744293441,-.17482871
01/2007,CRISTALES,19.73225155887632,.013986013984,.00043479688,.1609516824194,.0371946763783281,-.17482871
02/2007,CRISTALES,19.70672152678257,-.025206896551,.0010144375,.144544785868,.0376196430111604,-.17482871
03/2007,CRISTALES,19.76948090064468,.064770596766,0,.170170911286,.0404005095521018,-.17482871
04/2007,CRISTALES,19.85233080679305,.10623293087,.0015507813,.243072209127,.0491362772267208,-.17482871
05/2007,CRISTALES,19.84311415168813,-.0091743119265,-.00072053127,.2338978972005,.0447168931418717,-.17482871
06/2007,CRISTALES,19.96636915722251,.1311728395,.0010606719,.2817811726425,.0535285986902795,-.17482871
07/2007,CRISTALES,19.95539511019053,-.0080757346905,0,.259719423968,.0509707806132059,-.19847208
08/2007,CRISTALES,19.95539511019053,0,.00011270313,.284926320519,.0503418745062646,-.19847208
09/2007,CRISTALES,19.94844688918237,-.0069241379315,-8.9531250e-06,.2132315858215,.0517982666451946,-.19847208
10/2007,CRISTALES,19.90590056006852,-.038684411812,0,.0683142431395,.0556521773947438,-.19847208
11/2007,CRISTALES,19.76616977707978,-.13040768706,-.0023764845,-.052919131994,.0716212654306915,-.19847208
12/2007,CRISTALES,19.766153110552,-.000016666390366,-.0078253904,-.184108637884366,.0683726155941849,-.19847208
01/2008,CRISTALES,19.61339035599959,-.13845412271,.0049138749,-.314487025903866,.080307325520805,-.19847208
02/2008,CRISTALES,19.6568775336261,.044446601942,-.0016976093,-.270040423961866,.0811919926291057,-.19847208
03/2008,CRISTALES,19.62784843917482,-.02861179795,0,-.291728083980366,.078994782291559,-.19847208
04/2008,CRISTALES,19.67914173356237,.071893511082,-.0043599843,-.181150161086366,.0750621881026644,-.19847208
05/2008,CRISTALES,19.54300955923779,-.12727272727,-.0022748751,-.178015201296366,.0824117187119668,-.19847208
06/2008,CRISTALES,19.46727526533948,-.072937500002,.0033512344,-.250936034908,.068420095083099,-.19847208
07/2008,CRISTALES,19.43300866402346,-.029095066348,.00037495312,-.141576978546,.0679002163486762,-.13623083
08/2008,CRISTALES,19.500449944819,.069767441861,.00015625,-.116256138627,.0741495873115683,-.13623083
09/2008,CRISTALES,19.40971623351119,-.086739130435,.000095718751,-.174383471112,.0752486353760528,-.13623083
10/2008,CRISTALES,19.36071300213134,-.042427170652,.00040618749,-.288704152846,.075255676278602,-.13623083
11/2008,CRISTALES,19.50066731249728,.15022124446,.0001015625,-.011210181116,.087006223196476,-.13623083
12/2008,CRISTALES,19.64210046188202,.15192349489,6.2499998e-06,.213650813776,.0996446707276967,-.13623083
12/2002,CTC,21.18793696225654,.014925373134,.0020023715,,,
01/2003,CTC,21.18683902729079,0,-.0038452633,0,,
02/2003,CTC,21.21242803232644,.029411764706,.0010214384,.029411764706,.0207972582702758,
03/2003,CTC,21.20035821789268,-.017142857144,.00082950125,.012268907562,.0235452127822805,
04/2003,CTC,21.35322138565271,.17151162791,-.00045597219,.183780535472,.0858901365270876,
05/2003,CTC,21.39797373464566,.042183622829,.0072748298,.225964158301,.0744020594979777,
06/2003,CTC,21.38281126517946,-.014285714286,.0024404,.211678444015,.0708388975352633,
07/2003,CTC,21.50218455893826,.13432947608,-.0015909061,.346007920095,.0747217584251481,-.23476739
08/2003,CTC,21.4873679104764,-.017167381973,.0010173419,.299428773416,.0730761074290241,-.23476739
09/2003,CTC,21.41357313580685,-.074235807861,.00095275691,.242335822699,.0784268538236554,-.23476739
10/2003,CTC,21.54421340192417,.13679245283,.00067296793,.207616647619,.0815146814348051,-.23476739
11/2003,CTC,21.45009862301234,-.09336099585,.002054763,.07207202894,.0870414780006465,-.23476739
12/2003,CTC,21.47640932508061,.029748283752,.0018053902,.116106026978,.0829943295314897,-.23476739
01/2004,CTC,21.45160319129348,-.03111111111,,-.049334560212,.0843992201920853,-.23476739
02/2004,CTC,21.49479091433565,.052133027522,,.019965849283,.0847680395582883,-.23476739
03/2004,CTC,21.3001825475958,-.17816580559,-.00087368209,-.083964148446,.1030895230473935,-.23476739
04/2004,CTC,21.24578818689745,-.055702917772,-.0011526007,-.276459519048,.0915938222965267,-.23476739
05/2004,CTC,21.2876932687916,.046825754163,.00085898128,-.136272769035,.091824126107536,-.23476739
06/2004,CTC,21.32886190172031,.037634408603,-.00045588546,-.128386644184,.0925848744225623,-.23476739
07/2004,CTC,21.27732589716758,-.051606217617,-.00021036567,-.148881750691,.082928648345564,-.51231611
08/2004,CTC,21.04789953160106,.085007910746,-.000058864945,-.116006867467,.087949303317353,-.51231611
09/2004,CTC,21.19445172180249,.14846416382,-.00077473279,.210623101943,.0958447202922141,-.51231611
10/2004,CTC,21.14032677571948,.025131854411,-.00094528269,.291457874126,.0875348646188274,-.51231611
11/2004,CTC,21.12389073471277,-.014128728415,-.00032278401,.230503391548,.0825987113145364,-.51231611
12/2004,CTC,21.12025763971464,-.006369426751,-.0033361963,.186499556194,.0823860934883959,-.51231611
01/2005,CTC,21.17008973166817,.055128205127,-.0041154842,.293233978938,.0827253573474844,-.51231611
02/2005,CTC,21.20446856175411,.032806804375,-.000031843258,.241032872567,.0820590722587861,-.51231611
03/2005,CTC,21.16917108991153,-.035529411765,-.0015752723,.057039296982,.0594843382019888,-.51231611
04/2005,CTC,21.10758657301337,-.060746523542,-.0005769126,-.028839080971,.0601002601104242,-.51231611
05/2005,CTC,21.03457982809066,.00191170793,-.0018985368,-.012798644626,.0598036408895998,-.51231611
06/2005,CTC,21.05834276765234,.024529616723,.0021363525,.018100398848,.0595343812723417,-.51231611
07/2005,CTC,21.10976988602846,.0509454496,.0028336779,.013917643321,.056041048623257,-.4161427
08/2005,CTC,21.11512864831554,.0064720730061,-.00017805227,-.0124170880479,.0529738744546331,-.4161427
09/2005,CTC,21.03509936131925,-.077615587423,-.00018781453,-.0545032637059,.0417851779395901,-.4161427
10/2005,CTC,20.95076755523964,-.079824316786,.00113566,-.0735810569499,.0467806315740898,-.4161427
11/2005,CTC,20.87070928348999,-.074457417837,.0018998198,-.1499501827169,.0505280124710562,-.4161427
12/2005,CTC,20.78370101700812,-.07489677952,-.00045258715,-.2493765789599,.0534302555151473,-.4161427
01/2006,CTC,20.82536404053613,.041060430243,.0010110597,-.2592615983169,.051778203073985,-.4161427
02/2006,CTC,20.78989719625711,-.035411129214,.0012890005,-.301144800537,.0490743254772631,-.4161427
03/2006,CTC,20.8392733636303,.053333333333,.0022803259,-.170195879781,.0539858862445231,-.4161427
04/2006,CTC,20.81165620635546,-.029535864978,-.0011499136,-.119907427973,.052508978904101,-.4161427
05/2006,CTC,20.73107615346283,-.075043478262,.00059173151,-.120493488398,.054757170613442,-.4161427
06/2006,CTC,20.60505614958463,-.074445420749,.00026052777,-.120042129627,.0544766088747451,-.4161427
07/2006,CTC,20.58470002517074,-.010571824957,.001592375,-.171674384827,.0486715006815524,-.14714888
08/2006,CTC,20.64848533568029,.065108695651,-.0011669829,-.071154559962,.055743109314558,-.14714888
09/2006,CTC,20.61898732127098,-.030523522808,-.00029338655,-.155011416103,.0537883013707391,-.14714888
10/2006,CTC,20.66682844993002,.052074232359,.0005995484,-.073401318766,.0554847169327132,-.14714888
11/2006,CTC,20.72955872045612,.072632351501,-.00075221719,.074274510997,.0576286306939305,-.14714888
12/2006,CTC,20.72004258493641,-.010367577757,-.00057730754,.138352353989,.0532401816653,-.14714888
01/2007,CTC,20.83295182684785,.11904761904,.0010240847,.267971797986,.0624654346309034,-.14714888
02/2007,CTC,20.80688327715108,-.025531914894,.00080501102,.177331187441,.0619034996776189,-.14714888
03/2007,CTC,20.8862515593894,.087248908298,.0017633155,.295103618547,.0648245004680522,-.14714888
04/2007,CTC,20.85701514823744,-.029640935016,-.0019320026,.213388451172,.0648305795605638,-.14714888
05/2007,CTC,20.88932728256795,.046490951232,-.0058127618,.187247050903,.0593115824318423,-.14714888
06/2007,CTC,20.88561907034735,.037653136533,-.00013717393,.235267765193,.0510248909193306,-.14714888
07/2007,CTC,20.86421788738369,-.024417670683,-.0067690173,.09180247547,.0521968294520866,-.10951781
08/2007,CTC,20.79930294768657,-.068170591139,.0010083413,.049163799225,.0579099211981081,-.10951781
09/2007,CTC,20.7238576790733,-.070860576076,-.0020094935,-.108945685149,.0620599305194819,-.10951781
10/2007,CTC,20.85518541692355,.14102320273,-.0053527304,.061718452597,.0714286145497709,-.10951781
11/2007,CTC,20.69280773616212,-.15800417859,-.016330441,-.142776677225,.0863157847002882,-.10951781
12/2007,CTC,20.62365938882186,-.054478503184,-.0059741251,-.234908316942,.0878944473498622,-.10951781
01/2008,CTC,20.49435023574436,-.12121339704,-.0011281889,-.3317040432989999,.0856547360541415,-.10951781
02/2008,CTC,20.58596469242461,.1022996766,-.0048283078,-.16123377556,.0925727431915612,-.10951781
03/2008,CTC,20.59563323220198,.010529060861,.00063474849,-.079844138623,.0878230848518575,-.10951781
04/2008,CTC,20.56496184268048,-.039870967743,.0063028755,-.260738309096,.0880197998344782,-.10951781
05/2008,CTC,20.4763270015456,-.087238822608,-.0055635129,-.189972953114,.087773169770931,-.10951781
06/2008,CTC,20.41319576838279,.0087115960687,-.0050031766,-.1267828538613,.086196765908765,-.10951781
07/2008,CTC,20.39002654125937,-.025981219326,.0024688132,-.0315506761473,.0861885094395919,-.0031092651
08/2008,CTC,20.34015667220564,-.047714769361,-.00011041135,-.1815651221083,.0855708616784526,-.0031092651
09/2008,CTC,20.61193399738963,.30525774914,.0085300161,.1131635661707,.1273532107671509,-.0031092651
10/2008,CTC,20.75531994206646,.15971017885,.0059108781,.3127447127637,.1292967577667523,-.0031092651
11/2008,CTC,20.68052623317572,-.080642201835,,.3193413335367,.1222005500922266,-.0031092651
12/2008,CTC,20.76526479959187,.10381581578,,.414445553248,.1230563055177284,-.0031092651
12/2002,EDELMAG,17.82415571200735,.01961734076,0,,,
01/2003,EDELMAG,17.83947716670178,.015439429928,0,.015439429928,,
02/2003,EDELMAG,17.84994846656908,.010526315789,0,.025965745717,.0034740963244304,
03/2003,EDELMAG,17.85456741242537,.0046296296296,0,.0305953753466,.0054123528570698,
04/2003,EDELMAG,,,0,.0305953753466,.0054123528570698,
05/2003,EDELMAG,,,0,.0305953753466,.0054123528570698,
06/2003,EDELMAG,17.87959716049121,.083323392726,0,.1139187680726,.0368285629037896,
07/2003,EDELMAG,17.87982185434678,.00022471910052,0,.09870405724512,.0343063548498524,-1.2648151
08/2003,EDELMAG,17.98608064089366,.11210963828,0,.20028737973612,.0476450961398245,-1.2648151
09/2003,EDELMAG,18.23025403210438,.29292929293,0,.48858704303652,.1058161889518192,-1.2648151
10/2003,EDELMAG,18.24299105467869,.01281848394,0,.50140552697652,.1003392717863674,-1.2648151
11/2003,EDELMAG,18.24299105467869,0,0,.50140552697652,.0964408422697305,-1.2648151
12/2003,EDELMAG,18.22803603372994,0,0,.41808213425052,.0928268461169294,-1.2648151
01/2004,EDELMAG,18.24299105467869,.015067406819,,.432924821969,.0928437339941018,-1.2648151
02/2004,EDELMAG,18.24299105467869,0,,.320815183689,.0934386105741453,-1.2648151
03/2004,EDELMAG,18.24299105467869,0,0,.027885890759,.0937110755165529,-1.2648151
04/2004,EDELMAG,18.23166939335897,.015624999998,0,.030692406817,.0895631244114301,-1.2648151
05/2004,EDELMAG,18.27042381207993,.03951516684,.00012254149,.070207573657,.0854333593768559,-1.2648151
06/2004,EDELMAG,,,.00018346823,.070207573657,.0888245204301598,-1.2648151
07/2004,EDELMAG,18.27072780965029,.009512120283,0,.064652287121,.0884058865732862,-1.6517433
08/2004,EDELMAG,18.27376271334544,.0030395136782,0,.0676918007992,.0862453546845284,-1.6517433
09/2004,EDELMAG,,,0,.0676918007992,.0123968583718197,-1.6517433
10/2004,EDELMAG,18.27376271334544,.010719754977,0,.0627865557782,.0123532108342435,-1.6517433
11/2004,EDELMAG,18.27376271334544,0,0,.0232713889382,.0123532108342435,-1.6517433
12/2004,EDELMAG,18.26172080272412,0,0,.0232713889382,.0123532108342435,-1.6517433
01/2005,EDELMAG,18.25849524121465,-.0032203649753,0,.0105389036799,.0127593995458863,-1.6517433
02/2005,EDELMAG,,,0,.0074993900017,.0132400974007678,-1.6517433
03/2005,EDELMAG,18.25849524121465,0,0,.0074993900017,.0132400974007678,-1.6517433
04/2005,EDELMAG,18.23205175057668,0,.000018193932,-.0032203649753,.013191922699107,-1.6517433
05/2005,EDELMAG,18.25849524121465,.026796222022,0,.0235758570467,.0093487223820176,-1.6517433
06/2005,EDELMAG,18.25015284770631,0,.00015449553,.0235758570467,.0089664438760093,-1.6517433
07/2005,EDELMAG,18.25849524121465,.0083772882408,0,.0351735102628,.008905532205794,-1.6635807
08/2005,EDELMAG,18.21124235636411,-.046153846154,0,-.0109803358912,.0183861849907942,-1.6635807
09/2005,EDELMAG,18.21124235636411,.012079660462,0,.0010993245708,.0178406122523148,-1.6635807
10/2005,EDELMAG,18.21124235636411,0,0,.0010993245708,.0175336075929484,-1.6635807
11/2005,EDELMAG,18.21124235636411,0,0,-.0256968974512,.0175336075929484,-1.6635807
12/2005,EDELMAG,18.21124235636411,.013900245298,0,-.0117966521532,.0180424115581869,-1.6635807
01/2006,EDELMAG,18.21124235636411,0,0,-.020173940394,.0179918749205422,-1.6635807
02/2006,EDELMAG,18.21124235636411,0,0,.02597990576,.0171590953333879,-1.6635807
03/2006,EDELMAG,18.20314514613149,-.0080645161288,0,.0058357291692,.0173691406343766,-1.6635807
04/2006,EDELMAG,18.20314514613149,.030869081304,0,.0367048104732,.0194384098505398,-1.6635807
05/2006,EDELMAG,18.2506181443413,.048617886177,0,.0853226966502,.0226130639750151,-1.6635807
06/2006,EDELMAG,18.23451775747406,-.00062025120133,0,.07080220015087,.022626158969626,-1.6635807
07/2006,EDELMAG,18.24299105467869,.0085092971967,0,.07931149734757,.0226280262367698,-1.5714358
08/2006,EDELMAG,18.22724269771055,-.015625000001,0,.06368649734657,.0174972689514317,-1.5714358
09/2006,EDELMAG,18.20314514613149,-.0071526231495,0,.06459839032587,.0179127481373149,-1.5714358
10/2006,EDELMAG,18.29029201529665,.091056910569,-.0035164743,.12478621959087,.0302429966844339,-1.5714358
11/2006,EDELMAG,18.33260321336837,.043219076006,0,.11938740941987,.0310571462070816,-1.5714358
12/2006,EDELMAG,18.37456741246741,.058813915957,0,.1788215765782,.0332694044470685,-1.5714358
01/2007,EDELMAG,18.37319661033363,-.0013698630146,0,.1689424163669,.0333495234699434,-1.5714358
02/2007,EDELMAG,18.36769453317964,-.00548696845,0,.1790804479179,.033694783372827,-1.5714358
03/2007,EDELMAG,18.35520304528561,-.012413793104,0,.1738192779634,.0340483465902693,-1.5714358
04/2007,EDELMAG,18.36216201560992,.02157884414,0,.1043412115344,.0338806761312849,-1.5714358
05/2007,EDELMAG,18.36769453317964,.0055478502072,0,.0666699857356,.032730512502372,-1.5714358
06/2007,EDELMAG,18.36769453317964,.012852752165,0,.0207088219436,.0323560316963542,-1.5714358
07/2007,EDELMAG,18.36769453317964,,0,.0220786849582,.0338291937092199,-1.7805663
08/2007,EDELMAG,18.36769453317964,0,0,.0275656534082,.0326115541787075,-1.7805663
09/2007,EDELMAG,18.35422491343931,,0,.0399794465122,.0331579397997503,-1.7805663
10/2007,EDELMAG,18.36769453317964,.013560743744,0,.0319613461162,.0223624792178631,-1.7805663
11/2007,EDELMAG,18.36077409033507,-.0068965517248,0,.0195169441842,.0205356552234674,-1.7805663
12/2007,EDELMAG,18.34678784836033,.0027793693989,0,.0094435614181,.0105196560454627,-1.7805663
01/2008,EDELMAG,18.23514787721766,-.10563380281,0,-.0961902413919,.0360466620180524,-1.7805663
02/2008,EDELMAG,18.23514787721766,0,0,-.0961902413919,.0361208905899978,-1.7805663
03/2008,EDELMAG,18.25849524121465,.023622047243,0,-.0725681941489,.0372843402489471,-1.7805663
04/2008,EDELMAG,,,0,-.0861289378929,.0384474319053451,-1.7805663
05/2008,EDELMAG,18.25849524121465,.019919818611,0,-.0593125675571,.039277393588526,-1.7805663
06/2008,EDELMAG,,,0,-.062091936956,.041414283673871,-1.7805663
07/2008,EDELMAG,18.25849524121465,.015625000002,0,.059166865856,.039440332989806,-1.6685258
08/2008,EDELMAG,18.25849524121465,0,0,.059166865856,.039440332989806,-1.6685258
09/2008,EDELMAG,18.24299105467869,0,0,.035544818613,.0372074503707729,-1.6685258
10/2008,EDELMAG,18.25695559502906,.0140625,0,.049607318613,.0372336460287167,-1.6685258
11/2008,EDELMAG,18.25541357467724,-.0015408320496,0,.0281466679524,.0372203093376359,-1.6685258
12/2008,EDELMAG,18.09144115655149,-.1512345679,0,-.1230878999476,.0596287650650073,-1.6685258
12/2002,EDELPA,17.63673643734364,.03118908382,,,,
01/2003,EDELPA,17.62580736681145,-.010869565217,,-.010869565217,,
02/2003,EDELPA,,,,-.010869565217,,
03/2003,EDELPA,17.61475753062487,-.010989010989,,-.021858576206,.0000844609153653,
04/2003,EDELPA,17.64754735344786,.066666666668,,.044808090462,.0448000851832985,
05/2003,EDELPA,17.71006771042919,.06451612903,,.109324219492,.0441879882557732,
06/2003,EDELPA,17.80812892360541,.11111111111,,.220435330602,.0535560761649343,
07/2003,EDELPA,17.95913494675319,.16300366301,,.394308558829,.0682016285581314,-.68679756
08/2003,EDELPA,18.02760274603065,.070866141734,,.465174700563,.0623148294275694,-.68679756
09/2003,EDELPA,18.0565902829039,.035502958579,,.5116666701310001,.058621093631361,-.68679756
10/2003,EDELPA,18.16480386754414,.11428571428,,.559285717743,.0576167789069818,-.68679756
11/2003,EDELPA,18.12558315439086,-.038461538462,,.456308050251,.0637621904779825,-.68679756
12/2003,EDELPA,18.19012167552843,.072164948455,,.417361887596,.0606727596246765,-.68679756
01/2004,EDELPA,18.19012167552843,0,,.254358224586,.0595167881097569,-.68679756
02/2004,EDELPA,,,,.183492082852,.0595167881097569,-.68679756
03/2004,EDELPA,18.17754289332157,-.012500000001,0,.135489124272,.0596958708065205,-.68679756
04/2004,EDELPA,18.16480386754414,-.012658227847,0,.008545182145,.0633351840731499,-.68679756
05/2004,EDELPA,18.17754289332157,.036745406824,0,.083752127431,.0633232528824473,-.68679756
06/2004,EDELPA,18.19012167552843,.012658227848,0,.024245406824,.0605797626779038,-.68679756
07/2004,EDELPA,18.30790471118481,.13207547169,0,.156320878514,.0547440834973557,-1.1303953
08/2004,EDELPA,18.5530271692178,.27777777778,0,.434098656294,.0909756681179477,-1.1303953
09/2004,EDELPA,18.59558678363659,.048243001786,0,.494841658081,.0907674634051714,-1.1303953
10/2004,EDELPA,18.50857540664696,-.083333333332,.00028263815,.424166552596,.0976567939610795,-1.1303953
11/2004,EDELPA,18.50857540664696,0,0,.387421145772,.0952516493484245,-1.1303953
12/2004,EDELPA,18.5040195900651,0,0,.374762917924,.0955142764158825,-1.1303953
01/2005,EDELPA,18.50857540664696,.0045662100438,0,.2472536562778,.0953506476604332,-1.1303953
02/2005,EDELPA,18.50857540664696,0,0,-.0305241215022,.0915281089212512,-1.1303953
03/2005,EDELPA,18.51762524216688,.0090909090923,0,-.0696762141959,.0907477184533322,-1.1303953
04/2005,EDELPA,18.52789237531784,-.082906209464,.050654218,-.0692490903279,.0962319382922883,-1.1303953
05/2005,EDELPA,18.50728329222459,-.020398167328,.00070364523,-.0896472576559,.0972533704853333,-1.1303953
06/2005,EDELPA,18.50728328938176,.0051818841348,0,-.0844653735211,.0973622128099357,-1.1303953
07/2005,EDELPA,18.46472367496296,-.041666666667,0,-.1306982502319,.0926656802895166,-1.3677584
08/2005,EDELPA,18.43157146764607,-.032608695652,-.0023113408,-.1633069458839,.0385654907861134,-1.3677584
09/2005,EDELPA,18.32496173258781,-.095804800212,0,-.2682026551882,.0391138235154345,-1.3677584
10/2005,EDELPA,18.2670677541689,-.056250000001,0,-.2415464457252,.0363223487943605,-1.3677584
11/2005,EDELPA,18.22652165977455,-.039735099337,0,-.2608833777342,.03554958074289,-1.3677584
12/2005,EDELPA,18.1697688431821,-.04801462905,0,-.314079890919,.0346537252560898,-1.3677584
01/2006,EDELPA,18.14761279182234,-.021912408759,0,-.294325633011,.0328242468660497,-1.3677584
02/2006,EDELPA,18.19143033996328,.044791713308,0,-.216925224051,.0391544421908922,-1.3677584
03/2006,EDELPA,18.32496173258781,.14285714285,.0011004498,.021736719011,.0633713534778028,-1.3677584
04/2006,EDELPA,18.29964392460352,-.025000000001,0,.052986719011,.0603218618743128,-1.3677584
05/2006,EDELPA,18.21958732794647,-.04596059198,0,.046761226368,.0609504226554826,-1.3677584
06/2006,EDELPA,18.16244280309003,-.048546456149,0,.046229399269,.061078514950781,-1.3677584
07/2006,EDELPA,18.0619722727264,-.095588235295,0,-.027446427267,.0645177824314988,-.57963908
08/2006,EDELPA,18.22652165977455,.17886178862,0,.106623648045,.0875579985635805,-.57963908
09/2006,EDELPA,18.22652165977455,.0068493150684,0,-.0293841797366,.0832344901075631,-.57963908
10/2006,EDELPA,18.23339453906232,.0068965517239,.000024104253,.0025123719883,.0813742634374397,-.57963908
11/2006,EDELPA,18.22652165977455,-.0068493150693,0,.041623648899,.0802910624623089,-.57963908
12/2006,EDELPA,18.21472825219425,-.0047644487622,.0012442478,.0854056562858,.0785305414747795,-.57963908
01/2007,EDELPA,18.26042321145023,.046755059317,.000089594221,.2277489508978,.0784184257924899,-.57963908
02/2007,EDELPA,18.32496173258781,.066666666668,0,.1155538289458,.0793793808884807,-.57963908
03/2007,EDELPA,18.31238295038095,-.012500000001,0,.0962045138764,.0692830318124252,-.57963908
04/2007,EDELPA,18.36778172977073,.09105757452,0,.1803655366725,.0726467528173474,-.57963908
05/2007,EDELPA,18.43157146764607,.065868263473,0,.2530831152148,.0712413721412354,-.57963908
06/2007,EDELPA,18.42027191239213,-.0055205559529,0,.2523270080241,.0682473948706991,-.57963908
07/2007,EDELPA,18.37375189675724,-.045454545453,0,.1601174032541,.0611498665253627,-.60878295
08/2007,EDELPA,18.36177570571052,-.011904761905,0,.0815459746811,.0411006339317909,-.60878295
09/2007,EDELPA,18.35815469994357,.0024242424242,0,.0964702171063,.0412140518393467,-.60878295
10/2007,EDELPA,18.34353811816074,-.014510278114,0,-.0090976355277,.0421003159897855,-.60878295
11/2007,EDELPA,18.31238295038095,-.030674846626,0,-.1056407456267,.0437177128347452,-.60878295
12/2007,EDELPA,18.24700019111809,-.05691897012,0,-.1570391597938,.0479541905320986,-.60878295
01/2008,EDELPA,17.95286490898648,-.25482432433,.000088035988,-.3664089386708,.0880368450863288,-.60878295
02/2008,EDELPA,17.9502682831464,-.002593257529,.0018082063,-.3570974342948001,.0842272863642098,-.60878295
03/2008,EDELPA,17.93006557582888,-.020000000001,.000028365193,-.37952167672,.0841703989354941,-.60878295
04/2008,EDELPA,,,0,-.365011398606,.0797451127528778,-.60878295
05/2008,EDELPA,17.88393421158714,-.032518796993,.000088035988,-.366855348973,.0726218990988287,-.60878295
06/2008,EDELPA,17.77157649440302,-.10627550029,0,-.416211879143,.0737731960804418,-.60878295
07/2008,EDELPA,17.73391977496501,-.021739130436,.01071868,-.183126685249,.0743316803415782,-.63294697
08/2008,EDELPA,17.74959758768425,.015801354402,0,-.164732073318,.076196085445856,-.63294697
09/2008,EDELPA,17.63181455202786,-.097574732093,0,-.24230680541,.0756152111462335,-.63294697
10/2008,EDELPA,17.52645403637003,-.099999999999,0,-.342306805409,.0752570266613831,-.63294697
11/2008,EDELPA,17.60649674404357,.083333333334,0,-.226454675082,.087246721450071,-.63294697
12/2008,EDELPA,17.61713229325177,.023990890686,-.00007483059,-.096188284106,.090326455009456,-.63294697
12/2002,ELECMETAL,19.042063358283,0,.000015913241,,,
01/2003,ELECMETAL,19.04211046192784,.0035891842545,.00023557077,.0035891842545,,
02/2003,ELECMETAL,19.042063358283,-.000047102561439,.000011689498,.003542081693061,.0025712430658897,
03/2003,ELECMETAL,19.042063358283,0,0,.003542081693061,.0020859467903016,
04/2003,ELECMETAL,19.07674891627089,.050072377639,0,.053614459332061,.0245051008453299,
05/2003,ELECMETAL,19.11465758025279,.038636363635,0,.092250822967061,.0240356672052318,
06/2003,ELECMETAL,19.144832283375,.030634573304,0,.122885396271061,.0220661265519113,
07/2003,ELECMETAL,19.19655011608351,.056312164932,3.7214611e-06,.175608376948561,.0242728858537777,-.072959684
08/2003,ELECMETAL,19.29991066700438,.10889114872,6.9406392e-06,.28454662823,.0370430776874111,-.072959684
09/2003,ELECMETAL,19.31792884752033,.018181487287,.000050936073,.302728115517,.0351566143987816,-.072959684
10/2003,ELECMETAL,19.35300229289905,.037663756071,.0015709361,.290319493949,.033165885936238,-.072959684
11/2003,ELECMETAL,19.37009672625835,.01724137931,.0001302968,.2689245096240001,.0318860955074997,-.072959684
12/2003,ELECMETAL,19.37853559490421,.0084745762706,.0015172146,.2467645125906,.0312048500621276,-.072959684
01/2004,ELECMETAL,19.3766851443804,0,,.1904523476586,.0315051758848836,-.072959684
02/2004,ELECMETAL,19.37853559490421,.0018521636648,,.0834133626034,.0313420867374731,-.072959684
03/2004,ELECMETAL,19.38690384457473,.0084033613457,.00025015982,.0736352366621,.0306816084375168,-.072959684
04/2004,ELECMETAL,19.33561055018718,-.047242016363,0,-.0112705357719,.0374100433979204,-.072959684
05/2004,ELECMETAL,19.33561055018718,0,.000048424659,-.0285119150819,.0376278004207555,-.072959684
06/2004,ELECMETAL,19.33561055018718,0,-.00041456622,-.0369864913525,.0378815990906984,-.072959684
07/2004,ELECMETAL,19.2815433289169,-.050131926123,.00018264841,-.0871184174755,.0403447990333433,-.43646801
08/2004,ELECMETAL,19.2962494763066,.014814814815,0,-.0741557663253,.0254944031963955,-.43646801
09/2004,ELECMETAL,19.33561055018718,.0401459854,0,-.042413142271,.0275625754075582,-.43646801
10/2004,ELECMETAL,19.37009672625835,.037726005754,0,.042554879846,.0275697791271981,-.43646801
11/2004,ELECMETAL,19.37009672625835,0,0,.042554879846,.0271843541491456,-.43646801
12/2004,ELECMETAL,19.37009672625835,0,0,.042554879846,.0270872522824559,-.43646801
01/2005,ELECMETAL,19.37009672625835,.0025488530155,.000085479449,.0952356589845,.0270932755188896,-.43646801
02/2005,ELECMETAL,19.21473061883259,-.14389830508,0,-.0634774609105,.049730828577106,-.43646801
03/2005,ELECMETAL,19.35300229289905,.14828746782,-.000048812784,.0446640215095,.0678912353983223,-.43646801
04/2005,ELECMETAL,19.34703105219733,.0068965517239,0,.0138345674794,.0662314220876611,-.43646801
05/2005,ELECMETAL,19.37009672625835,.023333743822,.00011415525,.0371683113014,.0664231678299952,-.43646801
06/2005,ELECMETAL,19.40343314652594,.033898305086,.00073356164,.0710666163874,.0668344856034756,-.43646801
07/2005,ELECMETAL,19.40343314652594,.0027946736809,9.1324200e-06,.0713124370528,.064239771961459,-.33014008
08/2005,ELECMETAL,19.40343314652594,0,0,.2152107421328,.0643623920060821,-.33014008
09/2005,ELECMETAL,,,0,.0669232743128,.0668899094271302,-.33014008
10/2005,ELECMETAL,19.39767891774269,-.0029452947047,0,.0570814278842,.0663346132119302,-.33014008
11/2005,ELECMETAL,19.35127666693158,-.045342126959,0,-.0115944428968,.0681589685287579,-.33014008
12/2005,ELECMETAL,19.2815433289169,-.067357512953,0,-.1128502609358,.071340188779234,-.33014008
01/2006,ELECMETAL,19.2815433289169,.0031580902851,0,-.1124868443316,.0713458456267347,-.33014008
02/2006,ELECMETAL,19.29075998402183,.0092592592591,0,-.1032275850725,.0541252334447477,-.33014008
03/2006,ELECMETAL,19.29075998402183,0,0,-.1032275850725,.0288555680380187,-.33014008
04/2006,ELECMETAL,19.28708350929252,.006676000321,0,-.0936062900468,.0288478498130578,-.33014008
05/2006,ELECMETAL,19.23414109002232,-.051565377532,.0054876711,-.0998295406198,.0307068780979215,-.33014008
06/2006,ELECMETAL,,,0,-.0324720276668,.0284738394366359,-.33014008
07/2006,ELECMETAL,19.26905830696514,.038834951456,0,.0032048335041,.0328545278655209,-.15917443
08/2006,ELECMETAL,19.18437958046325,-.081192574536,0,-.087247000291,.0392615350258735,-.15917443
09/2006,ELECMETAL,19.20458228778077,.020408163266,.00041461186,-.066838837025,.0391004308328161,-.15917443
10/2006,ELECMETAL,19.18458364127408,-.016258530711,0,-.089773368057,.0388797225278741,-.15917443
11/2006,ELECMETAL,19.18437958046325,-.00020403999224,0,-.03841203051724,.0379212632060166,-.15917443
12/2006,ELECMETAL,19.20097579218666,.020408163266,0,-.01800386725124,.0343007292145541,-.15917443
01/2007,ELECMETAL,19.27224093625459,.073865917302,0,.01702709859476,.0417205083484272,-.15917443
02/2007,ELECMETAL,19.2998924675851,.028037383177,0,.12625705630776,.0424325783039085,-.15917443
03/2007,ELECMETAL,19.31791097308778,.018181818183,0,.12403071122476,.0426342633015973,-.15917443
04/2007,ELECMETAL,19.33893834027985,.035714285714,0,.17600352764976,.0436223950316085,-.15917443
05/2007,ELECMETAL,19.40343314652594,.066620038469,0,.242827606111,.042054297825106,-.15917443
06/2007,ELECMETAL,19.41969366739772,.016393442624,0,.238812885469,.0401021822616623,-.15917443
07/2007,ELECMETAL,19.46694655224827,.05164802087,0,.216594989037,.0408591576548402,.012881336
08/2007,ELECMETAL,19.42373388182545,-.042292307692,0,.146265298168,.0329183849092823,.012881336
09/2007,ELECMETAL,19.46694655224827,.044159933173,0,.172243413158,.0334767223892524,.012881336
10/2007,ELECMETAL,19.4514423657123,-.012298046781,0,.124231080663,.0330531673044966,.012881336
11/2007,ELECMETAL,19.44359918825127,-.0078124999991,0,.0497985421949,.0336486127334345,.012881336
12/2007,ELECMETAL,19.44359918825127,0,0,.0334050995709,.0343757931138518,.012881336
01/2008,ELECMETAL,19.44121840367553,.00077907903869,0,-.01746384226041,.0307687337067773,.012881336
02/2008,ELECMETAL,19.37853559490421,-.060758654438,0,-.03593018900641,.0376700170805984,.012881336
03/2008,ELECMETAL,19.37853559490421,0,0,-.08009012217941,.0376413145230218,.012881336
04/2008,ELECMETAL,19.35300229289905,-.012597889003,0,-.08038996440141,.036947464196534,.012881336
05/2008,ELECMETAL,19.31773238571343,-.034655172414,0,-.10723263681631,.0325636416785174,.012881336
06/2008,ELECMETAL,19.31789311578548,.00016074298946,0,-.10707189382685,.0319349278496188,.012881336
07/2008,ELECMETAL,,,0,-.10785097286554,.027523321616443,-.11776789
08/2008,ELECMETAL,,,0,-.04709231842754,.0269259020453352,-.11776789
09/2008,ELECMETAL,19.31789311578548,.0035842936268,0,-.04350802480074,.020410805286317,-.11776789
10/2008,ELECMETAL,19.31431523043236,0,0,-.03091013579774,.0207820589306001,-.11776789
11/2008,ELECMETAL,19.20458228778077,-.10392659366,0,-.10018155704374,.0358445004662297,-.11776789
12/2008,ELECMETAL,19.20458228778077,0,-.0010502283,-.1003423000332,.0358445004662297,-.11776789
12/2002,EMBONORB,18.39199494047948,.054054054053,,,,
01/2003,EMBONORB,18.34183362478797,-.025641025642,,-.025641025642,,
02/2003,EMBONORB,18.33734985897683,-.052105263157,,-.077746288799,.0187130418057879,
03/2003,EMBONORB,18.22035702718614,-.083842309828,,-.161588598627,.0291404228965742,
04/2003,EMBONORB,18.43495225849413,.21212121212,,.050532613493,.1351036342178084,
05/2003,EMBONORB,18.57335253876806,.2,,.250532613493,.1439132065764464,
06/2003,EMBONORB,18.48052514514642,-.10416666666,,.146365946833,.1433021690258188,
07/2003,EMBONORB,18.64402171377826,.16279069767,,.3347976701449999,.1408870067641624,.81142229
08/2003,EMBONORB,18.66529852465717,0,,.386902933302,.1313673361386106,.81142229
09/2003,EMBONORB,18.73773108423303,.1,,.57074524313,.1245731964223907,.81142229
10/2003,EMBONORB,18.84921366375052,.09090909091,,.4495331219199999,.1183247681035338,.81142229
11/2003,EMBONORB,18.91484800468312,.13333333333,,.38286645525,.1150299491791589,.81142229
12/2003,EMBONORB,18.93762544617307,.014705882353,,.5017390042629999,.1103729363281254,.81142229
01/2004,EMBONORB,18.95209601905338,0,,.3389483065930001,.1089295459626912,.81142229
02/2004,EMBONORB,18.83154300757874,-.1304347826,,.2085135239930001,.1179771884136969,.81142229
03/2004,EMBONORB,18.89583445647364,.10999999999,,.218513523983,.1111133192814949,.81142229
04/2004,EMBONORB,18.89306479443356,.0060060060059,,.1336104390789,.1019898744871742,.81142229
05/2004,EMBONORB,18.84875351483165,-.04776119403,,-.0474840882811,.0932577080349464,.81142229
06/2004,EMBONORB,18.899142278376,.050156739811,,-.0120332308231,.083514363264976,.81142229
07/2004,EMBONORB,19.00177076127838,.044776119403,,.0327428885799,.0742824322835816,.12398195
08/2004,EMBONORB,18.96535256716613,-.068571428572,,.0946062426079,.0793466391914492,.12398195
09/2004,EMBONORB,18.95989560889185,.073619631903,,.0582258745209,.0774299521448052,.12398195
10/2004,EMBONORB,18.98523052285344,0,,.052219868515,.0745832210754317,.12398195
11/2004,EMBONORB,19.01458142797856,.077142857142,,.177123919687,.067983734419247,.12398195
12/2004,EMBONORB,19.07420477312363,.074270557028,,.201237736904,.0704252455578548,.12398195
01/2005,EMBONORB,19.06725061489329,-.012345679012,,.144115938489,.0707658697193014,.12398195
02/2005,EMBONORB,19.04071773181876,-.0125,,.200187367061,.0552626428787541,.12398195
03/2005,EMBONORB,18.99581926508605,-.10101265822,,.025555076938,.0590486054332932,.12398195
04/2005,EMBONORB,19.0311378211021,.041960011264,,.067515088202,.0599006136009911,.12398195
05/2005,EMBONORB,19.07248568312462,.054054054053,,.044426285113,.0581643113499965,.12398195
06/2005,EMBONORB,19.1546712622768,.064102564102,,.034258292187,.058988628513625,.12398195
07/2005,EMBONORB,19.31262733472091,.15662650602,,.203230477219,.07094851314139,-.39130965
08/2005,EMBONORB,19.26366141527511,-.062500000001,,.153230477218,.070207654675018,-.39130965
09/2005,EMBONORB,19.22974141387781,-.044444444445,,.209798690993,.0717118301045708,-.39130965
10/2005,EMBONORB,19.24825660494744,.015511627907,,.183350307636,.0714655407856274,-.39130965
11/2005,EMBONORB,19.1933889494261,-.083976458195,,.045319795388,.0749877815274665,-.39130965
12/2005,EMBONORB,19.05026776446341,-.0875,,-.106282768714,.076416251444705,-.39130965
01/2006,EMBONORB,19.07827653259838,.054794520547,,-.208114754187,.0783431889363965,-.39130965
02/2006,EMBONORB,19.13530215390291,.038961038961,0,-.106653715225,.0790265349302272,-.39130965
03/2006,EMBONORB,19.28541158944332,.15,0,.08779072922,.0819059305088793,-.39130965
04/2006,EMBONORB,19.28148770129158,-.0075869565217,0,.0646921447913,.0822104740118661,-.39130965
05/2006,EMBONORB,19.24679173254117,-.010011524651,0,.1386570783353,.0819251522526664,-.39130965
06/2006,EMBONORB,19.17211612702562,-.056818181818,0,.1693388965173,.0828127613772186,-.39130965
07/2006,EMBONORB,19.13530215390291,-.036144578314,0,.0783997976563,.0681850633548368,-.15271665
08/2006,EMBONORB,19.17263512904953,.050000000001,0,.0894387586963,.0681658735243173,-.15271665
09/2006,EMBONORB,19.21366896775336,.035714285714,0,-.0248469555897,.0674922132542243,-.15271665
10/2006,EMBONORB,19.35887649589835,.17731100568,0,.160051006612,.0838975596653242,-.15271665
11/2006,EMBONORB,19.40266873373177,.039603960395,0,.209666491658,.0774840638950256,-.15271665
12/2006,EMBONORB,19.39305526654582,-.0095238095237,0,.2569608639523,.0697023020263208,-.15271665
01/2007,EMBONORB,19.4940384832507,.10576923077,0,.3988746730363,.0724812981926537,-.15271665
02/2007,EMBONORB,19.57494606647767,.11304347826,0,.4619181512953,.0754980411544601,-.15271665
03/2007,EMBONORB,19.59395301653291,0,0,.4262038655813,.0688268044703225,-.15271665
04/2007,EMBONORB,19.67924695231646,.1328125,0,.3817053599013,.073022807629412,-.15271665
05/2007,EMBONORB,19.68461239681806,-.013813639096,0,.3282877604103001,.0732916461727026,-.15271665
06/2007,EMBONORB,19.6944741484793,.021428571428,0,.359240141362,.0666015666423892,-.15271665
07/2007,EMBONORB,19.67768255413679,-.011435088169,0,.242035822423,.0639809897084034,-.40744194
08/2007,EMBONORB,19.66014489038722,0,0,.128992344163,.0658247155481161,-.40744194
09/2007,EMBONORB,19.65240071206625,-.014285714286,0,.114706629877,.0682950265532366,-.40744194
10/2007,EMBONORB,19.65240071206625,0,0,-.018105870123,.0549645249476141,-.40744194
11/2007,EMBONORB,19.60463230096531,-.077491984457,0,-.081784215484,.0629733028677582,-.40744194
12/2007,EMBONORB,19.54076726201107,-.047619047619,0,-.150831834531,.0655348907570137,-.40744194
01/2008,EMBONORB,19.40723586938655,-.12499999999,.0041817999,-.264396746352,.0708768105929559,-.40744194
02/2008,EMBONORB,19.4962491147549,.047619047618,.0061260648,-.216777698734,.0633510919285032,-.40744194
03/2008,EMBONORB,19.45375588502144,0,.0049466263,-.202491984448,.0633510919285032,-.40744194
04/2008,EMBONORB,19.52572043090407,.1281952617,.00032019374,-.074296722748,.0624299632380457,-.40744194
05/2008,EMBONORB,19.52063834265166,0,-.0001663883,.003195261709,.0624343447223631,-.40744194
06/2008,EMBONORB,19.47653717940028,-.042833333334,0,.007980975994,.0625722759091561,-.40744194
07/2008,EMBONORB,19.43056593578859,-.052411966567,0,.080569009417,.0636531206201123,-.42714417
08/2008,EMBONORB,19.4171210245985,0,0,.032949961799,.0636531206201123,-.42714417
09/2008,EMBONORB,19.35844570521711,-.065420560747,0,-.032470598948,.0652687595137713,-.42714417
10/2008,EMBONORB,19.33736325699026,-.039999999999,0,-.200665860647,.0651992541069466,-.42714417
11/2008,EMBONORB,19.24871700593514,-.031068983677,.00019575094,-.231734844324,.0630068425643474,-.42714417
12/2008,EMBONORB,19.23486637568226,-.026086956522,0,-.214988467512,.0624230142971944,-.42714417
12/2002,EMILIANA,17.92797566219744,-.04,,,,
01/2003,EMILIANA,17.95975691206237,.041666666666,,.041666666666,,
02/2003,EMILIANA,17.92797566219744,-.031281533806,,.01038513286,.0515821672291069,
03/2003,EMILIANA,17.92806993384792,0,,.01038513286,.0365970978367014,
04/2003,EMILIANA,17.92806993384792,0,,.01038513286,.0299314924573963,
05/2003,EMILIANA,,,,.01038513286,.0299314924573963,
06/2003,EMILIANA,17.91750436233014,-.0010515247104,,.0093336081496,.0259727160897258,
07/2003,EMILIANA,17.9079855173176,0,,-.0323330585164,.0232432002917542,
08/2003,EMILIANA,17.91855642423451,.010626976346,,.0095754516356,.0214932778295799,
09/2003,EMILIANA,17.91866159363519,.00010517493501,,.00968062657061,.0199225841799938,
10/2003,EMILIANA,17.92599450891819,.01691232614,,.02659295271061,.0192444493843554,
11/2003,EMILIANA,17.86343714105987,-.06064082775,,-.03404787503939,.0273577920841567,
12/2003,EMILIANA,17.91750436233014,.055555555557,,.02255920522801,.0312825559332768,
01/2004,EMILIANA,,,,.02255920522801,.0300606561760374,
02/2004,EMILIANA,,,,.01193222888201,.0298169584668017,
03/2004,EMILIANA,17.86343714105987,-.04761904762,0,-.035791993673,.0341972653582216,
04/2004,EMILIANA,,,0,-.052704319813,.036539908067171,
05/2004,EMILIANA,17.80627872721992,-.050279329607,0,-.04234282167,.0376015249384876,
06/2004,EMILIANA,17.80627872721992,0,0,-.097898377227,.0376291430282069,
07/2004,EMILIANA,17.84096428520781,.038835602656,0,-.059062774571,.0408020100485751,
08/2004,EMILIANA,17.81797476698311,-.022727272726,0,-.081790047297,.0408164339524974,
09/2004,EMILIANA,17.86343714105987,.046511627907,0,.01234062823,.0446826284718105,
10/2004,EMILIANA,17.86009823978734,0,0,.01234062823,.0441111573563076,
11/2004,EMILIANA,17.86343714105987,.0033444816054,0,.0659644394424,.0387608962303194,
12/2004,EMILIANA,17.86343714105987,0,0,.0659644394424,.0333195255106019,
01/2005,EMILIANA,,,0,.0271288367864,.0333195255106019,
02/2005,EMILIANA,17.8645476353404,.004459308806,0,.0543154183184,.0315158419427191,
03/2005,EMILIANA,17.88650241398745,.022197558268,0,.0300013486794,.0280091131200445,
04/2005,EMILIANA,18.07315767204193,.20521172638,0,.2352130750594,.0661668827998221,
05/2005,EMILIANA,18.1919412080319,.1304033279,0,.362271921354,.0686711427683,
06/2005,EMILIANA,18.1919412080319,0,0,.362271921354,.0686711427683,
07/2005,EMILIANA,,,0,.362271921354,.0723857326094351,-.8858844
08/2005,EMILIANA,18.34036121315017,.16185897436,0,.519671586908,.0782135495870871,-.8858844
09/2005,EMILIANA,18.34036121315017,,0,.49747402864,.0828587170159885,-.8858844
10/2005,EMILIANA,,,0,.2922623022600001,.0854067800316671,-.8858844
11/2005,EMILIANA,18.34036121315017,.0020732550111,0,.1639322293711,.0855409446961054,-.8858844
12/2005,EMILIANA,18.30526989333891,-.03448275862,0,.1294494707511,.0900773027356254,-.8858844
01/2006,EMILIANA,18.30348258276481,0,0,.1294494707511,.0867147887572649,-.8858844
02/2006,EMILIANA,,,0,-.0324095036089,.0904932961573486,-.8858844
03/2006,EMILIANA,18.34036121315017,.037567084079,0,.0051575804701,.0897138595576712,-.8858844
04/2006,EMILIANA,,,0,.0051575804701,.0743539501235188,-.8858844
05/2006,EMILIANA,,,0,.003084325459,.0695037900418436,-.8858844
06/2006,EMILIANA,,,0,.037567084079,.0761972218948842,-.8858844
07/2006,EMILIANA,,,0,.037567084079,.0761972218948842,-1.32342
08/2006,EMILIANA,,,0,.037567084079,.0294278477835111,-1.32342
09/2006,EMILIANA,,,0,0,.0294278477835111,-1.32342
10/2006,EMILIANA,18.10855959909285,,0,0,.0294278477835111,-1.32342
11/2006,EMILIANA,18.30526989333891,.21739130435,0,.21739130435,.1121114769924997,-1.32342
12/2006,EMILIANA,,,0,.21739130435,.1161945317196311,-1.32342
01/2007,EMILIANA,18.23116192118518,-.069639416461,0,.147751887889,.1450382815232978,-1.32342
02/2007,EMILIANA,18.23116192118518,0,0,.147751887889,.1223848206756084,-1.32342
03/2007,EMILIANA,18.23116192118518,0,0,.147751887889,.124700938834119,-1.32342
04/2007,EMILIANA,18.22343987509127,-.0076923076922,0,.1400595801968,.1098231099640163,-1.32342
05/2007,EMILIANA,,,0,-.0773317241532,.1098231099640163,-1.32342
06/2007,EMILIANA,18.22266438067718,.0011650485448,0,-.0761666756084,.0988383432755045,-1.32342
07/2007,EMILIANA,18.21565773464922,-.0050524679355,0,-.0115797270829,.0908714332399451,
08/2007,EMILIANA,18.1919412080319,-.0234375,0,-.0350172270829,.0854863082920903,
09/2007,EMILIANA,,,0,-.0350172270829,.0854863082920903,
10/2007,EMILIANA,,,0,-.0273249193907,.0854863082920903,
11/2007,EMILIANA,,,0,-.0273249193907,.0255613802150602,
12/2007,EMILIANA,,,0,-.0284899679355,.0255613802150602,
01/2008,EMILIANA,,,0,-.0234375,.0092844501772578,
02/2008,EMILIANA,,,0,0,.0098758738311782,
03/2008,EMILIANA,18.18390903633464,,0,0,.0104693397768377,
04/2008,EMILIANA,,,0,0,.0127929167256386,
05/2008,EMILIANA,,,0,0,.0127929167256386,
06/2008,EMILIANA,,,0,0,.0130001808451401,
07/2008,EMILIANA,,,0,0,,
08/2008,EMILIANA,17.96879765671769,-.1935483871,0,-.1935483871,,
09/2008,EMILIANA,17.96879765671769,0,0,-.1935483871,.1368593770061289,
10/2008,EMILIANA,,,0,-.1935483871,.1368593770061289,
11/2008,EMILIANA,,,0,-.1935483871,.1368593770061289,
12/2008,EMILIANA,,,0,-.1935483871,.1368593770061289,
12/2002,ENAEX,19.35441838943024,.088435374149,-.00022169811,,,
01/2003,ENAEX,19.29431446536054,-.058333333333,0,-.058333333333,,
02/2003,ENAEX,19.31185877501144,.017699115044,.00045386792,-.040634218289,.0537630598375928,
03/2003,ENAEX,19.34605013975973,.034782608696,.000021226415,-.005851609593,.04957041728946,
04/2003,ENAEX,19.31185877501144,-.017229958296,0,-.023081567889,.0411887852358178,
05/2003,ENAEX,19.34323104378966,.04347826087,-.00034754717,.020396692981,.0419222254091673,
06/2003,ENAEX,19.3585763995789,.015463700331,.00085683964,.035860393312,.0377833164499503,
07/2003,ENAEX,19.33336498023241,-.02489626556,0,.069297461085,.0364117056726161,-1.165659
08/2003,ENAEX,19.42479918619204,.10509548883,.0023668397,.156693834871,.0497614013697549,-1.165659
09/2003,ENAEX,19.3952403839505,-.029126213592,.00021426415,.092785012583,.0487669613528494,-1.165659
10/2003,ENAEX,19.57756194074445,.2,.0011615189,.310014970879,.0757425224268102,-1.165659
11/2003,ENAEX,19.51745801667474,-.047074570248,0,.219462139761,.0753997711197751,-1.165659
12/2003,ENAEX,19.54366038906877,.026548672566,.00084183022,.230547111996,.0719038999106738,-1.165659
01/2004,ENAEX,19.54366038906877,0,,.2554433775560001,.0678202594330298,-1.165659
02/2004,ENAEX,19.56075482242807,.01724137931,,.167589268036,.0678261325073101,-1.165659
03/2004,ENAEX,19.49055056375482,-.067796610169,.081528924,.128918871459,.0730242926341554,-1.165659
04/2004,ENAEX,19.44406864263242,-.033796840514,0,-.104877969055,.0739119012751917,-1.165659
05/2004,ENAEX,19.32266969111566,-.10880691998,-.00079202832,-.166610318787,.0816395831262245,-1.165659
06/2004,ENAEX,19.43446109710378,.11827956989,0,-.074879421463,.0880493531960807,-1.165659
07/2004,ENAEX,19.35691526962883,-.074615384615,-.00086561323,-.149494806078,.0911098988416425,-1.2582552
08/2004,ENAEX,19.41504301124668,.07053434961,0,-.096201835778,.0882928636902727,-1.2582552
09/2004,ENAEX,19.45350929207447,.039215686274,0,.010810460665,.0880284653853177,-1.2582552
10/2004,ENAEX,19.47589828696795,.022641509433,0,.067248810612,.0655471957465928,-1.2582552
11/2004,ENAEX,19.49236709468122,.025847031198,.0025164341,.20190276179,.0644748274931934,-1.2582552
12/2004,ENAEX,19.51922636373149,.027223230491,.0012147453,.110846422391,.064497571291726,-1.2582552
01/2005,ENAEX,19.5085690692575,-.010600706714,.00016929246,.174861100292,.0646148449498424,-1.2582552
02/2005,ENAEX,19.54366038906877,.035714285716,0,.140041036398,.0652251830605484,-1.2582552
03/2005,ENAEX,19.54366038906877,0,.00094339624,.100825350124,.0612912564672938,-1.2582552
04/2005,ENAEX,19.53378419339856,-.00027689701346,.00024433964,.07790694367754,.0598963850226211,-1.2582552
05/2005,ENAEX,19.53500232632566,.0061268108147,0,.05818672329424,.0464959196949929,-1.2582552
06/2005,ENAEX,19.54366038906877,.0086956521736,0,.03965914497684,.0351822333107237,-1.2582552
07/2005,ENAEX,19.54366038906877,0,6.5094338e-07,.05025985169084,.0227887589760943,-1.1455626
08/2005,ENAEX,19.51922636373149,-.015166611591,.00047169812,-.00062104561616,.0180176520111904,-1.1455626
09/2005,ENAEX,19.5085690692575,-.010600706714,8.9433961e-06,-.01122175233016,.0167773096622212,-1.1455626
10/2005,ENAEX,19.3952403839505,-.10714285714,-.0025242453,-.1180877124567,.0364289334072231,-1.1455626
11/2005,ENAEX,19.37801283828387,-.0079999999998,9.4339621e-06,-.1322145232712,.0352543162758246,-1.1455626
12/2005,ENAEX,19.37503767663298,-.0029707402427,.000041962263,-.1438809156875,.0336975192001262,-1.1455626
01/2006,ENAEX,19.26740701244061,-.10204081632,.000087943394,-.2459217320075,.0431757379840828,-1.1455626
02/2006,ENAEX,19.28765517327056,.020454545454,0,-.2103005749625,.0417039742991922,-1.1455626
03/2006,ENAEX,19.271942167606,-.015590200445,-.00080188678,-.2152900686935,.0413479517935575,-1.1455626
04/2006,ENAEX,19.28542551794329,.01966006506,.0001865566,-.0884871464935,.0425464044398832,-1.1455626
05/2006,ENAEX,19.33761127111386,.060657523516,.00022192452,-.0198296229777,.0478478697304815,-1.1455626
06/2006,ENAEX,19.30430860494479,-.032754237288,-.000014150944,-.049613120023,.047661006953028,-1.1455626
07/2006,ENAEX,19.25597831661699,-.047180969905,4.8584907e-06,.005246726392,.0481534368671884,-.93046105
08/2006,ENAEX,19.23507163179767,-.0084824601572,-.000051509433,-.0236902792192,.0482536943479286,-.93046105
09/2006,ENAEX,19.28523679915993,.069483568075,-.00085223583,.0613834893008,.0547032552671727,-.93046105
10/2006,ENAEX,19.34605013975973,.062700532641,.014950538,.1044239568818,.0498374116201937,-.93046105
11/2006,ENAEX,19.47220142508662,.14452560685,.012557991,.1882920402158,.0645271572574525,-.93046105
12/2006,ENAEX,19.45350929207447,-.018518518518,0,.2025277589858,.0650536813943743,-.93046105
01/2007,ENAEX,19.5262686463569,.075471698112,.00070754718,.3251804270028,.0561536126679386,-.93046105
02/2007,ENAEX,19.55735923342693,.031578947368,.00061320752,.365241834528,.0561178995022344,-.93046105
03/2007,ENAEX,19.67836655131123,-.027210884354,0,.268547382099,.057039890390465,-.93046105
04/2007,ENAEX,19.73445601797571,.06324421516,0,.269091064618,.0578771648834549,-.93046105
05/2007,ENAEX,19.88033646600617,.16374476561,0,.288310223378,.0692015639199248,-.93046105
06/2007,ENAEX,19.88045788183206,-.000028570612812,.0016457428,.306800171283188,.066685021570505,-.93046105
07/2007,ENAEX,19.88045788183206,0,.0060975607,.231328473171188,.0621575475664316,-.66146803
08/2007,ENAEX,19.85147034495881,-.022418209857,0,.177331315946188,.0633935540267213,-.66146803
09/2007,ENAEX,19.83665525917367,-.014705882352,0,.189836317948188,.0650992018889699,-.66146803
10/2007,ENAEX,19.81858247811397,-.017910447762,0,.108681655026188,.0664853663744717,-.66146803
11/2007,ENAEX,19.65731433051785,-.14264681708,-.000089073168,-.197709927663812,.073418141135744,-.66146803
12/2007,ENAEX,19.62829002826288,-.028607142858,0,-.226288499909,.073800559279831,-.66146803
01/2008,ENAEX,19.4606040362718,-.15438067576,.00021951219,-.380669175669,.0835196152969142,-.66146803
02/2008,ENAEX,19.4606040362718,0,-.0067168619,-.358250965812,.0824976316053983,-.66146803
03/2008,ENAEX,19.45187035630304,-.0086956521736,.00038556097,-.3522407356336,.0824231656721195,-.66146803
04/2008,ENAEX,19.4606040362718,.017597311167,0,-.3167329767046,.0795613059477851,-.66146803
05/2008,ENAEX,19.43862512955302,-.013754832602,-.0077398373,-.1878409922266,.0557808341032838,-.66146803
06/2008,ENAEX,19.50316365069059,.066666666668,-.0035507318,-.0925671827006,.0622210186197267,-.66146803
07/2008,ENAEX,19.50316365069059,0,-7.3658534e-06,.0618134930594,.0622210186197267,-.72154099
08/2008,ENAEX,19.56770217182816,.066666666666,0,.1284801597254,.067823792620847,-.72154099
09/2008,ENAEX,19.5196929526418,-.046875,-.0028861789,.090300811899,.0682665761354181,-.72154099
10/2008,ENAEX,19.39316275547626,-.11885245901,-.0046098372,-.046148958278,.0737395937430253,-.72154099
11/2008,ENAEX,19.50316365069059,.11627906976,-.000020804879,.083884944084,.0757139045392632,-.72154099
12/2008,ENAEX,19.58320635836413,.088777219431,-.0012011382,.105995496847,.0803442139348171,-.72154099
12/2002,ENELGXCH,21.10724446834335,.0028011204486,.0023697116,,,
01/2003,ENELGXCH,21.14021448759454,.033519553072,.0010481821,.033519553072,,
02/2003,ENELGXCH,21.13207332999091,-.0081081081071,.00063798571,.0254114449649,.0294352015046776,
03/2003,ENELGXCH,21.06880557240645,-.061307901908,.00061707542,-.0358964569431,.0475312641912039,
04/2003,ENELGXCH,21.26458240187259,.21625544267,-.00028842999,.1803589857269,.1205294379572512,
05/2003,ENELGXCH,21.29513707021167,.031026252984,-.0015105609,.2113852387109,.1045708631995978,
06/2003,ENELGXCH,21.2670137849954,-.027731506913,.00091301283,.1836537317979,.0978004020018924,
07/2003,ENELGXCH,21.31303153233079,.047092993898,.0013987346,.1972271726239,.0894962746340505,-.025860041
08/2003,ENELGXCH,21.33595906472064,.023192388564,.003838737,.228527669295,.082929440549152,-.025860041
09/2003,ENELGXCH,21.38369046755216,.048888888889,.0015919083,.338724460092,.0777836585332781,-.025860041
10/2003,ENELGXCH,21.40879638869306,.025423728814,.00055281707,.147892746236,.0733812332028955,-.025860041
11/2003,ENELGXCH,21.38791880367193,-.020661157024,.0012502335,.096205336228,.0714590542933972,-.025860041
12/2003,ENELGXCH,21.37089711606099,-.016877637131,.0031137506,.10705920601,.0693522445891056,-.025860041
01/2004,ENELGXCH,21.35358066605981,-.017167381974,,.042798830138,.0702722141355467,-.025860041
02/2004,ENELGXCH,21.49958848850244,.15720524017,,.176811681744,.0798163490711698,-.025860041
03/2004,ENELGXCH,21.44135957955615,-.047770342101,.0035599004,.080152450754,.0784339148811282,-.025860041
04/2004,ENELGXCH,21.5510346014126,.11591536338,.001804492,.17064408532,.0606829591208921,-.025860041
05/2004,ENELGXCH,21.49618648182946,-.05337108857,.0024385026,.137934153774,.0648631537664823,-.025860041
06/2004,ENELGXCH,21.48820316629593,-.0079515335101,.001207057,.1468602573949,.06379599840086,-.025860041
07/2004,ENELGXCH,21.56883290066884,.08396946565,.00022754399,.2479971050189,.0660085481963317,-.24706548
08/2004,ENELGXCH,21.68074584584914,.11841549295,.00062181818,.2092073577989,.0713773919851776,-.24706548
09/2004,ENELGXCH,21.68817965830999,.007461511821,-.00095101603,.2644392117209001,.0714969022902077,-.24706548
10/2004,ENELGXCH,21.75464015938019,.068718750001,.001562687,.2172425983419,.0724023203399473,-.24706548
11/2004,ENELGXCH,21.70675604389041,-.046755753093,-.0025238502,.2238579338189,.0744998393292134,-.24706548
12/2004,ENELGXCH,21.73395934316614,.027576687116,-.0015380855,.259386154445,.0730397689456889,-.24706548
01/2005,ENELGXCH,21.72502375145889,-.0088957879361,-.00090224599,.1665209008589,.0725518935645726,-.24706548
02/2005,ENELGXCH,21.81975601609871,.099364476975,-.0010119786,.1474698848839,.0652119424026711,-.24706548
03/2005,ENELGXCH,21.8800905072038,.062191780824,-.0017435293,.2022001538869,.0609171670048881,-.24706548
04/2005,ENELGXCH,21.98712617304818,.12282813237,-.0028774331,.2563095362559,.0617389531340409,-.24706548
05/2005,ENELGXCH,22.02053629459402,.033974507533,-.0006583957,.3370397968819,.0545268260903212,-.24706548
06/2005,ENELGXCH,22.10194356922781,.084812623274,-.00076812832,.3942757330399,.0526099800499027,-.24706548
07/2005,ENELGXCH,22.11017406835937,.008264462811,-.00010973262,.4114359837870001,.0532859485259664,-.56032002
08/2005,ENELGXCH,22.08106598420615,-.028688524591,.0011339037,.283382982221,.0525709752598347,-.56032002
09/2005,ENELGXCH,22.17585819330392,.099430379747,.0011939531,.320621581144,.0547078829022412,-.56032002
10/2005,ENELGXCH,22.20864615910587,.033331414426,-.0014341612,.2311248632,.0541801565134311,-.56032002
11/2005,ENELGXCH,22.1664691770708,-.04129990715,.0005852406,.155850448517,.0533975284483246,-.56032002
12/2005,ENELGXCH,22.17272547305316,.0062759074899,-.00024385026,.0773137327329,.0542344942057371,-.56032002
01/2006,ENELGXCH,22.23882677626266,.068334937439,-.00074374332,.1373842073609,.0525516753869677,-.56032002
02/2006,ENELGXCH,22.21880790936768,-.019819819819,-.0010241711,.1462529121329,.0527567664424428,-.56032002
03/2006,ENELGXCH,22.19931773325117,-.0085784198609,-.00052305881,.038244112525,.0534891777052299,-.56032002
04/2006,ENELGXCH,22.17368747409169,-.025304592315,-.00017993856,-.020391894216,.0467653094956221,-.56032002
05/2006,ENELGXCH,22.10229474723241,-.068903846155,-.0018249754,-.047995833221,.0525544934462318,-.56032002
06/2006,ENELGXCH,22.09051487340158,-.011710762748,-.00069497322,-.0659825034589,.0469858475789108,-.56032002
07/2006,ENELGXCH,22.12844868862266,.038662486939,-.00049989304,-.0956549539589,.0482196150184756,-.95338702
08/2006,ENELGXCH,22.16629483111274,.038571428571,.0005852406,-.0372637055689,.0480495873379301,-.95338702
09/2006,ENELGXCH,22.21327794136721,.048104306721,.0037653332,.019419021013,.0410507624039971,-.95338702
10/2006,ENELGXCH,22.26730041019292,.055508317932,.0032771791,.10023193126,.0429088780740374,-.95338702
11/2006,ENELGXCH,22.33659094503652,.071747543911,.001426524,.240883321326,.0438236705348368,-.95338702
12/2006,ENELGXCH,22.40258367790002,.0724592933,.0013997188,.325053377374,.0465578226747477,-.95338702
01/2007,ENELGXCH,22.48012524591359,.080627151052,-.0003779679,.367018041487,.0477984999347909,-.95338702
02/2007,ENELGXCH,22.46377050808101,-.016221725222,-.00082909089,.312224887694,.0475185811830277,-.95338702
03/2007,ENELGXCH,22.49710787185483,.033899280575,.00041454544,.298019861548,.046531280156626,-.95338702
04/2007,ENELGXCH,22.67096013145298,.18987975952,.00019508021,.432391303136,.0632365129289625,-.95338702
05/2007,ENELGXCH,22.62879708217134,-.028498355628,.00024850998,.332145403597,.0574685455622223,-.95338702
06/2007,ENELGXCH,22.67366990698151,.045894839575,-.0030246838,.305580949872,.0543724702751475,-.95338702
07/2007,ENELGXCH,22.55095093553547,-.11548779918,-.0030965048,.10946599964,.0729785454542903,-1.0946974
08/2007,ENELGXCH,22.57729187781007,.02669093115,-.00039016042,.152378656012,.0730758730767495,-1.0946974
09/2007,ENELGXCH,22.50669216726571,-.068165178857,-.000024529872,.05031419658,.0791718704827291,-1.0946974
10/2007,ENELGXCH,22.56051850264732,.055301317747,-.00055857608,-.084264245193,.079165598694347,-1.0946974
11/2007,ENELGXCH,22.44343565284111,-.11048850574,-.0060285251,-.166254395305,.0872848856260965,-1.0946974
12/2007,ENELGXCH,22.36714867706471,-.070196418084,-.002415336,-.282345652964,.08828192481535,-1.0946974
01/2008,ENELGXCH,22.22201965793845,-.13508930411,-.0021209968,-.301947157894,.0926560781011398,-1.0946974
02/2008,ENELGXCH,22.3887678358593,.18145671095,.0018204642,-.1471813780939999,.108788868022435,-1.0946974
03/2008,ENELGXCH,22.48498277755435,.10099568845,.0033512358,.021979489213,.1123318473749269,-1.0946974
04/2008,ENELGXCH,22.50276983535929,.034132520383,.0025360428,.000810691849,.097126321654878,-1.0946974
05/2008,ENELGXCH,22.63191530927002,.13785564043,.000085347594,.249154838019,.105299760400935,-1.0946974
06/2008,ENELGXCH,22.55021217845494,-.078454503442,-.00019508021,.240896752661,.1072154784852254,-1.0946974
07/2008,ENELGXCH,22.61047731245124,.062118112834,.001885011,.438104169605,.1024988907120078,-1.0103654
08/2008,ENELGXCH,22.58336166031217,-.026751323277,.00089797861,.229896135378,.1029316746568602,-1.0103654
09/2008,ENELGXCH,22.62723431478812,.044849289534,.0023930529,.173749736462,.1005832280411037,-1.0103654
10/2008,ENELGXCH,22.58347655368296,-.042814202977,-.00064554031,.096803013102,.101112053724664,-1.0103654
11/2008,ENELGXCH,22.56444235122571,-.018854195919,-.0045065782,-.059906823247,.0945887562928452,-1.0103654
12/2008,ENELGXCH,22.51831319372686,-.038220244018,.00010144414,-.019672563823,.0923712043755147,-1.0103654
12/2002,ENTEL,20.42896140398993,.15993568523,.00061035744,,,
01/2003,ENTEL,20.41296106264349,-.015873015874,-.00002817054,-.015873015874,,
02/2003,ENTEL,20.41296106264349,0,.0027960115,-.015873015874,.0112239171623871,
03/2003,ENTEL,20.4571013861378,.045129000757,-.00018363065,.029255984883,.0316486581477276,
04/2003,ENTEL,20.64227906115827,.20343224097,-.0010047281,.232688225853,.1002285777538581,
05/2003,ENTEL,20.59930676974283,-.028885479399,-.0025755262,.203802746454,.0951321646920865,
06/2003,ENTEL,20.56110294233128,-.037483266399,.00062191655,.166319480055,.0908870294531534,
07/2003,ENTEL,20.50530494185091,-.054269846358,-.0012375927,.127922649571,.0885665943249052,-.31285432
08/2003,ENTEL,20.56249279661446,.058854702609,-.00016355232,.18677735218,.0833843749582761,-.31285432
09/2003,ENTEL,20.63996810878275,.080555555554,-.000037006863,.222203906977,.0804558307433156,-.31285432
10/2003,ENTEL,20.68027583227084,.041131105399,.0056675547,.059902771406,.075969095050814,-.31285432
11/2003,ENTEL,20.60331479113471,-.074074074074,-.00079644454,.014714176731,.0785167315670375,-.31285432
12/2003,ENTEL,20.57628611874679,-.022622905414,.00098117441,.029574537716,.0758608606171636,-.31285432
01/2004,ENTEL,20.50536379410732,-.068465753425,,.015378630649,.0793300238029113,-.31285432
02/2004,ENTEL,20.51993318219566,.01467603894,,-.02880003302,.07924226423762,-.31285432
03/2004,ENTEL,20.50002620162878,-.019710144928,.0013525918,-.129065733502,.0790749970796062,-.31285432
04/2004,ENTEL,20.58175061321887,.085156712004,-.001550741,-.085040126897,.05666378656567,-.31285432
05/2004,ENTEL,20.56526672349718,.0041542115287,-.00023660631,-.0068118412943,.0560429799773706,-.31285432
06/2004,ENTEL,20.56249279661446,-.0027700831024,-.0012857824,.0130409810173,.0547768310829108,-.31285432
07/2004,ENTEL,20.60331479113471,.041666666666,-.00036414532,.1231734011083,.0525253414366591,-.39119083
08/2004,ENTEL,20.75129791919823,.15949333333,.0016504562,.2679906954983,.0668473939259076,-.39119083
09/2004,ENTEL,20.71783324458233,-.032910926611,.0028813477,.2547899138153001,.0655041382036055,-.39119083
10/2004,ENTEL,20.77221332759652,.055885850179,.00021289199,.2255190519903,.0662658972478306,-.39119083
11/2004,ENTEL,20.74017397385191,-.031531531532,-.00081053615,.1898333089296,.062277423396877,-.39119083
12/2004,ENTEL,20.73317277834342,-.0035005834307,.0011186828,.1891028086013,.0614594760629913,-.39119083
01/2005,ENTEL,20.81928601600524,.089929742388,.0034051177,.2373658843233,.0584049600657112,-.39119083
02/2005,ENTEL,20.80216564985678,-.016974645466,.001536011,.0608979055273,.0598586902660413,-.39119083
03/2005,ENTEL,20.9111915708803,.11519125683,-.00082738855,.2090000889683,.0628006263778093,-.39119083
04/2005,ENTEL,20.9605229262351,.06600280814,.00086833158,.2191170469293,.061745667993718,-.39119083
05/2005,ENTEL,21.0130374895292,.053917910449,.00030928824,.3045664889103,.061001883701304,-.39119083
06/2005,ENTEL,20.90716544471272,.039904837196,-.000017761435,.347971909537,.0594291604585024,-.39119083
07/2005,ENTEL,21.02002312333932,.11947259667,.00048480977,.3775147638190001,.0631870143461577,-.48366272
08/2005,ENTEL,20.85501729225946,-.15211124002,.0002506345,.242378169265,.0771422016672105,-.48366272
09/2005,ENTEL,20.88983619029198,.035432172994,-.0017100951,.162619085429,.0749476902922259,-.48366272
10/2005,ENTEL,20.85454032658026,-.034680229066,-.00180502,.061936048223,.0767487280477729,-.48366272
11/2005,ENTEL,20.89099686358649,.037129226301,-.00085458666,.045147364075,.0748145001351264,-.48366272
12/2005,ENTEL,20.90094719448152,.020202020203,-.000094155468,.025444547082,.074184556106812,-.48366272
01/2006,ENTEL,20.93021757673977,.029702970298,-.0012291243,-.06432507929,.0718443683222411,-.48366272
02/2006,ENTEL,20.98630704339082,.057692307691,-.001440101,.145478468421,.0710031541501997,-.48366272
03/2006,ENTEL,21.03075880599842,.045454545456,-.0012153074,.155500840883,.066302148556035,-.48366272
04/2006,ENTEL,21.03596263383668,.0052173913045,-.0038519735,.1953984612535,.0653254168155467,-.48366272
05/2006,ENTEL,20.97717455986633,-.024229292439,-.0014549113,.1340399425135,.0656880887399419,-.48366272
06/2006,ENTEL,20.92969821110445,-.046366972478,-.0022331632,.0674709498325,.0674050905618335,-.48366272
07/2006,ENTEL,20.95397166276773,.024570450043,-.0010445972,.0623384295775,.0580180427496723,-.88038844
08/2006,ENTEL,20.92831191595142,-.025333333334,-.0048938566,-.0206872114475,.034685031240359,-.88038844
09/2006,ENTEL,20.92765660798456,-.00065509334945,.00029997417,-.06679685025295,.0338722115923891,-.88038844
10/2006,ENTEL,20.96556615785914,.038637283822,.00033189062,-.03337695773545,.0321627035679256,-.88038844
11/2006,ENTEL,21.0220251259929,.058083198752,.0016881141,.04893553345555,.0340741058799254,-.88038844
12/2006,ENTEL,21.06484932526562,.062392857142,.000033687957,.15769536307555,.0367067638513966,-.88038844
01/2007,ENTEL,21.2391576648608,.19042256362,.00027615839,.32354747665255,.0618030100630746,-.88038844
02/2007,ENTEL,21.21762076413886,-.021306637674,.0025214683,.32757417231255,.0630310146218411,-.88038844
03/2007,ENTEL,21.32899369671897,.11781169749,-.0006218151,.446040963152,.0683428985968039,-.88038844
04/2007,ENTEL,21.39923514306163,.072767165721,-.000022691172,.480170845051,.0687526653116128,-.88038844
05/2007,ENTEL,21.46378268748956,.095984644964,-.002186673,.518072291263,.0677335159570438,-.88038844
06/2007,ENTEL,21.47753830907266,.013850665462,.0009261482,.469530099583,.0621692997730376,-.88038844
07/2007,ENTEL,21.44475553202026,-.032251245994,-.0024379417,.246856289969,.0664848716210092,-.95814723
08/2007,ENTEL,21.4728660547267,.028509351758,.0039892155,.296672279401,.0628369899992738,-.95814723
09/2007,ENTEL,21.43910671134525,-.033195855548,.0026744339,.145664726363,.0659422820867101,-.95814723
10/2007,ENTEL,21.456322036223,.017364362591,-.0015381208,.090261923233,.0665384953135983,-.95814723
11/2007,ENTEL,21.32646080653669,-.11005750951,-.0024991492,-.115780231241,.0803795744245964,-.95814723
12/2007,ENTEL,21.33311528934269,.0066766730506,-.0025672058,-.1229542236524,.0801693381010287,-.95814723
01/2008,ENTEL,21.28303895136252,-.048843187661,.0054000933,-.1395461653194,.0645777914560825,-.95814723
02/2008,ENTEL,21.36100049283223,.081081081082,.00086773548,-.0869744359954,.0669386159241157,-.95814723
03/2008,ENTEL,21.32980647934025,-.030712500001,.0016073654,-.0844910804484,.060079344349589,-.95814723
04/2008,ENTEL,21.34501083691015,.015320531835,.00084505696,-.0865349112044,.0563714593933789,-.95814723
05/2008,ENTEL,21.2705285896913,-.028335997387,-.00091661006,-.0048133990814,.0479908021805674,-.95814723
06/2008,ENTEL,21.23380612164708,-.036056376573,-.00021103171,-.047546448705,.04789369993153,-.95814723
07/2008,ENTEL,21.19107182596134,-.041834054937,.00042668876,-.040537315981,.048300057997807,-1.0746326
08/2008,ENTEL,21.19518200811733,.0041186405524,.00082820875,-.1174997565106,.0467919917654941,-1.0746326
09/2008,ENTEL,21.21516514460379,.020184135978,.00046903547,-.0666031205316,.0476459637065174,-1.0746326
10/2008,ENTEL,21.22543846842252,.010326275598,-.0025907636,-.0715973767686,.0472856539216725,-1.0746326
11/2008,ENTEL,21.19848156333445,-.026596810672,.00042722147,-.0698581900536,.036691791497368,-1.0746326
12/2008,ENTEL,21.21864456400722,.035827762924,-.0033375768,.0020259494434,.0385418206865471,-1.0746326
12/2002,EPERVA,17.78304676975376,0,,,,
01/2003,EPERVA,17.8402051835937,.058823529411,,.058823529411,,
02/2003,EPERVA,17.78304676975376,-.055555555555,,.003267973856,.0808782266053709,
03/2003,EPERVA,17.81203430662701,.029411764706,,.032679738562,.0593956683227785,
04/2003,EPERVA,17.94055315742798,.13714285714,,.169822595702,.0796030025193644,
05/2003,EPERVA,18.35069739811117,.56169445099,,.731517046692,.2422277135702041,
06/2003,EPERVA,18.20792996371902,-.13304433047,,.598472716222,.2448372360021435,
07/2003,EPERVA,18.31712925568401,.11538461538,,.655033802191,.2235829464233325,.32241881
08/2003,EPERVA,18.28203793587274,-.03448275862,.0033402748,.676106599126,.2125458728580154,.32241881
09/2003,EPERVA,18.24567029170187,-.035714285714,0,.610980548706,.2028442441427377,.32241881
10/2003,EPERVA,18.24567029170187,0,-.00015566403,.4738376915660001,.1925759926332424,.32241881
11/2003,EPERVA,18.24567029170187,0,0,-.087856759424,.1837215194370836,.32241881
12/2003,EPERVA,18.16870925056574,-.074074074075,-7.6099986e-06,-.028886503029,.1793043975826229,.32241881
01/2004,EPERVA,18.12747050254646,-.040400000001,,-.18467111841,.1810127166055193,.32241881
02/2004,EPERVA,18.3443418192089,.24218424344,,.09199588365,.1871460448598436,.32241881
03/2004,EPERVA,18.24567029170187,-.093959731544,0,.03375043782,.1925306879932109,.32241881
04/2004,EPERVA,18.22697815868971,-.018518518519,0,.015231919301,.1916414525444734,.32241881
05/2004,EPERVA,18.14850654324822,-.040867709597,0,-.025635790296,.0995533054415072,.32241881
06/2004,EPERVA,18.26764919842065,.12653061224,0,.174968896019,.0984533622582998,.32241881
07/2004,EPERVA,18.28203793587274,.014492753622,0,.229861649642,.0929947687514454,.04441997
08/2004,EPERVA,18.22697815868971,-.053571428572,0,-.06589402237,.0938676732505756,.04441997
09/2004,EPERVA,18.22697815868971,0,0,.028065709174,.0931203375663961,.04441997
10/2004,EPERVA,18.31712925568401,.094339622641,0,.140923850334,.0965644950074875,.04441997
11/2004,EPERVA,18.24567029170187,-.068965517242,0,.112826042689,.099419451902036,.04441997
12/2004,EPERVA,18.20792996371902,-.037037037037,0,-.050741606588,.0972152026862773,.04441997
01/2005,EPERVA,18.21176874002619,.0038461538461,0,-.0613882063639,.0959460761092824,.04441997
02/2005,EPERVA,18.28203793587274,.072796934866,0,.0649801570741,.0676041527629416,.04441997
03/2005,EPERVA,18.24567029170187,-.035714285715,0,.0292658713591,.0621192223577677,.04441997
04/2005,EPERVA,18.20792996371902,-.037037037037,0,-.1021107883189,.0629747089177048,.04441997
05/2005,EPERVA,18.16870925056574,0,0,-.0331452710769,.0614596957928543,.04441997
06/2005,EPERVA,18.16870925056574,0,0,.0038917659601,.0485109330936441,.04441997
07/2005,EPERVA,18.26401943037007,.1,-.0012206425,.100045612114,.0569966131879429,.11330747
08/2005,EPERVA,18.24567029170187,-.018181818181,0,.009066859067,.05465848778134,.11330747
09/2005,EPERVA,18.28203793587274,.037037037036,0,.081818181818,.0553200630012954,.11330747
10/2005,EPERVA,18.24567029170187,-.035714285714,0,.083140933141,.0495775485304866,.11330747
11/2005,EPERVA,18.20792996371902,-.037037037037,0,.046103896104,.0463864793834305,.11330747
12/2005,EPERVA,18.16870925056574,-.038461538462,0,.007642357642,.0464945896071834,.11330747
01/2006,EPERVA,18.16870925056574,0,0,-.092357642358,.0464861499589784,.11330747
02/2006,EPERVA,18.28203793587274,.12,0,.045824175823,.054460185392508,.11330747
03/2006,EPERVA,18.28203793587274,0,0,.008787138787,.0530150018658216,.11330747
04/2006,EPERVA,18.28203793587274,0,0,.044501424501,.0512313368177556,.11330747
05/2006,EPERVA,18.33422368904331,.063237221495,0,.144775683033,.0532503161922262,.11330747
06/2006,EPERVA,18.31726717720334,-.016813559322,0,.166423662173,.0539238435234927,.11330747
07/2006,EPERVA,18.31712925568401,-.00013791201217,0,.16628575016083,.0467635024426825,.17876479
08/2006,EPERVA,18.28203793587274,-.03448275862,0,.01180299154083,.0477610197877872,.17876479
09/2006,EPERVA,18.30324014352335,.021428571428,0,.03323156296883,.0470099763209542,.17876479
10/2006,EPERVA,18.20792996371902,-.090909090909,0,-.05767752794017,.053454256300289,.17876479
11/2006,EPERVA,18.22697815868971,.01923076923,0,-.10168398020517,.0524740102708177,.17876479
12/2006,EPERVA,18.21176874002619,-.015094339623,0,-.09996476050617,.0511894557775903,.17876479
01/2007,EPERVA,18.21176874002619,0,0,-.099826848494,.0511894557775903,.17876479
02/2007,EPERVA,18.26401943037007,.053639846743,0,-.011704243131,.0400786295633478,.17876479
03/2007,EPERVA,18.28203793587274,.018181818183,0,-.014950996376,.0404205090718479,.17876479
04/2007,EPERVA,18.29973751297214,.017857142857,0,.09381523739,.0406871557390516,.17876479
05/2007,EPERVA,18.29973751297214,.016473887137,0,.091058355297,.0364089811806803,.17876479
06/2007,EPERVA,18.3510308073597,.052631578947,0,.158784273867,.0390689806486882,.17876479
07/2007,EPERVA,18.3510308073597,0,0,.158784273867,.0390673836842575,.20032771
08/2007,EPERVA,18.33422368904331,-.016666666666,0,.088477760458,.0377504557909001,.20032771
09/2007,EPERVA,18.33425758677844,.000033898304537,0,.070329840579537,.037480293683236,.20032771
10/2007,EPERVA,18.33422368904331,-.000033897154935,0,.052438800567602,.0226857637177809,.20032771
11/2007,EPERVA,18.3510308073597,.016949152541,-.0049476088,.052914065971602,.0226308639703233,.20032771
12/2007,EPERVA,18.3510308073597,0,0,.000282487024602,.0213726579676096,.20032771
01/2008,EPERVA,,,0,.000282487024602,.0219841124462864,.20032771
02/2008,EPERVA,18.20792996371902,-.13333333333,0,-.116384179639398,.0468646590043814,.20032771
03/2008,EPERVA,18.24570732805805,.038499999999,0,-.077918077944935,.048145816607015,.20032771
04/2008,EPERVA,18.19830688700993,-.046294581683,0,-.124178762473,.0495397489276308,.20032771
05/2008,EPERVA,18.11951900637497,-.055359820112,0,-.196487735126,.0509206415780175,.20032771
06/2008,EPERVA,18.10683384684765,-.012605042016,0,-.209092777142,.0460739323137662,.20032771
07/2008,EPERVA,18.08532764162669,-.021276595745,0,-.230369372887,.0456419053142254,.16979837
08/2008,EPERVA,18.08532764162669,0,0,-.097036039557,.0460717243996305,.16979837
09/2008,EPERVA,,,0,-.135536039556,.0480861671685262,.16979837
10/2008,EPERVA,17.9702583118419,-.10869565217,0,-.197937110043,.0545747819290349,.16979837
11/2008,EPERVA,,,0,-.142577289931,.0549094164740112,.16979837
12/2008,EPERVA,17.96536832654771,-.0048780487805,0,-.1348502966955,.0545137063137492,.16979837
12/2002,EXCGE,20.62711934070196,.050000000001,,,,
01/2003,EXCGE,20.54869437140522,-.066843531922,,-.066843531922,,
02/2003,EXCGE,20.57029700483526,.021837659662,,-.04500587226,.0627070719327498,
03/2003,EXCGE,20.59813180382871,.028225806453,,-.016780065807,.0531402880108268,
04/2003,EXCGE,20.69165786183953,.10772655821,,.090946492403,.0713648665028604,
05/2003,EXCGE,20.65566051946458,-.035357142857,,.055589349546,.067042413865098,
06/2003,EXCGE,20.61754988968581,-.037393557942,,.018195791604,.0631504128583572,
07/2003,EXCGE,20.61446822315063,.0060513419958,,.0910906655218,.0576594658748689,-.836142
08/2003,EXCGE,20.67363935633686,.060956790123,,.1302097959828,.0571213492542938,-.836142
09/2003,EXCGE,20.69344198363304,.019999999999,,.1219839895288,.0535229396157375,-.836142
10/2003,EXCGE,20.69169361036817,.0063802802197,,.0206377115385,.050489831627933,-.836142
11/2003,EXCGE,20.70935743893893,.017820756617,,.0738156110125,.0479409631187955,-.836142
12/2003,EXCGE,20.73704086766762,.028070175438,,.1392793443925,.0459516451197987,-.836142
01/2004,EXCGE,20.65491977869852,-.071261340969,,.0619666614277,.0466627496935744,-.836142
02/2004,EXCGE,20.69165786183953,.037421267136,,.0384311384407,.0471527824950773,-.836142
03/2004,EXCGE,20.59223208170152,-.094642857143,,-.0762117187013,.0562568757746113,-.836142
04/2004,EXCGE,20.57432115513499,-.008113717844,,-.090705716765,.0457656902880484,-.836142
05/2004,EXCGE,20.51645377281444,-.056224899598,,-.16475137298,.0473580289625577,-.836142
06/2004,EXCGE,20.56827884067903,.053191489362,,-.139630059056,.0493510315768656,-.836142
07/2004,EXCGE,20.57029700483526,.011928930842,,-.056439787245,.0494459418940342,-.97048062
08/2004,EXCGE,20.61176395261877,.042338709678,,-.051522344703,.0476340336990246,-.97048062
09/2004,EXCGE,20.61797287713997,.0062282398449,,.0493487522849,.0472439996467433,-.97048062
10/2004,EXCGE,20.66634005385524,.059166916149,,.1166293862779,.0504669994605327,-.97048062
11/2004,EXCGE,20.66634005385524,0,,.1728542858759,.0502258993620028,-.97048062
12/2004,EXCGE,20.66999636505835,.003663003663,,.1233258001769,.0495046852777816,-.97048062
01/2005,EXCGE,20.64785523918114,-.011618644118,,.0997782252169,.044599531935709,-.97048062
02/2005,EXCGE,20.57832917653253,-.067164179104,,-.0097246635651,.0475154473832958,-.97048062
03/2005,EXCGE,20.57029700483526,-.0079999999998,,-.0239529034098,.0383766958630288,-.97048062
04/2005,EXCGE,20.57832917653253,.018621441017,,-.0644983785418,.0385046394902365,-.97048062
05/2005,EXCGE,20.59813180382871,.019999999999,,-.0444983785428,.0335762011701225,-.97048062
06/2005,EXCGE,20.61754988968581,.029925790152,,-.0182355920538,.0315072859820736,-.97048062
07/2005,EXCGE,20.62898426731521,.011500000001,,.0048830520652,.0315036041015522,-.85861033
08/2005,EXCGE,20.71809111890769,.093197459979,,.1652446911482,.0389728810062175,-.85861033
09/2005,EXCGE,20.73362206085939,.024953982314,,.198198673462,.0390536435324987,-.85861033
10/2005,EXCGE,20.73019152580205,-.0034246575342,,.1761525749108,.036654785357066,-.85861033
11/2005,EXCGE,20.69165786183953,-.037800687285,,.1183518876268,.039071680096756,-.85861033
12/2005,EXCGE,20.76065073332649,.081598931234,,.1700250287088,.0446929439903563,-.85861033
01/2006,EXCGE,20.73396446805013,-.026333333334,,.1321916953738,.0456117164430202,-.85861033
02/2006,EXCGE,20.73533292529279,.0013693940436,,.0403636294384,.038634012105736,-.85861033
03/2006,EXCGE,20.77718003527769,.042735042736,,.0581446898604,.0384088588433696,-.85861033
04/2006,EXCGE,20.84069344100002,.075318847548,,.1368881949426,.0414110202416275,-.85861033
05/2006,EXCGE,20.85614271478536,.015569230769,,.1902581129966,.0414899025074906,-.85861033
06/2006,EXCGE,20.82518925446406,-.020408742464,,.0882504392986,.0435204468380581,-.85861033
07/2006,EXCGE,20.87843376902568,.0546875,,.1692712726326,.0443932013328018,-.8932358
08/2006,EXCGE,20.95676561225277,.081481481482,,.249383360071,.0428623608748323,-.8932358
09/2006,EXCGE,21.0911528029958,.15398397167,,.360632289005,.0569521016723372,-.8932358
10/2006,EXCGE,21.03575402357141,-.05389221557,,.231421225887,.0617044255079972,-.8932358
11/2006,EXCGE,21.13794496450098,.10759493671,,.323446931828,.0613061039616588,-.8932358
12/2006,EXCGE,21.1716560218422,.042578955981,,.386434630273,.0600842720887416,-.8932358
01/2007,EXCGE,21.08712073295856,-.08106077348,,.2506863567929999,.0671963521914796,-.8932358
02/2007,EXCGE,21.1185582506718,.031936895772,-.00040588289,.201141771083,.0663801474226498,-.8932358
03/2007,EXCGE,21.18373744277185,.067350268002,-.0017924125,.114508067415,.0669331754299768,-.8932358
04/2007,EXCGE,21.21384724426808,.038608525789,.00045669629,.207008808774,.065984176998609,-.8932358
05/2007,EXCGE,21.22018306270493,.0063559322025,-.0027049351,.1057698042665,.0663031482038886,-.8932358
06/2007,EXCGE,21.20872823225046,-.0040724549863,.000050524399,.0591183932992,.0652034410766811,-.8932358
07/2007,EXCGE,21.13794496450098,-.068336208181,-.00053035445,.0718429585982,.0715540813673532,-1.2142476
08/2007,EXCGE,21.10872210581417,-.0288,-.0019775925,.0111060628262,.0709831787775657,-1.2142476
09/2007,EXCGE,21.08514677890098,-.014822491109,-.0012854317,-.0710666962848,.0568332517883717,-1.2142476
10/2007,EXCGE,21.06075532577682,-.024096385542,-.0035329799,-.1337716076158,.0547031304173823,-1.2142476
11/2007,EXCGE,21.16269595288354,.0090525304186,-.0092385411,-.1310750093997,.0445335893037008,-1.2142476
12/2007,EXCGE,21.12542455837751,-.0273577341,-.0010115951,-.1543602885134,.042691886634492,-1.2142476
01/2008,EXCGE,20.94259654420029,-.1670886076,-.0035494629,-.2531126879324,.0598589363017839,-1.2142476
02/2008,EXCGE,20.94563144790347,.0030395136782,-.001881983,-.2212731742542,.0583567890751277,-1.2142476
03/2008,EXCGE,20.96066932530745,.015151515152,-.001450406,-.1912991679932,.0531709965538678,-1.2142476
04/2008,EXCGE,21.01865658295558,.071269621441,-.0011415842,-.0959331610102,.0572289988983579,-1.2142476
05/2008,EXCGE,20.99008321043602,-.028169014085,-.00083825522,-.1331547055138,.0566959582372742,-1.2142476
06/2008,EXCGE,20.9725389008156,-.0066058825005,-.00079110509,-.1124028539143,.0566277306139222,-1.2142476
07/2008,EXCGE,20.88311109092214,-.085545722714,-.002401802,-.0308599690283,.0581003108269977,-.82115239
08/2008,EXCGE,20.84965437914493,-.032903225807,-.0001671575,-.0668027085135,.0581453397447698,-.82115239
09/2008,EXCGE,20.81641971642347,-.019728943308,.00019089637,-.1016831669735,.058092115700041,-.82115239
10/2008,EXCGE,20.80949927356055,-.006896551723,-.00014432751,-.1798493401375,.0583124665627841,-.82115239
11/2008,EXCGE,20.78453752748636,-.024652777778,.00013964315,-.1763331038305,.057434309869517,-.82115239
12/2008,EXCGE,20.73752577393409,-.032605963412,-.00064155692,-.202333184742,.0574673004746725,-.82115239
12/2002,EXESVALA,19.05669233891768,.1875,,,,
01/2003,EXESVALA,19.00262511763564,-.052631578948,,-.052631578948,,
02/2003,EXESVALA,18.98393298465723,-.018518518518,,-.071150097466,.0241215763570795,
03/2003,EXESVALA,18.99891452405528,.015094325227,,-.056055772239,.0338632599652581,
04/2003,EXESVALA,19.00724406353931,.057405998312,,.001350226073,.0470313730372426,
05/2003,EXESVALA,19.09117851497898,.087557603687,,.08890782976,.0563953000076247,
06/2003,EXESVALA,18.92566407652186,-.15254237288,,-.06363454312,.085903344406574,
07/2003,EXESVALA,18.96488478966354,.040000000001,,.028997035829,.0807176319133601,
08/2003,EXESVALA,18.99332272499004,.028846153846,,.076361708193,.0755933867999221,
09/2003,EXESVALA,19.10798563331582,.1214953271,,.182762710066,.0813796509615154,
10/2003,EXESVALA,19.04344711219166,-.062499999999,,.062856711755,.0804563563033198,
11/2003,EXESVALA,19.06559991680332,.0224,,-.002300891932,.0764795090776191,
12/2003,EXESVALA,19.03002409182979,-.034950443401,,.115291037547,.0739608052766474,
01/2004,EXESVALA,19.00262511763564,-.027027027027,,.048264010519,.0725242981147271,
02/2004,EXESVALA,19.03002409182979,.027777777777,,.04719563445,.0723070593148128,
03/2004,EXESVALA,18.96490472236765,-.063063063063,,-.137362755713,.0752939504905995,
04/2004,EXESVALA,19.0209941890419,.057692307691,,-.017170448023,.075312530210185,
05/2004,EXESVALA,18.96970089465724,-.013461538461,,-.053031986484,.0705983650333821,
06/2004,EXESVALA,19.22909288153475,.14832535885,,.130243815767,.0665977436760821,
07/2004,EXESVALA,19.24545823560717,.0165,,.173770842794,.0663158841744981,-.045701582
08/2004,EXESVALA,19.23573742423749,-.0096737170024,,.1363193480146,.066700860188877,-.045701582
09/2004,EXESVALA,19.27629448300375,.041390728476,,.2407731395536,.058625519514022,-.045701582
10/2004,EXESVALA,19.3394409387116,.065182829889,,.2482636617516,.0560761017575299,-.045701582
11/2004,EXESVALA,19.32440306132288,-.014925373134,,.2467998270786,.0569148773887533,-.045701582
12/2004,EXESVALA,19.36187399278543,.061252525253,,.1597269934816,.0558281316552336,-.045701582
01/2005,EXESVALA,19.32440306132288,-.036777583188,,.1064494102936,.056704994348853,-.045701582
02/2005,EXESVALA,19.36158206456522,.03787878788,,.154001915176,.0568514524132785,-.045701582
03/2005,EXESVALA,19.36158206456522,0,,.1126111867,.0506262391110701,-.045701582
04/2005,EXESVALA,19.3167984619457,-.016967100453,,.030461256358,.0514210771445722,-.045701582
05/2005,EXESVALA,19.36522505587878,.049618320611,,.095004950103,.0505463362280718,-.045701582
06/2005,EXESVALA,19.46548165958491,.10545454545,,.1392069703,.0421184313232857,-.045701582
07/2005,EXESVALA,19.46548165958491,.013157894737,,.189142448225,.0421900954329215,-.20683846
08/2005,EXESVALA,19.44554744470534,-.019736842106,,.131526818239,.0430257131535769,-.20683846
09/2005,EXESVALA,19.46548165958491,.020134228189,,.151661046428,.0426715046045367,-.20683846
10/2005,EXESVALA,19.45223643284897,-.013157894737,,.155470252144,.0414431335665777,-.20683846
11/2005,EXESVALA,19.4386782682676,-.013466666667,,.092385264866,.0413478264771489,-.20683846
12/2005,EXESVALA,19.40094313848018,-.037032031355,,-.050101311939,.0412202245014897,-.20683846
01/2006,EXESVALA,19.3542560244809,-.031681393265,,-.094940599941,.040746944729337,-.20683846
02/2006,EXESVALA,19.40444576902757,.051470588236,,-.023733169599,.0418319986581069,-.20683846
03/2006,EXESVALA,19.38324356136201,-.02097902098,,-.064846418768,.0426714944340761,-.20683846
04/2006,EXESVALA,19.38324356136201,.024601726915,,-.027086797116,.0422130120861761,-.20683846
05/2006,EXESVALA,19.3542560244809,-.028571428572,,-.042191559021,.0416906860739965,-.20683846
06/2006,EXESVALA,19.30528201989643,-.047794117647,,-.052953645313,.0295539361196407,-.20683846
07/2006,EXESVALA,19.29363140268903,-.011583011584,,-.032855263632,.0287510752803931,-.18796234
08/2006,EXESVALA,19.36885482392541,.094970703125,,.010644851257,.0416363758128152,-.18796234
09/2006,EXESVALA,19.38338640829855,.014637681159,,.046261553396,.0414112770126932,-.18796234
10/2006,EXESVALA,19.38481375653443,.0014283673772,,.0230881938582,.0412533119782282,-.18796234
11/2006,EXESVALA,19.44554744470534,.062615889317,,.1142755117472,.0447497243333547,-.18796234
12/2006,EXESVALA,19.47347593585799,.028322147651,,.1903917770452,.0429773655973036,-.18796234
01/2007,EXESVALA,19.57149985368211,.1029891659,,.3049639545292,.0479815237200241,-.18796234
02/2007,EXESVALA,19.54146756658343,-.018031873336,.000015485612,.1919613780682,.0483828554951037,-.18796234
03/2007,EXESVALA,20.71156200631852,.018292682927,-.0000267339,.1956163798362,.0468942457766544,-.18796234
04/2007,EXESVALA,19.60638711267622,.073977637143,.00019149466,.268165649602,.0494180344560538,-.18796234
05/2007,EXESVALA,19.65108729160582,.045714285714,.00030864048,.251264045999,.0467791415249726,-.18796234
06/2007,EXESVALA,19.68862521091319,.038251366119,0,.261193264467,.0397616780347969,-.18796234
07/2007,EXESVALA,19.75972113260217,.073684210527,0,.231888309094,.0377343058629621,-.18905112
08/2007,EXESVALA,19.7694773075371,.019752728678,0,.269672911108,.0347616168521119,-.18905112
09/2007,EXESVALA,19.78393539072264,.014563106797,-.00088317256,.265943334978,.0347662710824457,-.18905112
10/2007,EXESVALA,19.79818741341463,.014354066985,-.00042841074,.20631976482,.0336983618166941,-.18905112
11/2007,EXESVALA,19.79837607488321,.00018867924518,-.00050127559,.16079415835118,.0346183064365619,-.18905112
12/2007,EXESVALA,19.79818741341463,-.00018864365211,,.12235414858007,.0360187689640244,-.18905112
01/2008,EXESVALA,,,,.04866993805307,.0296098483505147,-.18905112
02/2008,EXESVALA,19.77913978162404,1.81898940350e-12,,.028917209376889,.0273731753401769,-.18905112
03/2008,EXESVALA,19.77913921846431,,,.014354102579889,.0286874266912841,-.18905112
04/2008,EXESVALA,19.65656390378003,.016006901178,,.016006936772889,.0238140837545199,-.18905112
05/2008,EXESVALA,19.73992915402478,.032027392888,,.047845650415709,.0226809084825778,-.18905112
06/2008,EXESVALA,19.73992915402478,0,,.048034294067819,.0226482285738911,-.18905112
07/2008,EXESVALA,19.65656390378003,0,,.048034294067819,.0113292577211882,-.41847008
08/2008,EXESVALA,19.08617632684535,.0095238095237,,.0575581035897,.0107655533891775,-.41847008
09/2008,EXESVALA,19.3542560244809,,,.0575581035897,.0112037493642328,-.41847008
10/2008,EXESVALA,19.22922894012132,0,,.0415512024117,.0112062735687845,-.41847008
11/2008,EXESVALA,19.22909288153475,,,.0095238095237,.0117187666835132,-.41847008
12/2008,EXESVALA,19.22909288153475,,,.0095238095237,.0122433741162565,-.41847008
12/2002,EXWMTCL,20.33199944823806,.1011235955,,,,
01/2003,EXWMTCL,20.29032675183749,-.030480295568,,-.030480295568,,
02/2003,EXWMTCL,20.25127623696562,-.038297872339,,-.068778167907,.0055278615472205,
03/2003,EXWMTCL,20.13900893509454,-.10619469026,,-.174972858167,.0416408492427485,
04/2003,EXWMTCL,20.35220215555558,.23762376238,,.062650904213,.1518297908635131,
05/2003,EXWMTCL,20.43101333597987,.092304565436,,.154955469649,.1358823327516784,
06/2003,EXWMTCL,20.53452371234953,.10905730129,,.2640127709390001,.1256460457203671,
07/2003,EXWMTCL,20.61302677383748,.081666666667,,.376159733174,.1155786902418966,-.81026572
08/2003,EXWMTCL,20.66847168485927,.057010785824,,.471468391337,.107039054978374,-.81026572
09/2003,EXWMTCL,20.76959583452902,.10641399417,,.6840770757669999,.1018557883986572,-.81026572
10/2003,EXWMTCL,20.82220578480132,.054018445324,,.500471758711,.096033940343436,-.81026572
11/2003,EXWMTCL,20.79688797681703,-.025000000001,,.3831671932740001,.0943468503395107,-.81026572
12/2003,EXWMTCL,20.85901975792403,.070711896798,,.344821788782,.0901758811168017,-.81026572
01/2004,EXWMTCL,20.6332824843728,-.20207228916,,.0610828329550001,.1145389776736827,-.81026572
02/2004,EXWMTCL,20.81447598673937,.1986470979,,.202719145031,.1207398579354556,-.81026572
03/2004,EXWMTCL,20.70285902716875,-.1056132218,,-.009308070939,.1206688639422911,-.81026572
04/2004,EXWMTCL,20.59121905602608,-.10563380281,,-.168960319073,.1142758296895714,-.81026572
05/2004,EXWMTCL,20.57534570686979,.0038585814218,,-.1401017376502,.1125644428982808,-.81026572
06/2004,EXWMTCL,20.5990622334871,.024000000001,,-.1868136344472,.1090886420762755,-.81026572
07/2004,EXWMTCL,20.62983389215386,.03125,,.0465086547128,.1071645529805848,-1.3042666
08/2004,EXWMTCL,20.84078217010751,.055263651706,,-.0968747914812,.1070945088810089,-1.3042666
09/2004,EXWMTCL,20.76814914117236,-.070057971015,,-.0613195406962,.1045612698195563,-1.3042666
10/2004,EXWMTCL,20.68421310968271,-.080509927376,,-.0361956652622,.1047663114000036,-1.3042666
11/2004,EXWMTCL,20.79633040780342,.11864406779,,.078589821106,.1117543165889908,-1.3042666
12/2004,EXWMTCL,20.80538024332333,.0090909090904,,.0636807301954,.1093425002481167,-1.3042666
01/2005,EXWMTCL,20.79645161257903,-.0088888888877,,.0235418413077,.0912608457355081,-1.3042666
02/2005,EXWMTCL,20.82323786072334,.027148224457,,-.0045735859413,.069046488349666,-1.3042666
03/2005,EXWMTCL,20.91338590614142,.094336283186,,.1598206682597,.0675788315586777,-1.3042666
04/2005,EXWMTCL,20.89439162097963,-.018815030459,,.2215155651767,.0582923448899949,-1.3042666
05/2005,EXWMTCL,20.8949409206364,.00054945054944,,.10342094793614,.0583599184402796,-1.3042666
06/2005,EXWMTCL,20.93740900606332,.043382756727,,.13771279557274,.0588923968318508,-1.3042666
07/2005,EXWMTCL,20.97865196459737,.042105263157,,.18870694761744,.0592172933289046,-.85832715
08/2005,EXWMTCL,20.96081709696134,-.0078486212806,,.15371010187984,.0583732113048906,-.85832715
09/2005,EXWMTCL,20.95695360213629,-.0038560411313,,.05551777756254,.0527237690406728,-.85832715
10/2005,EXWMTCL,20.89850403253272,-.056774193548,,.01755861447354,.0490087159163599,-.85832715
11/2005,EXWMTCL,20.86653466647666,-.03146374829,,-.0144545843659,.0398148023587738,-.85832715
12/2005,EXWMTCL,20.8038776134388,-.060734463277,,-.1185718043699,.0443872286937558,-.85832715
01/2006,EXWMTCL,20.79505686992547,-.008781954888,,-.1694590224149,.044384943268262,-.85832715
02/2006,EXWMTCL,20.86681711246075,.074397718308,,-.0872126828263,.048739223331108,-.85832715
03/2006,EXWMTCL,20.8261833709531,-.02896976021,,-.112326401905,.0406426787843911,-.85832715
04/2006,EXWMTCL,20.77489007656555,-.05,,-.105552208357,.0425759118391007,-.85832715
05/2006,EXWMTCL,20.68759720766695,-.083591331269,,-.157679791336,.0477712847987068,-.85832715
06/2006,EXWMTCL,20.66047597268351,-.026756756756,,-.123702084815,.0442253661360063,-.85832715
07/2006,EXWMTCL,20.64670482778682,-.013676756456,,-.128596886383,.0397917186919948,-.7974261
08/2006,EXWMTCL,20.65273993382386,.00605335398,,-.196941250711,.040526894304382,-.7974261
09/2006,EXWMTCL,20.73497066736864,.08570628979,,-.082265200711,.0513194543558849,-.7974261
10/2006,EXWMTCL,20.78456449037602,.050844180952,,.018578980241,.0529643972610957,-.7974261
11/2006,EXWMTCL,20.87777073974359,.097688109401,,.199858420911,.0602212656586065,-.7974261
12/2006,EXWMTCL,20.89724468996204,.030930574047,,.257545751714,.0570614053051798,-.7974261
01/2007,EXWMTCL,20.94401869282423,.047885163271,,.319107671441,.0576038381413161,-.7974261
02/2007,EXWMTCL,20.82606571697331,-.11126215622,.0016057387,.201792161241,.0649244594354771,-.7974261
03/2007,EXWMTCL,20.91951298109787,.097952700317,.0034223511,.214038571768,.069855348436315,-.7974261
04/2007,EXWMTCL,21.02792301360415,.11450463484,.004785276,.277699025656,.0728764470421597,-.7974261
05/2007,EXWMTCL,21.28851055270049,.30917986851,-.0036656442,.489190784765,.102147283611613,-.7974261
06/2007,EXWMTCL,21.33473582478961,.047310314167,.00029141104,.505570524885,.0987807249579463,-.7974261
07/2007,EXWMTCL,21.31404136407975,-.020481799852,-.0016878288,.437203561762,.0992829042434642,-.83193099
08/2007,EXWMTCL,21.24342203519983,-.068183459733,.0021273883,.4802822582490001,.1052869747436955,-.83193099
09/2007,EXWMTCL,21.24609267716027,.0026742113005,-.00010736196,.3850037692325,.1059437600111319,-.83193099
10/2007,EXWMTCL,21.39506700380187,.16064319122,.001001275,.4311423256125,.1106669694393782,-.83193099
11/2007,EXWMTCL,21.32873960323658,-.057394238904,-.0058119306,.0645682181985,.1147278771070149,-.83193099
12/2007,EXWMTCL,21.25114348503686,-.074661921708,.0008090359,-.0574040176765,.1199323156520144,-.83193099
01/2008,EXWMTCL,21.10171843691958,-.13879701561,.006200782,-.1757192334345,.1301163523881721,-.83193099
02/2008,EXWMTCL,21.00492007847371,-.0833615722,.0052498216,-.1908973459015,.1277504681597213,-.83193099
03/2008,EXWMTCL,20.88888196516866,-.109558715,.0023414046,-.303130272202,.1308539830324061,-.83193099
04/2008,EXWMTCL,20.93740900606332,.049723756905,.0011800407,-.414049706517,.1272955807112798,-.83193099
05/2008,EXWMTCL,20.87805003034728,-.047046143159,-.0028941906,-.4037016107720001,.0827411189163794,-.83193099
06/2008,EXWMTCL,20.90618987887641,.0285395141,-.0023731478,-.3005001749640001,.0813482574904694,-.83193099
07/2008,EXWMTCL,20.93234356678149,.026498696787,.00028106902,-.135204462567,.0829534889588242,-1.1029919
08/2008,EXWMTCL,20.96614989598036,.044939737247,-.000155627,-.00690315312,.0841321468022095,-1.1029919
09/2008,EXWMTCL,20.99040085708645,.02454740718,-.0023348301,.12720296906,.0848190810576339,-1.1029919
10/2008,EXWMTCL,20.93630313165166,-.052660477189,-.0011705168,.024818734966,.0647077847617674,-1.1029919
11/2008,EXWMTCL,20.91613160761604,-.019969439907,.00016834233,.051895438218,.0642960825527831,-1.1029919
12/2008,EXWMTCL,21.23638235460999,.37747311828,-.003248638,.400829042398,.1320676626866795,-1.1029919
12/2002,FALABELLA,20.80540962211763,.19006479482,.0014730729,,,
01/2003,FALABELLA,20.71823324225849,-.083484573503,.00029939489,-.083484573503,,
02/2003,FALABELLA,20.74731134528315,.02950499884,.0010588982,-.053979574663,.0798956928071033,
03/2003,FALABELLA,20.78524395254145,.038661232242,.00062969333,-.015318342421,.06803195074064,
04/2003,FALABELLA,21.01576761115329,.25925925926,-.0000906313,.243940916839,.1433800086401832,
05/2003,FALABELLA,21.04489796013027,.045158163197,.00019662151,.289099080036,.1243723014258345,
06/2003,FALABELLA,21.12673003764048,.085273552761,.00069583138,.3743726327970001,.1118051583478661,
07/2003,FALABELLA,21.22707670482049,.10555411094,-.0025798192,.56341131724,.1033590362865204,-.78249127
08/2003,FALABELLA,21.29606957630745,.071428571429,.00060683081,.6053348898290001,.0956972440052083,-.78249127
09/2003,FALABELLA,21.36060809744502,.066666666668,-.00037304565,.6333403242550001,.0895197244808154,-.78249127
10/2003,FALABELLA,21.70702088611424,.16666666667,-.00020862755,.540747731665,.0899094715879251,-.78249127
11/2003,FALABELLA,21.61349482810488,-.089285714285,-.00052358641,.406303854183,.0991648573771669,-.78249127
12/2003,FALABELLA,21.64057578668153,.03347708585,-.00037739234,.354507387272,.0949389878982053,-.78249127
01/2004,FALABELLA,21.603642531633,-.036259541985,,.2126937343470001,.0892238547085377,-.78249127
02/2004,FALABELLA,21.79254305955117,.20792079208,,.349185954998,.0973276815491124,-.78249127
03/2004,FALABELLA,21.76343497539527,-.028688524591,.0017387148,.253830763739,.1017413175973013,-.78249127
04/2004,FALABELLA,21.72472046319133,-.037974683544,.00083810877,.049189413525,.0877383461261475,-.78249127
05/2004,FALABELLA,21.76772953798224,.054209585625,.0026371167,.192684713435,.0877397088443119,-.78249127
06/2004,FALABELLA,21.80920672494149,.042349382404,.0012250633,.201557009989,.0870393609139688,-.78249127
07/2004,FALABELLA,21.96518678933688,.16880290206,.00076068979,.406619454034,.0926832348715779,-1.0565468
08/2004,FALABELLA,21.92299594794391,-.041313194014,-.0001430608,.15738546794,.0961412753266958,-1.0565468
09/2004,FALABELLA,21.86509244066869,-.056258992804,.0012307428,.129814999727,.0997790441145648,-1.0565468
10/2004,FALABELLA,21.9092326013807,.045128830614,.00024404455,.212918513885,.0906108361203898,-1.0565468
11/2004,FALABELLA,21.9382034662236,.03521614696,.00078507327,.19392507522,.0835851504620497,-1.0565468
12/2004,FALABELLA,21.89305577802193,-.044143697301,.000046564623,.107431995515,.0864336909024651,-1.0565468
01/2005,FALABELLA,21.8483344191756,-.043736100815,.00038901999,-.10510700736,.086946731402854,-1.0565468
02/2005,FALABELLA,21.85220289594863,.0038759689924,-.00010242391,-.0599178443536,.0651747259729516,-1.0565468
03/2005,FALABELLA,21.84063040066687,-.011505791506,-.0001402098,-.0151646430556,.0644774909307719,-1.0565468
04/2005,FALABELLA,21.79744903829332,-.042262323256,.00025025706,-.1025557969256,.0647760060071241,-1.0565468
05/2005,FALABELLA,21.80484413926045,.01905940594,.000098329569,-.1187125379456,.0633341828609836,-1.0565468
06/2005,FALABELLA,21.89008621383518,.08898064934,.00031117679,.0144118086954,.067069667149655,-1.0565468
07/2005,FALABELLA,21.97282692136327,.085991104017,.00017658986,.1441390135274,.0517792466792024,-1.203789
08/2005,FALABELLA,21.90935168882964,-.061502636805,.00031688227,.07876040773,.0536530604596512,-1.203789
09/2005,FALABELLA,21.97344312759901,.066189885425,.0005892138,.156456084661,.0532977634004974,-1.203789
10/2005,FALABELLA,21.88699160880473,-.08281998631,.00064258545,.115898421607,.0585572576704458,-1.203789
11/2005,FALABELLA,21.90180669458987,.022499443083,-.00022425402,.11933845875,.0579963380022846,-1.203789
12/2005,FALABELLA,21.93791169923199,.036764705881,.00062587776,.067122515291,.0570871347614193,-1.203789
01/2006,FALABELLA,21.93578177298011,-.0021276595735,.00089415349,-.0209962482995,.0549630782755026,-1.203789
02/2006,FALABELLA,22.01138623880721,.078535891969,.00051571644,.1190422804745,.0582989079353768,-1.203789
03/2006,FALABELLA,22.07340924280928,.063986820427,-.0011134909,.1168392154765,.059072080632812,-1.203789
04/2006,FALABELLA,22.12495024590408,.05289235724,.000059857713,.2525515590265,.0558466729737673,-1.203789
05/2006,FALABELLA,22.04220781883403,-.069560047562,.0002656015,.1604920683815,.0629359132861992,-1.203789
06/2006,FALABELLA,22.09206237905924,.051118210864,-.00039265925,.1748455733645,.0602359883242625,-1.203789
07/2006,FALABELLA,22.08290200966058,-.0091185410338,.00033062234,.1678546919042,.0569549724807106,-1.1225193
08/2006,FALABELLA,22.04041707903383,-.041595092024,-.00093827862,.0477237079112,.054863337737116,-1.1225193
09/2006,FALABELLA,22.0950972827544,.056202790936,.0011053098,.0399396784202,.0540679451805743,-1.1225193
10/2006,FALABELLA,22.12206373098076,.027333333333,.00071899692,.0143806545132,.0448789265665653,-1.1225193
11/2006,FALABELLA,22.16530154142765,.051479684407,-.00049248373,.1354203864822,.0456667278142312,-1.1225193
12/2006,FALABELLA,22.21999301027022,.056214689266,.00049316342,.1405168648842,.0464734764397745,-1.1225193
01/2007,FALABELLA,22.40079786070886,.19818133191,.00016999764,.347816737828,.0668492024295148,-1.1225193
02/2007,FALABELLA,22.38009393451263,-.020491071428,-.000047792924,.368920758424,.0681593541972922,-1.1225193
03/2007,FALABELLA,22.42718763857348,.048220226972,.000036220725,.36093819446,.0676942852708328,-1.1225193
04/2007,FALABELLA,22.54914089241367,.12970129136,-.00059723121,.463306152487,.0731182319735032,-1.1225193
05/2007,FALABELLA,22.51862057811527,-.02198560702,-.00052189617,.38984086106,.067741203141177,-1.1225193
06/2007,FALABELLA,22.59407113271169,.081922499079,.00011605598,.415548670873,.0686228223251913,-1.1225193
07/2007,FALABELLA,22.58013878936467,-.013835737415,-.000074482938,.203531601548,.0689819561929126,-1.2758892
08/2007,FALABELLA,22.51821477306305,-.060150283272,.00096193235,.163872389704,.0712919025319045,-1.2758892
09/2007,FALABELLA,22.52300847513245,.0048052102775,-.00029518642,.1204573730095,.072058138918909,-1.2758892
10/2007,FALABELLA,22.67539602426499,.16461149316,-.00034768184,.1553675748095,.0802730214836867,-1.2758892
11/2007,FALABELLA,22.60467333187807,-.062019144889,-.0027052632,.1153340369405,.0867112132093114,-1.2758892
12/2007,FALABELLA,22.47847766430868,-.11855763977,-.0015597617,-.0851461019085,.0980596542848251,-1.2758892
01/2008,FALABELLA,22.52364063636016,.046198347107,-.0015645425,-.0251120173865,.0826138112332695,-1.2758892
02/2008,FALABELLA,22.45324461644605,-.061078095228,-.00025017688,-.0260398293425,.0849897074104263,-1.2758892
03/2008,FALABELLA,22.45548814608318,.0022460482269,-.00030107505,-.0285989913931,.0842159540964344,-1.2758892
04/2008,FALABELLA,22.50312996162826,.048794926002,.00022382187,-.1444155585511,.0764361194717787,-1.2758892
05/2008,FALABELLA,22.54918256804573,.047129495244,-.0017475404,-.0352669184181,.077154433854503,-1.2758892
06/2008,FALABELLA,22.38968775450214,-.14773033534,-.0016843751,-.0644396139881,.0848867699533091,-1.2758892
07/2008,FALABELLA,22.35535928320727,-.033745934226,-.0003627837,-.1443838953211,.0851102741665604,-1.4382343
08/2008,FALABELLA,22.28254876394711,-.070223011828,-.00068643212,-.1535288119211,.0856534022886752,-1.4382343
09/2008,FALABELLA,22.25379254793729,-.028360235329,-.0010017805,-.184135095477,.0854924399791038,-1.4382343
10/2008,FALABELLA,22.1648173803284,-.085131708326,-.00033140092,-.318061729805,.0650150612626141,-1.4382343
11/2008,FALABELLA,22.05887845201336,-.10052042086,.00040831594,-.465711645909,.0671926205400308,-1.4382343
12/2008,FALABELLA,22.10743716585241,.049745299038,-.00051114714,-.268236011531,.0672675903382149,-1.4382343
12/2002,FASA,18.89846651364016,.064356435643,,,,
01/2003,FASA,18.84594847935671,-.051162790699,,-.051162790699,,
02/2003,FASA,18.78636498204868,-.057843137254,,-.109005927953,.0047237183497167,
03/2003,FASA,18.75357515922569,-.032258064516,,-.141263992469,.0132703406710721,
04/2003,FASA,19.00846740885449,.29032258064,,.149058588171,.1690528788657556,
05/2003,FASA,19.12625044451087,.12867296966,,.277731557831,.1520041222412726,
06/2003,FASA,19.19770940849301,.074074074075,,.351805631906,.1361668665275644,
07/2003,FASA,19.14815690251834,-.048344810749,,.354623611856,.1307138540360782,-1.0428972
08/2003,FASA,19.2045138089978,.05797521457,,.47044196368,.1211279076295634,-1.0428972
09/2003,FASA,19.22156062431519,.017192941412,,.519892969608,.1136881756357457,-1.0428972
10/2003,FASA,19.37426726057022,.17129316181,,.400863550778,.1147116189329222,-1.0428972
11/2003,FASA,19.32692113997302,-.046242774565,,.225947806553,.1130246161919744,-1.0428972
12/2003,FASA,19.42498235314923,.10303030302,,.254904035498,.109024248644554,-1.0428972
01/2004,FASA,19.23161096016869,-.17582417582,,.127424670427,.1244464728090443,-1.0428972
02/2004,FASA,19.28483572140599,.054666666665,,.124116122522,.1205686233014697,-1.0428972
03/2004,FASA,19.26440078299169,-.02022756005,,.08669562106,.1198745911335598,-1.0428972
04/2004,FASA,19.29614948130627,.032258064515,,-.052339476235,.0931091894725799,-1.0428972
05/2004,FASA,19.26440078299169,-.028830193621,,-.034926895291,.0887891526524499,-1.0428972
06/2004,FASA,19.25792826848607,-.0064516129023,,-.1444088112133,.0870196534423966,-1.0428972
07/2004,FASA,19.35087438099551,.097402597403,,.1288179620097,.0884165803651035,-1.55898
08/2004,FASA,19.3567741031227,.0059171597622,,.0800684551069,.0877308424419468,-1.55898
09/2004,FASA,19.3023800310569,-.047204902554,,.0530911126029,.0896672287513887,-1.55898
10/2004,FASA,19.27722147142075,-.024844720498,,-.0040116724101,.0745178342278643,-1.55898
11/2004,FASA,19.25141358746487,-.025477707007,,-.0006591857961,.0737019756644027,-1.55898
12/2004,FASA,19.21140825285118,-.039215686274,,-.0334232591678,.066157248683681,-1.55898
01/2005,FASA,19.24222113928071,.031292517006,,-.0995333395648,.0434569441225252,-1.55898
02/2005,FASA,19.21751203578919,-.024406332454,,-.129856831781,.0407271215847869,-1.55898
03/2005,FASA,19.26116976241024,.04462474645,,-.038027182777,.0426567269991245,-1.55898
04/2005,FASA,19.24485618691871,-.016181229774,,-.029363692053,.0417382463922089,-1.55898
05/2005,FASA,19.15184599169983,-.08607088291,,-.089956867956,.0478144747620712,-1.55898
06/2005,FASA,19.13289498722954,-.018772563178,,-.06951374486,.0479208817490585,-1.55898
07/2005,FASA,19.18382029633235,.052244297278,,-.048561964588,.0399522873484185,-1.2956789
08/2005,FASA,19.05008908354531,-.12517482517,,-.149330457304,.0509223875084979,-1.2956789
09/2005,FASA,19.08851011652802,.039168665067,,-.154786538687,.0532807607638945,-1.2956789
10/2005,FASA,18.96764541433423,-.11384615384,,-.252451462753,.0603404732957571,-1.2956789
11/2005,FASA,18.96764541433423,0,,-.166380579843,.060711059997809,-1.2956789
12/2005,FASA,18.9831496008702,.015625,,-.131983016665,.0613060578065738,-1.2956789
01/2006,FASA,18.9745658571788,-.008547008546,,-.192774322489,.0595180656173985,-1.2956789
02/2006,FASA,19.01345495036552,.039655172413,,-.027944324906,.0619222408564296,-1.2956789
03/2006,FASA,19.08851011652802,.077943615257,,.010830625284,.0654729385365797,-1.2956789
04/2006,FASA,19.15472991583274,.068461538462,,.193138317586,.069421429659847,-1.2956789
05/2006,FASA,19.08071054804948,-.066318778026,,.12681953956,.0675314169739382,-1.2956789
06/2006,FASA,19.05328142464428,-.027056360958,,.084138178602,.0677459927598457,-1.2956789
07/2006,FASA,19.04928940337474,-.0039840637446,,.0887011234034,.0654073106824508,-1.1226987
08/2006,FASA,19.08078807043411,.031999999999,,.0810459509894,.0548403990224419,-1.1226987
09/2006,FASA,19.14095659190057,.062015503876,,.0651178396084,.0565269063259765,-1.1226987
10/2006,FASA,19.19757146794517,.058248175183,,.0549044763294,.0436241011057631,-1.1226987
11/2006,FASA,19.26116976241024,.071576375067,,.1927996294224,.0453981672710166,-1.1226987
12/2006,FASA,19.34921620224296,.09203883495,,.3118948253304,.0489348287406392,-1.1226987
01/2007,FASA,19.44133149115076,.096491228071,,.412370117146,.0502048324219686,-1.1226987
02/2007,FASA,19.39712539864627,-.043243243243,-.00046802001,.337126873904,.0559005168482896,-1.1226987
03/2007,FASA,19.48366585497732,.090395480225,0,.365506850253,.0568801946456258,-1.1226987
04/2007,FASA,19.54398564521085,.062176165804,0,.369434840874,.0565810996929785,-1.1226987
05/2007,FASA,19.60317451660118,.065105963065,0,.362964428872,.047022318373712,-1.1226987
06/2007,FASA,19.62410339697282,.021149425287,-.00024666666,.292075019209,.0419724048749814,-1.1226987
07/2007,FASA,19.7263072020048,.10760918505,-.00014495333,.303192976188,.0411995812773174,-1.3890942
08/2007,FASA,19.65905497499563,-.065040650406,-.0015138667,.281395569025,.0544944734658819,-1.3890942
09/2007,FASA,19.6146032124248,-.04347826087,-.00060000003,.14752182793,.060796376075389,-1.3890942
10/2007,FASA,19.65905497499563,.045454545454,-.0023983333,.13080020758,.0606118315166898,-1.3890942
11/2007,FASA,19.57756194074445,-.072498260934,-.0030777266,-.006804016419,.0679750139348429,-1.3890942
12/2007,FASA,19.44246598250715,-.12636792452,-.0056527331,-.154321366226,.078226853753438,-1.3890942
01/2008,FASA,19.26123448523477,-.16575778846,-.00185578,-.427688339736,.0883014888429585,-1.3890942
02/2008,FASA,19.49397522463618,.26205423597,-.0025633334,-.10059345336,.1172172035791322,-1.3890942
03/2008,FASA,19.3567741031227,-.1282051282,0,-.18532032069,.1213592973540165,-1.3890942
04/2008,FASA,19.3626392225751,.0058823529416,0,-.2248925132024,.1196809684949224,-1.3890942
05/2008,FASA,19.33896947848919,-.01575646911,-.00021253333,-.1681507213784,.1174561322828077,-1.3890942
06/2008,FASA,19.26440078299169,-.071856287424,0,-.1136390842824,.1179516840252622,-1.3890942
07/2008,FASA,19.08851011652802,-.16129032258,-.01020748,-.1091716184024,.1165561814948282,-1.3554665
08/2008,FASA,19.00846740885449,-.076923076923,0,-.4481489312954,.1167945693049945,-1.3554665
09/2008,FASA,18.87493601622996,-.125,0,-.4449438030954,.1190018225062034,-1.3554665
10/2008,FASA,18.70961203580458,-.15238095238,-.0023648599,-.603207108417,.1178930950649714,-1.3554665
11/2008,FASA,18.65772720043557,-.050561797754,0,-.6380124370610001,.1180040806302944,-1.3554665
12/2008,FASA,18.59825354322411,-.046432520709,0,-.612588670346,.1166071144981153,-1.3554665
12/2002,FORUS,,,,,,
01/2003,FORUS,,,,0,,
02/2003,FORUS,,,,0,,
03/2003,FORUS,,,,0,,
04/2003,FORUS,,,,0,,
05/2003,FORUS,,,,0,,
06/2003,FORUS,,,,0,,
07/2003,FORUS,,,,0,,
08/2003,FORUS,,,,0,,
09/2003,FORUS,,,,0,,
10/2003,FORUS,,,,0,,
11/2003,FORUS,,,,0,,
12/2003,FORUS,,,,0,,
01/2004,FORUS,,,,0,,
02/2004,FORUS,,,,0,,
03/2004,FORUS,,,,0,,
04/2004,FORUS,,,,0,,
05/2004,FORUS,,,,0,,
06/2004,FORUS,,,,0,,
07/2004,FORUS,,,,0,,
08/2004,FORUS,,,,0,,
09/2004,FORUS,,,,0,,
10/2004,FORUS,,,,0,,
11/2004,FORUS,,,,0,,
12/2004,FORUS,,,,0,,
01/2005,FORUS,,,,0,,
02/2005,FORUS,,,,0,,
03/2005,FORUS,,,,0,,
04/2005,FORUS,,,,0,,
05/2005,FORUS,,,,0,,
06/2005,FORUS,,,,0,,
07/2005,FORUS,,,,0,,
08/2005,FORUS,,,,0,,
09/2005,FORUS,,,,0,,
10/2005,FORUS,,,,0,,
11/2005,FORUS,,,,0,,
12/2005,FORUS,,,,0,,
01/2006,FORUS,,,,0,,
02/2006,FORUS,,,,0,,
03/2006,FORUS,,,,0,,
04/2006,FORUS,,,,0,,
05/2006,FORUS,,,,0,,
06/2006,FORUS,,,,0,,
07/2006,FORUS,,,,0,,
08/2006,FORUS,,,,0,,
09/2006,FORUS,,,,0,,
10/2006,FORUS,,,,0,,
11/2006,FORUS,,,,0,,
12/2006,FORUS,18.59375753259191,,,0,,
01/2007,FORUS,18.85929401776781,.30413043478,-.0061706896,.30413043478,,
02/2007,FORUS,18.84265358000853,-.016502750458,-.0046374341,.287627684322,.2267218995552322,
03/2007,FORUS,18.83071822945926,-.01186440678,-.0032525139,.275763277542,.1837933139881456,
04/2007,FORUS,19.00788070344318,.19382504288,-.0055544223,.469588320422,.1584805727932578,
05/2007,FORUS,19.08924879235779,.10071443314,-.006974028,.570302753562,.1374508315966637,
06/2007,FORUS,19.17889576595704,.09378807947,0,.664090833032,.1232180197874369,
07/2007,FORUS,19.1474052363296,-.030999866797,0,.328960531455,.1245789089779872,-.76193953
08/2007,FORUS,19.18993881557696,.043451094089,-.0044917804,.388914376002,.1165280584339737,-.76193953
09/2007,FORUS,19.19593293494612,.0060121200495,-.0013418205,.4067909028315,.1121031007849724,-.76193953
10/2007,FORUS,19.25384238943575,.059619047619,0,.2725849075705,.1058162086574731,-.76193953
11/2007,FORUS,19.16571915634963,-.078029887591,-.0036179812,.0938405868395,.1103837134794176,-.76193953
12/2007,FORUS,19.12087579452598,-.043852760737,0,-.0438002533675,.1094631948163129,-.76193953
01/2008,FORUS,18.90766338837791,-.19201550189,.00040623828,-.2048158884605,.0986074750023005,-.76193953
02/2008,FORUS,18.99922264070007,.095881708305,0,-.1523852742445,.1011303807295751,-.76193953
03/2008,FORUS,19.01332562304236,.014202898552,.017603658,-.144194495742,.1006694018079726,-.76193953
04/2008,FORUS,18.96980875549378,-.042583595313,0,-.246397138674,.0860296378922127,-.76193953
05/2008,FORUS,18.90347758374169,-.052118874102,.00001330914,-.220486125185,.0812994596058371,-.76193953
06/2008,FORUS,18.75410018266709,-.13875598086,.000027039992,-.315389345308,.0818800687314528,-.76193953
07/2008,FORUS,18.7706294846183,.016666666666,5.8111418e-06,-.106707176752,.0829725039612367,-1.1416959
08/2008,FORUS,18.71635985468424,-.052823315117,.005058011,-.255412200174,.0802609903321644,-1.1416959
09/2008,FORUS,18.47868820280712,-.21153846154,.00018957786,-.481153560266,.0938288334241367,-1.1416959
10/2008,FORUS,18.36516437651013,-.10731707317,-.0045570531,-.545887038123,.0879481791375401,-1.1416959
11/2008,FORUS,18.28853115048922,-.055558113832,0,-.549326277853,.0879085277428739,-1.1416959
12/2008,FORUS,18.29441352039228,.0058997050146,.001808685,-.4046705919784,.0900988407719658,-1.1416959
12/2002,FOSFOROS,18.01421513551062,.0090909090904,.000011666667,,,
01/2003,FOSFOROS,18.09225998649611,.081171149177,0,.081171149177,,
02/2003,FOSFOROS,,,0,.081171149177,,
03/2003,FOSFOROS,18.0932946851096,.0014451948537,.00015164702,.0826163440307,.0563747629385744,
04/2003,FOSFOROS,18.34599703866536,.2875,.0026973661,.3701163440307,.1476229284483434,
05/2003,FOSFOROS,18.36204874767586,.045176447347,.00058184913,.4152927913777,.1267161918083159,
06/2003,FOSFOROS,18.39828174900889,.012738853504,.00011075944,.4280316448817,.117055612879462,
07/2003,FOSFOROS,18.45334152619191,.056603773584,.00034078048,.4034642692886999,.1053651013151419,-.23490539
08/2003,FOSFOROS,18.46517598383892,.011904761905,.00078494311,.4153690311936999,.099644583857517,-.23490539
09/2003,FOSFOROS,18.46517598383892,0,.0010153009,.41392383634,.095601087508769,-.23490539
10/2003,FOSFOROS,18.54973337186698,.088235294119,.0019988944,.214659130459,.0898510185067767,-.23490539
11/2003,FOSFOROS,18.54973337186698,0,.0004825691,.169482683112,.0871685633586744,-.23490539
12/2003,FOSFOROS,18.54973337186698,0,.0019946666,.156743829608,.0845541096748635,-.23490539
01/2004,FOSFOROS,18.54973337186698,0,,.100140056024,.085402919364893,-.23490539
02/2004,FOSFOROS,18.54973337186698,0,,.088235294119,.0824940381686529,-.23490539
03/2004,FOSFOROS,18.54973337186698,0,.0042604716,.088235294119,.0825596027634862,-.23490539
04/2004,FOSFOROS,18.54973337186698,0,0,0,.0293791653566771,-.23490539
05/2004,FOSFOROS,18.54973337186698,.033519553072,0,.033519553072,.0285766234783611,-.23490539
06/2004,FOSFOROS,18.49416352071217,-.054054054054,-.000091869915,-.020534500982,.0352013650290429,-.23490539
07/2004,FOSFOROS,18.49416352071217,0,0,-.020534500982,.0322553796067136,-.67879164
08/2004,FOSFOROS,18.54865170599624,.056,0,.035465499018,.0352803204748108,-.67879164
09/2004,FOSFOROS,18.47687202360211,-.069264069264,.00011447154,-.033798570246,.0421225843205481,-.67879164
10/2004,FOSFOROS,18.49416352071217,.017441860466,.000038504066,-.01635670978,.033385946720195,-.67879164
11/2004,FOSFOROS,18.46517598383892,-.028571428572,8.1300814e-06,-.078447691424,.0342865545446906,-.67879164
12/2004,FOSFOROS,18.5361277198112,.073529411766,0,.049135774396,.0409410468703402,-.67879164
01/2005,FOSFOROS,18.54973337186698,.013698630137,0,.062834404533,.0410593556587587,-.67879164
02/2005,FOSFOROS,18.56048616364324,.010810810811,0,.017645215344,.0410935691462935,-.67879164
03/2005,FOSFOROS,18.55512422050186,-.0053475935829,0,.0815616910251,.0411748435152715,-.67879164
04/2005,FOSFOROS,18.57640161894914,.021505376344,0,.0856252069031,.041452922095722,-.67879164
05/2005,FOSFOROS,18.52233439767886,.022727271566,0,.1369239070411,.0409097107418146,-.67879164
06/2005,FOSFOROS,18.52233439767886,0,0,.0633944952751,.0365780715727782,-.67879164
07/2005,FOSFOROS,18.52233439767886,0,-.00043414635,.0496958651381,.0365780715727782,-.61916971
08/2005,FOSFOROS,18.52233439767886,0,0,.0388850543271,.0335348634102876,-.61916971
09/2005,FOSFOROS,18.52233439767886,0,3.4959351e-06,.04423264791,.0243470508185139,-.61916971
10/2005,FOSFOROS,18.43532302068924,-.083333333334,.00015908942,-.060606061768,.0362156610701922,-.61916971
11/2005,FOSFOROS,,,0,-.083333333334,.0366088315198721,-.61916971
12/2005,FOSFOROS,18.39758968568893,-.037030303029,0,-.120363636363,.0305495938013357,-.61916971
01/2006,FOSFOROS,18.34001284088491,-.055950657688,0,-.176314294051,.03333642034579,-.61916971
02/2006,FOSFOROS,18.27101996939796,-.066666666666,0,-.242980960717,.036209645607301,-.61916971
03/2006,FOSFOROS,18.27813743716682,.0071428571428,0,-.2358381035742,.0368552915131236,-.61916971
04/2006,FOSFOROS,18.27813743716682,0,0,-.1525047702402,.0351132592114168,-.61916971
05/2006,FOSFOROS,18.27101996939796,.027146001466,0,-.1253587687742,.035664023374278,-.61916971
06/2006,FOSFOROS,18.27101996939796,0,0,-.0883284657452,.035664023374278,-.61916971
07/2006,FOSFOROS,18.30611128920923,.035714285714,0,.0033364776568,.0390306595941543,-.54194605
08/2006,FOSFOROS,18.40455136202248,.10344827586,0,.1734514201828,.0531188319832485,-.54194605
09/2006,FOSFOROS,18.40586300144728,.0013124999987,0,.1676210630387,.0531359214096086,-.54194605
10/2006,FOSFOROS,18.43532302068924,.029898258537,0,.1975193215757,.0473524700557296,-.54194605
11/2006,FOSFOROS,18.44737135920541,.012121212121,0,.1824945322307,.0452082622003971,-.54194605
12/2006,FOSFOROS,18.49416352071217,.047904191617,0,.2303987238477,.044716551424271,-.54194605
01/2007,FOSFOROS,18.49416352071217,0,0,.1946844381337,.0396336632062236,-.54194605
02/2007,FOSFOROS,18.49986154182681,.0057142857131,0,.0969504479868,.0302142368597457,-.54194605
03/2007,FOSFOROS,18.52233439767886,.022727272728,0,.1183652207161,.0298249860186705,-.54194605
04/2007,FOSFOROS,18.53886369963008,.016666666666,0,.1051336288451,.0289906740287137,-.54194605
05/2007,FOSFOROS,18.55544674912907,.052375565612,0,.1453879823361,.0300388650543117,-.54194605
06/2007,FOSFOROS,18.55566171043686,.00021498441492,0,.09769877513402,.0300211465565629,-.54194605
07/2007,FOSFOROS,18.6023771053524,.047823750672,0,.14552252580602,.0305274269841045,-.58887297
08/2007,FOSFOROS,,,0,.13980824009292,.0202454962669826,-.58887297
09/2007,FOSFOROS,18.57640161894914,-.025641025641,0,.09143994172392,.0241842206692685,-.58887297
10/2007,FOSFOROS,18.57640161894914,0,0,.07477327505792,.0245236742477921,-.58887297
11/2007,FOSFOROS,18.57640161894914,0,-.00042790244,.02239770944592,.0250006290714299,-.58887297
12/2007,FOSFOROS,,,0,.022182725031,.0237524777004034,-.58887297
01/2008,FOSFOROS,18.27101996939796,-.26315789474,.000081300816,-.288798920381,.0905011014175478,-.58887297
02/2008,FOSFOROS,18.27101996939796,0,0,-.288798920381,.09037845207906,-.58887297
03/2008,FOSFOROS,18.23465232522708,-.035714285715,0,-.298872180455,.0895608865490796,-.58887297
04/2008,FOSFOROS,18.23465232522708,0,0,-.298872180455,.0889402891106914,-.58887297
05/2008,FOSFOROS,18.20457486998981,.022638563622,0,-.276233616833,.0866291233334157,-.58887297
06/2008,FOSFOROS,18.18140781070827,-.022900763359,0,-.299134380192,.0861773937152843,-.58887297
07/2008,FOSFOROS,18.21995221348447,.039296875,-.012225674,.003320389548,.0853856901343318,
08/2008,FOSFOROS,18.27101996939796,.052394196799,0,.055714586347,.0846005075357322,
09/2008,FOSFOROS,18.27094853827539,-.000071428571573,0,.091357443490427,.0848169665148153,
10/2008,FOSFOROS,18.27094853827539,0,0,.091357443490427,.0848169665148153,
11/2008,FOSFOROS,18.34001284088491,.071505107508,0,.140223987376427,.0890422519785299,
12/2008,FOSFOROS,18.3728026637079,.033333333333,0,.196458084068427,.085917240835399,
12/2002,GASCO,19.93272631037782,.084700539152,.0022593988,,,
01/2003,GASCO,19.85576526924169,-.074074074075,.0012778929,-.074074074075,,
02/2003,GASCO,19.88532407148323,.033214982443,.0026932559,-.040859091632,.0758648194109846,
03/2003,GASCO,19.91403417736566,.029126213592,.0010707738,-.01173287804,.060797421894067,
04/2003,GASCO,19.96945103364551,.060053751644,.0007217619,.048320873604,.0590515769109795,
05/2003,GASCO,20.03805345958613,.071010318579,.0012773988,.119331192183,.0575314513388357,
06/2003,GASCO,19.98679353164809,-.046351012086,.00042561904,.072980180097,.058903633388339,
07/2003,GASCO,19.96909395454869,-.017543859648,.00049327977,.129510394524,.054931222258799,-.81685716
08/2003,GASCO,20.1135034653204,.15931138323,.00058695237,.255606795311,.0738330224107558,-.81685716
09/2003,GASCO,20.13339700583997,.020092735702,.0006398274,.246573317421,.0691011171361531,-.81685716
10/2003,GASCO,20.22035283928973,.094379706012,.0001168631,.280899271789,.0686346486349754,-.81685716
11/2003,GASCO,20.14843488320451,-.069392756664,.0028848036,.140496196546,.072050733918112,-.81685716
12/2003,GASCO,20.2204083828296,.078356050863,.0039259107,.265203259495,.0704913797667115,-.81685716
01/2004,GASCO,20.03808682603564,-.16666666667,,.116080452473,.0860521096821202,-.81685716
02/2004,GASCO,20.1778487684108,.15454246214,,.111311531383,.0944081609559112,-.81685716
03/2004,GASCO,20.03808682603564,-.13043478261,-.00013816071,-.039215986929,.1052455161062112,-.81685716
04/2004,GASCO,19.9885463804755,-.044084821428,.00016579167,-.177680514369,.1056904010195315,-.81685716
05/2004,GASCO,19.93309661217801,-.05394045534,-.000045279761,-.162228213045,.1051365617864963,-.81685716
06/2004,GASCO,19.95107544904601,.023083863221,-3.7916666e-06,-.217500400687,.1043703361594956,-.81685716
07/2004,GASCO,19.9673066439746,.016363636363,.000081178572,-.034470097654,.1041936260255658,-1.1221682
08/2004,GASCO,20.06115209896664,.10390952976,.0011680357,-.085103030034,.097856240879047,-1.1221682
09/2004,GASCO,20.08687699020507,.026058631922,.00042348809,.071390384498,.097970585294346,-1.1221682
10/2004,GASCO,20.05491116642595,-.026510370191,.00015597024,.088964835735,.0938113462728593,-1.1221682
11/2004,GASCO,20.08050754191959,.025926775706,.00029783929,.168832066781,.0921043563286248,-1.1221682
12/2004,GASCO,20.09004656496635,.014509467777,.00069947616,.160257671337,.0889927291983439,-1.1221682
01/2005,GASCO,19.96909395454869,-.11392405063,.00038736904,.029969984344,.0812342567341018,-1.1221682
02/2005,GASCO,19.97975124902268,.016061980346,-.00062193454,-.05787756507,.0655478523679313,-1.1221682
03/2005,GASCO,19.93272631037782,-.045936395758,.000045369048,-.12987259275,.05541353396859,-1.1221682
04/2005,GASCO,19.96909395454869,.043219076006,.0013359404,-.060143146553,.0555284236599953,-1.1221682
05/2005,GASCO,19.95107544904601,-.017857142857,.00036498808,-.103927065116,.0531250139807863,-1.1221682
06/2005,GASCO,19.98503760494583,.04040690188,.0018155833,-.078029631013,.0538789821664179,-1.1221682
07/2005,GASCO,19.97265902071319,-.012302284709,.0010547381,.023592134908,.0540541384275721,-.92812026
08/2005,GASCO,19.99691754899757,.030606650622,.00090813689,.038136805184,.045213157408659,-.92812026
09/2005,GASCO,19.98994645070771,-.006946856548,.00060680357,.077126344394,.0443707107770681,-.92812026
10/2005,GASCO,19.96909395454869,-.015008060853,.0001725,.018899207535,.0439719889184432,-.92812026
11/2005,GASCO,19.8396358873118,-.12142857142,.00028919644,-.084672221028,.0543717912129754,-.92812026
12/2005,GASCO,19.91403417736566,.084042142991,.0021788869,-.041036979917,.0611663170044432,-.92812026
01/2006,GASCO,19.87556789653787,-.037735849057,.0012117262,-.066470544265,.0527670681916705,-.92812026
02/2006,GASCO,19.91403417736566,.04590950712,.00079786906,-.051167687767,.0544532800690221,-.92812026
03/2006,GASCO,19.88528523577768,-.028339622642,.0013199584,-.072560453861,.0533616747170255,-.92812026
04/2006,GASCO,19.95107544904601,.074369273612,.0014762024,.016816880604,.0563112179806659,-.92812026
05/2006,GASCO,19.9437761465644,-.0072727272718,.00065464881,.1309727247522,.0560374546106533,-.92812026
06/2006,GASCO,19.88726393630106,-.049104622687,.00049005955,-.0021740409258,.056683933206686,-.92812026
07/2006,GASCO,19.90463162098496,.017519379846,.00016678571,.0530811879772,.056920992589474,-.69809532
08/2006,GASCO,20.01276901805135,.12103903267,.0011961251,.1282107135272,.0666564991435163,-.69809532
09/2006,GASCO,20.08687699020507,.076923076922,.00087422621,.2334734130912,.0694653385685355,-.69809532
10/2006,GASCO,20.10262534717321,.021026461736,-.00002070238,.1801306012152,.068901791270991,-.69809532
11/2006,GASCO,20.13339700583997,.03125,.00023097024,.218653328487,.0535125453241007,-.69809532
12/2006,GASCO,20.16911508844205,.041337187107,.0013004465,.309095138281,.0508846141914987,-.69809532
01/2007,GASCO,20.20642214085486,.038011695906,-.00019805953,.329587454341,.0468553714260435,-.69809532
02/2007,GASCO,20.17726889016898,-.023964404388,.00074969645,.184584017283,.0492358481397571,-.69809532
03/2007,GASCO,20.16354404339259,-.013631090487,-.00074056548,.094029849874,.0479239058549244,-.69809532
04/2007,GASCO,20.16324996898965,.0046709122944,.0006386012,.0776743004324,.0458796071110797,-.69809532
05/2007,GASCO,19.96909395454869,-.17647058824,-.0015542262,-.1300462878076,.0733160310046997,-.69809532
06/2007,GASCO,20.07087664885863,.11324776423,.00004957143,-.0581357106846,.0768394534504296,-.69809532
07/2007,GASCO,19.93272631037782,-.12903225806,.000029678571,-.2251796646506,.0882299079718841,-.85824275
08/2007,GASCO,19.91407191250274,-.012021622861,.00015704762,-.2132368831236,.0808836174220925,-.85824275
09/2007,GASCO,19.91403417736566,-.000037734426769,0,-.199643527063369,.0769802168959416,-.85824275
10/2007,GASCO,19.83556256192417,-.06926681018,-.0052291192,-.273581249537769,.078202823111092,-.85824275
11/2007,GASCO,19.85576526924169,.020408163266,-.003321762,-.076702498031769,.0776639811318278,-.85824275
12/2007,GASCO,19.83556256192417,-.013095731455,-.000058904763,-.203045993716769,.0754916011221158,-.85824275
01/2008,GASCO,19.77238366030264,-.061224489796,.00016483928,-.135238225452769,.0737637002984226,-.85824275
02/2008,GASCO,19.7279318977318,-.036029397119,.0004499107,-.159245999710769,.0737556610275921,-.85824275
03/2008,GASCO,19.70494237950711,-.022727272728,-.012681732,-.181935538012,.0736070678173268,-.85824275
04/2008,GASCO,19.70494237950711,.0080264400367,.00065701193,-.1046422877953,.0737644116190588,-.85824275
05/2008,GASCO,19.67663860334425,-.027906976744,0,-.1529574278053,.0580092341357833,-.85824275
06/2008,GASCO,19.70494237950711,.036668096773,-.000083190476,-.1031935995773,.0448384571808649,-.85824275
07/2008,GASCO,19.70261408974751,-.0023255813949,-.0012561071,-.0442946911762,.031043463280647,-.44565123
08/2008,GASCO,19.65731433051785,-.036485448589,-.00017857143,-.0447507426462,.0316306061764334,-.44565123
09/2008,GASCO,19.55466017645777,-.097560975611,-2.9761905e-08,-.1195844455292,.0386302846235432,-.44565123
10/2008,GASCO,19.52720564517083,-.021645779857,0,-.1492566654229,.0360429942168526,-.44565123
11/2008,GASCO,19.40947816661327,-.11106172565,-.00033488689,-.2324114143289,.0417836201336389,-.44565123
12/2008,GASCO,19.39055015672775,-.012539556961,-.000086309527,-.2816190680629,.0418069357105737,-.44565123
12/2002,IAM,,,,,,
01/2003,IAM,,,,0,,
02/2003,IAM,,,,0,,
03/2003,IAM,,,,0,,
04/2003,IAM,,,,0,,
05/2003,IAM,,,,0,,
06/2003,IAM,,,,0,,
07/2003,IAM,,,,0,,
08/2003,IAM,,,,0,,
09/2003,IAM,,,,0,,
10/2003,IAM,,,,0,,
11/2003,IAM,,,,0,,
12/2003,IAM,,,,0,,
01/2004,IAM,,,,0,,
02/2004,IAM,,,,0,,
03/2004,IAM,,,,0,,
04/2004,IAM,,,,0,,
05/2004,IAM,,,,0,,
06/2004,IAM,,,,0,,
07/2004,IAM,,,,0,,
08/2004,IAM,,,,0,,
09/2004,IAM,,,,0,,
10/2004,IAM,,,,0,,
11/2004,IAM,,,,0,,
12/2004,IAM,,,,0,,
01/2005,IAM,,,,0,,
02/2005,IAM,,,,0,,
03/2005,IAM,,,,0,,
04/2005,IAM,,,,0,,
05/2005,IAM,,,,0,,
06/2005,IAM,,,,0,,
07/2005,IAM,,,,0,,
08/2005,IAM,,,,0,,
09/2005,IAM,,,,0,,
10/2005,IAM,,,,0,,
11/2005,IAM,19.95969619208992,,,0,,
12/2005,IAM,19.88266218691859,-.074141630901,.00032437901,-.074141630901,,
01/2006,IAM,20.08838756451044,.22841580716,-.003361823,.154274176259,.2139404161513619,
02/2006,IAM,20.04992128368265,-.037735849057,-.000131243,.116538327202,.1651782312053462,
03/2006,IAM,20.10707969752259,.058823529411,.001809848,.175361856613,.1352368528680259,
04/2006,IAM,20.24523003600341,.14814814815,.00025568801,.323510004763,.12606654341414,
05/2006,IAM,20.12542883619079,-.10316127438,.00097310398,.220348730383,.131949100902366,
06/2006,IAM,20.13447867171071,.075126926034,.000054671,.369617287318,.1213238609656252,
07/2006,IAM,20.17853866150474,.045045045044,-.000192587,.186246525202,.1123285386867543,.13159575
08/2006,IAM,20.21244021318042,.034482758621,.001128318,.25846513288,.1051082596900484,.13159575
09/2006,IAM,20.1954635889733,-.016833333333,.000015965999,.182808270136,.1008089697969065,.13159575
10/2006,IAM,20.1776589643398,.0061316341271,.00098337303,.0407917561131,.0960537069350035,.13159575
11/2006,IAM,20.33465784590467,.16999430534,-.001564633,.3139473358331,.099743727567851,.13159575
12/2006,IAM,20.30014579359953,-.033923303835,.0024095511,.2048971059641,.095999300998713,.13159575
01/2007,IAM,20.24523003600341,-.053435114503,-.000429023,.1064169464171,.0811418292092928,.13159575
02/2007,IAM,20.26124625023975,.016145161289,.00015983899,.0880793490851,.0788499929790158,.13159575
03/2007,IAM,20.29094327466836,.030142378693,.002713368,.1350550611111,.0782925104320917,.13159575
04/2007,IAM,20.29248292085396,.0015408320487,.0058082691,.1304642590327,.0683953053077007,.13159575
05/2007,IAM,20.33225082155093,.054492658008,.0033527431,.0149626117007,.0581637208669331,.13159575
06/2007,IAM,20.32278827034929,-.0094179221433,.001942764,.0394679933924,.0569663371371534,.13159575
07/2007,IAM,20.25792332778283,-.034074395239,-.000360929,.0588287126564,.0584103732417837,-.3304671
08/2007,IAM,20.26138909491229,.0034717798444,.000301425,.0461553312118,.0580958556456601,-.3304671
09/2007,IAM,20.27348827474535,.012172671004,-.001068629,.0281856235228,.0574236077835819,-.3304671
10/2007,IAM,20.22896951513163,-.021102683613,.00050000002,.0055421078611,.058277590785449,-.3304671
11/2007,IAM,20.169845815548,-.057409836065,-.001492447,-.1063603862119,.0338475554577731,-.3304671
12/2007,IAM,20.21244021318042,.043514557028,-.001665157,-.0534279070406,.0357069419595252,-.3304671
01/2008,IAM,20.14344734169347,-.066666666668,-.004969338,-.0860201784696,.0376208368389795,-.3304671
02/2008,IAM,20.115837531789,-.027232142857,.010514223,-.116724101171,.0377746224222898,-.3304671
03/2008,IAM,20.1593909920906,.044515832951,.0072475448,-.084380939224,.039220908110221,-.3304671
04/2008,IAM,20.19172717158288,.032864674869,.002750247,-.030413580742,.0406877231119273,-.3304671
05/2008,IAM,20.11455171236129,-.058729281185,.0026659211,-.031733025862,.0394881772865023,-.3304671
06/2008,IAM,20.10689449518852,.034557277373,-.002841844,-.040690305517,.0416794569757358,-.3304671
07/2008,IAM,20.12542883619079,.018707167994,-.010411206,.044683529145,.0414439769447546,-.20585097
08/2008,IAM,20.08838756451044,-.036363636365,-.000025461,.035552035637,.0424234220601497,-.20585097
09/2008,IAM,19.96824325266838,-.11320754717,.0077904742,-.122171344484,.0517500494588648,-.20585097
10/2008,IAM,19.96824325266838,.035188592457,.00061928597,-.119847426896,.05387312301428,-.20585097
11/2008,IAM,20.01601973200696,.048936170213,.0056748139,-.012181975498,.0545603310361605,-.20585097
12/2008,IAM,20.01276901805135,-.0032454361062,.0034408169,-.0499846889772,.0525163964518786,-.20585097
12/2002,IANSA,17.68669745314754,-.068965517241,-.0044218441,,,
01/2003,IANSA,17.66989037793558,-.016666624281,-.00097501377,-.016666624281,,
02/2003,IANSA,17.626593574084,-.04237287953,-.00018351371,-.059039503811,.0181770674054802,
03/2003,IANSA,17.73548759712819,.11504417509,-.01414581,.056004671279,.0844478885813717,
04/2003,IANSA,18.07271540902859,.40105820512,-.0018673786,.457062876399,.2032481776509288,
05/2003,IANSA,17.94895743867103,-.05589122235,.000018335133,.401171654049,.1917629871313137,
06/2003,IANSA,17.81675058140488,-.12384026368,.000027547139,.277331390369,.1906816927224939,
07/2003,IANSA,17.90984100447008,.09756097561,-.0006530087,.39155899026,.1751459923673794,1.3702677
08/2003,IANSA,17.88736814860969,-.022222222222,.021242391,.411709647568,.1643520895517446,1.3702677
09/2003,IANSA,17.86111751898548,-.025909077038,-.010685593,.27075639544,.1554975605042499,1.3702677
10/2003,IANSA,17.97853755158068,.12459169567,-.009480359,-.00571011401,.1492390824068099,1.3702677
11/2003,IANSA,17.90984100447008,-.066390056272,-.0054921447,-.016208947932,.1455190417393639,1.3702677
12/2003,IANSA,17.91028535017418,.00044444444393,-.00621591,.10807576019193,.1391050223036088,1.3702677
01/2004,IANSA,17.92308623121177,.012883163037,,.02339794761893,.1384228031245201,1.3702677
02/2004,IANSA,17.88736814860969,-.035087719298,,.01053245054293,.1380701478626472,1.3702677
03/2004,IANSA,17.76674016083069,-.11363636363,-3.2235455e-06,-.07719483604907,.1417777635579593,1.3702677
04/2004,IANSA,17.74076467441781,-.025641025641,-.00001345219,-.22742755736007,.0735544306133992,1.3702677
05/2004,IANSA,17.68669745314754,-.052631578948,0,-.21366908003607,.0734134143245725,1.3702677
06/2004,IANSA,17.8408481329748,.16666666667,0,-.04744685781,.0830243815756075,1.3702677
07/2004,IANSA,17.8408481329748,0,0,-.060330020847,.0777513755983254,1.074218
08/2004,IANSA,17.91869061974699,.080952380953,.000029419165,.055710079404,.081075438163902,1.074218
09/2004,IANSA,18.08845198186614,.18502202643,.0053191772,.354368469464,.0952656258759509,1.074218
10/2004,IANSA,18.19752307691353,.11524163568,0,.495251130785,.0943943009425246,1.074218
11/2004,IANSA,18.14271484041853,-.053333333332,.0018012007,.4945493764010001,.0933482758083033,1.074218
12/2004,IANSA,18.11414146797448,-.028169014085,-.0002626912,.299713695646,.0943482271685801,1.074218
01/2005,IANSA,18.1374191528405,.023550724636,-.0021919385,.323264420282,.0943148177558756,1.074218
02/2005,IANSA,18.17220526892604,.035398230089,.0011737666,.277710269418,.0926219756448635,1.074218
03/2005,IANSA,18.16016729037625,-.011965811967,0,.080722431021,.082619524834809,1.074218
04/2005,IANSA,18.20747340777288,.048442906576,-.0010125143,.013923701917,.0803093570780267,1.074218
05/2005,IANSA,18.12853020542658,-.07590759076,0,-.008650555511,.0830484593397728,1.074218
06/2005,IANSA,18.19752307691353,.071428571429,-.0026625376,.090947030003,.0739462934232729,1.074218
07/2005,IANSA,18.62126459372536,.5276666666700001,.0014363956,.5950629720370001,.1598355951157815,.83166033
08/2005,IANSA,18.72559905407315,.1099716343,.0092697665,.6696363762480001,.1601278917456282,.83166033
09/2005,IANSA,18.75504142867329,.029880086495,-.0086921779,.71148227471,.1570176044293174,.83166033
10/2005,IANSA,18.71829903151412,-.036075586944,-.0070441552,.62696378119,.1587713001607304,.83166033
11/2005,IANSA,18.75656727293749,.039009900989,9.5772602e-06,.741881272939,.1553280110891892,.83166033
12/2005,IANSA,19.07021017133167,.46916638904,.0044684797,1.13961909055,.1914845118103498,.83166033
01/2006,IANSA,19.34946547313224,.3221448468,-.0022314929,.93409727068,.1995181302645439,.83166033
02/2006,IANSA,19.34079000611111,-.008637943748,.00040396507,.815487692632,.2017571377703033,.83166033
03/2006,IANSA,19.51910112330706,.19519710977,.00056250795,.9808047159070001,.1979142652246117,.83166033
04/2006,IANSA,19.64835595917099,.13798008534,-.0040125567,1.154860388191,.1957829424878908,.83166033
05/2006,IANSA,19.80582701331706,.21136663254,-.011422051,1.327217119742,.1829965784439107,.83166033
06/2006,IANSA,19.6118378407309,-.1763331776,-.00088542199,.6817175531019999,.207732707643497,.83166033
07/2006,IANSA,19.44321347460392,-.15517381087,.0043056714,.204398895432,.1879924871106818,-.13212134
08/2006,IANSA,19.28068326104176,-.1500095914,.00074130669,.06302724778,.2006491275190598,-.13212134
09/2006,IANSA,19.22714249409469,-.052132701422,-.0055806404,-.184302563412,.2036337019430916,-.13212134
10/2006,IANSA,19.21166620896539,-.015357142857,.0014333265,-.337639791609,.2027721004780715,-.13212134
11/2006,IANSA,19.27013356303302,.060210373595,.0018750265,-.488796050554,.2025878612131452,-.13212134
12/2006,IANSA,19.24484207120505,-.02497434143,-.001342519,-.337437214384,.1597351838477613,-.13212134
01/2007,IANSA,19.23885929774095,-.0059649122804,.0031471723,-.1882283157944,.1303082075154808,-.13212134
02/2007,IANSA,18.99757957312536,-.21437816214,.0013733305,-.2525968865344,.1445032150352936,-.13212134
03/2007,IANSA,19.07991225709907,.085816983676,.00091918185,-.1146472014364,.1329739394284954,-.13212134
04/2007,IANSA,19.0590055723191,-.020689655173,.0011250159,-.1199797137524,.1228038314859222,-.13212134
05/2007,IANSA,18.93309097338738,-.095313558533,-.00044674755,-.2755036458804,.0949014853809255,-.13212134
06/2007,IANSA,18.89000336849202,-.04217252396,-.0050740861,-.2927018284104,.0880827320384163,-.13212134
07/2007,IANSA,18.83056633338717,-.057705136758,-.00011250159,-.344442052888,.0820421215043834,-.30827057
08/2007,IANSA,18.69647852806919,-.12548672566,-.0019768153,-.255550616408,.0794361000631576,-.30827057
09/2007,IANSA,18.68200472528217,-.014369560818,-.0010125143,-.355737160902,.0797604762839141,-.30827057
10/2007,IANSA,18.65915845648875,-.022587268994,-.001912527,-.357634774723,.0795911329910881,-.30827057
11/2007,IANSA,18.44334094517863,-.19411764706,-.0052559394,-.45643886325,.084263251820659,-.30827057
12/2007,IANSA,18.41799639967186,-.02502606882,-.0049879425,-.43929240811,.0842612428986705,-.30827057
01/2008,IANSA,18.35167375674079,-.064171122996,.000012272048,-.445758394348,.0824612572437561,-.30827057
02/2008,IANSA,18.33670514104687,-.014857142857,-.0031762766,-.3351288115450001,.0687688707215811,-.30827057
03/2008,IANSA,18.1807159586035,-.14443155452,-.000038633047,-.465190805247,.0591082271775485,-.30827057
04/2008,IANSA,18.1807159586035,0,.000056620174,-.442603536253,.0609013062709632,-.30827057
05/2008,IANSA,18.09290302779037,-.066104675488,-.00005780669,-.314590564681,.060233179578328,-.30827057
06/2008,IANSA,17.92861778190576,-.1524796447,-.000072552648,-.4420441405609999,.0648010505245739,-.30827057
07/2008,IANSA,17.96295591948976,.034934497817,-.015782436,-.342938519748,.0719684788614885,.57909989
08/2008,IANSA,17.76789533692324,-.17721518987,0,-.505296566761,.0772303052074382,.57909989
09/2008,IANSA,17.58310920710284,-.16871794872,-.010102496,-.529582960961,.0799226785177976,.57909989
10/2008,IANSA,17.56379998057248,-.019123997532,0,-.548706958493,.0801661446691252,.57909989
11/2008,IANSA,17.43582366002962,-.12012578616,0,-.602728069165,.073366977303624,.57909989
12/2008,IANSA,17.1677246128223,-.23516797713,0,-.6854164015949999,.0842505483027247,.57909989
12/2002,INTASA,,,,,,
01/2003,INTASA,,,,0,,
02/2003,INTASA,,,,0,,
03/2003,INTASA,,,,0,,
04/2003,INTASA,,,,0,,
05/2003,INTASA,,,,0,,
06/2003,INTASA,,,,0,,
07/2003,INTASA,,,,0,,
08/2003,INTASA,,,-.00014828236,0,,
09/2003,INTASA,,,.00024657286,0,,
10/2003,INTASA,,,6.0145283e-07,0,,
11/2003,INTASA,,,-.00019848229,0,,
12/2003,INTASA,,,.00011840639,0,,
01/2004,INTASA,,,,0,,
02/2004,INTASA,,,,0,,
03/2004,INTASA,,,0,0,,
04/2004,INTASA,,,0,0,,
05/2004,INTASA,,,0,0,,
06/2004,INTASA,,,0,0,,
07/2004,INTASA,,,0,0,,
08/2004,INTASA,,,0,0,,
09/2004,INTASA,,,.000040975756,0,,
10/2004,INTASA,16.32336861630194,,0,0,,
11/2004,INTASA,16.37893846745676,.057142857142,0,.057142857142,,
12/2004,INTASA,16.26452811627901,-.1081081081,0,-.050965250958,.1168500781202407,
01/2005,INTASA,16.26452811627901,0,0,-.050965250958,.0839251160983459,
02/2005,INTASA,16.1073425327566,-.14545454545,0,-.196419796408,.0939228581445759,
03/2005,INTASA,16.11792464208714,.010638297872,0,-.185781498536,.0856152940387047,
04/2005,INTASA,16.11440969997969,-.0035087719289,0,-.1892902704649,.0777989430922148,
05/2005,INTASA,15.98689637968073,-.11971830985,0,-.3661514374569,.0784503581252623,
06/2005,INTASA,15.95849690515903,-.028000000001,0,-.2860433293579,.0728548504376242,
07/2005,INTASA,15.94607438516048,-.012345679012,0,-.2983890083699,.0688686568306534,-.83343101
08/2005,INTASA,15.93770613548996,-.0083333333332,0,-.1612677962531,.0656416799899929,-.83343101
09/2005,INTASA,15.88153586402291,-.054621848739,0,-.2265279428641,.0625320699441991,-.83343101
10/2005,INTASA,15.94607438516048,.066666666666,0,-.1563525042692,.0667735383002003,-.83343101
11/2005,INTASA,15.85906300817085,-.083333333333,0,-.1199675277522,.0625140017234511,-.83343101
12/2005,INTASA,15.85906300817085,0,0,-.0919675277512,.0596090252798479,-.83343101
01/2006,INTASA,15.77864144086027,-.077272727273,0,-.1568945760122,.0600687167461857,-.83343101
02/2006,INTASA,15.77617534837212,-.0024630541866,0,-.1510242968656,.0501689863657859,-.83343101
03/2006,INTASA,15.54060927705231,-.20987654321,0,-.3062789913366,.0714088416487949,-.83343101
04/2006,INTASA,15.54060927705231,0,0,-.3729456580026,.071598435030555,-.83343101
05/2006,INTASA,15.65282126765924,.11875,0,-.1708623246696,.0811601459148487,-.83343101
06/2006,INTASA,15.54060927705231,-.10614525139,.000094784409,-.2770075760596,.0845537794680582,-.83343101
07/2006,INTASA,15.54123408183006,.00062500000058,0,-.19910984878602,.084892635799804,-.53174347
08/2006,INTASA,15.54123408183006,0,0,-.19664679459942,.0851168046926374,-.53174347
09/2006,INTASA,15.40707788442779,-.12554653341,0,-.11231678479942,.0894137594728028,-.53174347
10/2006,INTASA,15.07060564780658,-.28571428571,0,-.39803107050942,.1087947783753127,-.53174347
11/2006,INTASA,15.07060564780658,0,0,-.51678107050942,.1101173769579778,-.53174347
12/2006,INTASA,15.07060564780658,0,0,-.4106358191194199,.1101173769579778,-.53174347
01/2007,INTASA,15.33296991227407,.3,0,-.11126081912,.1503904272507699,-.53174347
02/2007,INTASA,15.40707788442779,.076923076924,0,-.034337742196,.1532325983281554,-.53174347
03/2007,INTASA,15.25292720460053,-.14285714285,0,-.051648351636,.1467367138657228,-.53174347
04/2007,INTASA,15.25292720460053,0,0,.234065934074,.1467367138657228,-.53174347
05/2007,INTASA,15.54060927705231,.33333333333,0,.5673992674039999,.174742591842426,-.53174347
06/2007,INTASA,15.54683982680295,.0062500000004,0,.5736492674043999,.1712669430708521,-.53174347
07/2007,INTASA,15.47607075591474,-.068322981366,0,.2053262860384,.1728900733754664,.226863
08/2007,INTASA,15.50886057873773,.033333333333,0,.1617365424474,.1730204099312866,.226863
09/2007,INTASA,15.50821520925051,-.00064516128987,0,.3039485240075299,.1677614898037965,.226863
10/2007,INTASA,15.48931598266476,-.018721755971,0,.2852267680365299,.1385422423395135,.226863
11/2007,INTASA,15.48931598266476,0,0,-.04810656529347,.1385422423395135,.226863
12/2007,INTASA,15.38905937893548,-.095394736842,0,-.14975130213587,.1438849256049487,.226863
01/2008,INTASA,15.38905937893548,0,0,-.08142832076987,.1173287875405863,.226863
02/2008,INTASA,15.3632752617694,-.025454545456,0,-.14021619955887,.1157575421002766,.226863
03/2008,INTASA,15.33296991227407,-.029850746268,-.067898713,-.169421784537,.1072004373015238,.226863
04/2008,INTASA,15.22782304900766,-.076923076923,0,-.227623105489,.1101899336428858,.226863
05/2008,INTASA,15.25292720460053,.025421918393,0,-.202201187096,.0406208074577728,.226863
06/2008,INTASA,15.25292720460053,0,0,-.106806450254,.0402802625175477,.226863
07/2008,INTASA,15.25292720460053,0,0,-.106806450254,.0377936116029974,-.08936014
08/2008,INTASA,15.25292720460053,0,0,-.081351904798,.0349837305386387,-.08936014
09/2008,INTASA,15.25292720460053,0,0,-.05150115853,.0350140868204285,-.08936014
10/2008,INTASA,15.25292720460053,0,0,.025421918393,.035413762665115,-.08936014
11/2008,INTASA,,,0,0,.0367229399339258,-.08936014
12/2008,INTASA,15.25292720460053,0,0,0,.0265807796539756,-.08936014
12/2002,INTEROCEAN,15.51446846484107,-.091322135755,,,,
01/2003,INTEROCEAN,,,,0,,
02/2003,INTEROCEAN,,,,0,,
03/2003,INTEROCEAN,,,,0,,
04/2003,INTEROCEAN,15.51446846484107,0,,0,,
05/2003,INTEROCEAN,15.51446846484107,0,,0,0,
06/2003,INTEROCEAN,15.51446846484107,,,0,0,
07/2003,INTEROCEAN,,,,0,0,2.0585127
08/2003,INTEROCEAN,15.51446846484107,0,,0,0,2.0585127
09/2003,INTEROCEAN,15.58678912642069,.074999999999,,.074999999999,.0374999999995,2.0585127
10/2003,INTEROCEAN,15.58678912642069,0,,.074999999999,.0335410196620496,2.0585127
11/2003,INTEROCEAN,,,,.074999999999,.0335410196620496,2.0585127
12/2003,INTEROCEAN,15.91993357294923,.39534883721,,.470348837209,.1581482626983338,2.0585127
01/2004,INTEROCEAN,,,,.470348837209,.1581482626983338,2.0585127
02/2004,INTEROCEAN,,,,.470348837209,.1581482626983338,2.0585127
03/2004,INTEROCEAN,15.91993357294923,0,,.39534883721,.1473780280934668,2.0585127
04/2004,INTEROCEAN,15.95304592439943,.033666666666,,.429015503876,.1453552630254635,2.0585127
05/2004,INTEROCEAN,,,,.429015503876,.1553837461490017,2.0585127
06/2004,INTEROCEAN,,,,.033666666666,.1553837461490017,2.0585127
07/2004,INTEROCEAN,16.10225512974319,.1609158336,,.194582500266,.1447935877015827,1.300724
08/2004,INTEROCEAN,17.1726965414446,1.9166666667,,2.111249166966,.6964758378663221,1.300724
09/2004,INTEROCEAN,18.69252229518901,3.5714285714,,5.682677738365999,1.374442582950543,1.300724
10/2004,INTEROCEAN,18.8103053308454,.12499999999,0,5.77401107169,1.362037380937439,1.300724
11/2004,INTEROCEAN,18.58252139997468,-.2037037037,0,5.570307367990001,1.318558576556168,1.300724
12/2004,INTEROCEAN,18.62798377405144,.046511627907,0,5.616818995897001,1.337589810302424,1.300724
01/2005,INTEROCEAN,18.62798377405144,0,0,5.455903162297,1.273158954394872,1.300724
02/2005,INTEROCEAN,18.81952198595032,.21111111111,0,3.750347606707,1.207557694032261,1.300724
03/2005,INTEROCEAN,18.80100293818308,-.018348623853,0,.160570411454,1.208560838877831,1.300724
04/2005,INTEROCEAN,18.86437255211567,.065420560748,0,.100990972212,1.206993975369213,1.300724
05/2005,INTEROCEAN,18.79161319783324,-.049116170074,0,.255578505838,1.161031732725602,1.300724
06/2005,INTEROCEAN,18.95648784102348,.17924528302,0,.388312160951,1.111611562696205,1.300724
07/2005,INTEROCEAN,19.01096087469424,.055984000001,0,.444296160952,1.114932824937124,-1.1793365
08/2005,INTEROCEAN,18.8103053308454,-.18180578494,0,.051379264902,1.032643190519533,-1.1793365
09/2005,INTEROCEAN,18.84667297501627,.037037037038,0,.106764925793,.1259916429424431,-1.1793365
10/2005,INTEROCEAN,18.84667297501627,.019599989075,0,.06094435412,.1217831240353224,-1.1793365
11/2005,INTEROCEAN,18.57785938686887,-.23571428571,0,-.125653761516,.1272031298851759,-1.1793365
12/2005,INTEROCEAN,18.46898804251334,-.1031542056,0,-.4080532501359999,.1306761036661114,-1.1793365
01/2006,INTEROCEAN,18.37666934577054,-.088185489124,0,-.552222739261,.133033544054151,-1.1793365
02/2006,INTEROCEAN,18.40484022273723,.028571428571,0,-.34184552575,.1147587901343298,-1.1793365
03/2006,INTEROCEAN,18.18516287939951,-.19722222222,0,-.576104785008,.1250816245331598,-1.1793365
04/2006,INTEROCEAN,18.19890880030415,.01384083045,0,-.5818639436330001,.1220114810665154,-1.1793365
05/2006,INTEROCEAN,18.04019710914932,-.0063055872652,0,-.3524552451881999,.1224545414495215,-1.1793365
06/2006,INTEROCEAN,18.07941782230261,.040000000001,0,-.2093010395872,.105186363785499,-1.1793365
07/2006,INTEROCEAN,17.9348365934915,-.13461538461,0,-.2557309350732,.1018262367983336,-.80243963
08/2006,INTEROCEAN,17.98256799631269,.04888888889,0,-.2354134747542,.1000096751571604,-.80243963
09/2006,INTEROCEAN,17.92141357315936,-.059322033899,0,-.0975132864332,.0963536110218204,-.80243963
10/2006,INTEROCEAN,17.90780792110358,-.013513513513,0,-.1248676303962,.0944426905455513,-.80243963
11/2006,INTEROCEAN,17.98256799631269,.077625570777,0,-.040936472354,.0838310986165883,-.80243963
12/2006,INTEROCEAN,18.07556425298661,.097457627118,0,.016521154763,.0884003271718068,-.80243963
01/2007,INTEROCEAN,18.3178288457476,.27413127413,0,.425267813503,.1183345983447058,-.80243963
02/2007,INTEROCEAN,18.36228060831844,.045454545454,0,.421833470067,.1186219483239549,-.80243963
03/2007,INTEROCEAN,18.62798377405144,.30434782609,0,.7855033300559999,.1250329665806565,-.80243963
04/2007,INTEROCEAN,18.34768180889728,-.24444444444,0,.5545723991289999,.1524300725526962,-.80243963
05/2007,INTEROCEAN,18.45890744400751,.11764705882,0,.594593887172,.1535127292604526,-.80243963
06/2007,INTEROCEAN,18.62820597158596,.18447368421,0,.681609944264,.1585695728552267,-.80243963
07/2007,INTEROCEAN,18.62798377405144,-.00022217285095,0,.40725649728305,.1481165624091772,-.77297401
08/2007,INTEROCEAN,18.61681047345332,-.011111111111,0,.35069084071805,.1498733565685133,-.77297401
09/2007,INTEROCEAN,18.61681047345332,0,0,.04634301462805,.1463594387821239,-.77297401
10/2007,INTEROCEAN,18.60551091819938,-.011235955057,0,.27955150401105,.1462436866640216,-.77297401
11/2007,INTEROCEAN,,,0,.16190444519105,.1533582506913422,-.77297401
12/2007,INTEROCEAN,,,0,-.02256923901895,.161342429205303,-.77297401
01/2008,INTEROCEAN,,,0,-.022347066168,.1525230425759808,-.77297401
02/2008,INTEROCEAN,,,0,-.011235955057,.1630504333416686,-.77297401
03/2008,INTEROCEAN,,,0,-.011235955057,.1339764516848786,-.77297401
04/2008,INTEROCEAN,,,0,0,.0837810036776121,-.77297401
05/2008,INTEROCEAN,,,0,0,.0852022346074709,-.77297401
06/2008,INTEROCEAN,18.6318351495798,,0,0,.0063877538949145,-.77297401
07/2008,INTEROCEAN,17.93868796901986,-.5,0,-.5,.2463318148978356,
08/2008,INTEROCEAN,17.79208449482798,-.13636363636,0,-.63636363636,.2337199038068851,
09/2008,INTEROCEAN,17.78150238549745,-.010526315789,0,-.646889952149,.2313364533153136,
10/2008,INTEROCEAN,,,0,-.646889952149,.2541819963939554,
11/2008,INTEROCEAN,17.65039965222873,-.12287234042,0,-.769762292569,.2126577531468735,
12/2008,INTEROCEAN,,,0,-.769762292569,.2126577531468735,
12/2002,INVERCAP,16.64738802749024,.032727258855,,,,
01/2003,INVERCAP,16.83468546047279,.20598593169,,.20598593169,,
02/2003,INVERCAP,16.91191680840878,.080291970802,,.286277902492,.0888790520981015,
03/2003,INVERCAP,16.95812965156391,.047297297297,,.333575199789,.0837353996914595,
04/2003,INVERCAP,17.43616545250691,.61290322581,,.946478425599,.260005801626477,
05/2003,INVERCAP,17.54949413781392,.12544305185,,1.071921477449,.2305955505118885,
06/2003,INVERCAP,17.77263768912812,.25,,1.321921477449,.2067628095201464,
07/2003,INVERCAP,17.77263768912812,0,,1.115935545759,.2063011059019099,1.8037771
08/2003,INVERCAP,17.68302553043844,-.085714285714,,.9499292892430001,.2142499453542545,1.8037771
09/2003,INVERCAP,17.51308941973924,-.15628128051,,.7463507114360001,.225607214128952,1.8037771
10/2003,INVERCAP,17.65127683212386,.15106838622,,.2845158718460001,.2129314185681556,1.8037771
11/2003,INVERCAP,17.65127683212386,0,,.159072819996,.2053859738586545,1.8037771
12/2003,INVERCAP,17.63501631125208,-.016129032258,,-.107056212262,.1992854223386551,1.8037771
01/2004,INVERCAP,17.56719371491332,-.052306055266,,-.159362267528,.2008857565763942,1.8037771
02/2004,INVERCAP,17.82820754028294,.29824561403,,.224597632216,.2105626338423651,1.8037771
03/2004,INVERCAP,18.36042435403024,.7027027027,,1.083581615426,.2722235047444229,1.8037771
04/2004,INVERCAP,18.12931263306686,-.20634920635,,.726164022856,.247904521928758,1.8037771
05/2004,INVERCAP,18.24264131837386,.11999999999,,.846164022846,.2478272139297134,1.8037771
06/2004,INVERCAP,18.31163418986081,.071428571429,,.9337216265329999,.2422365670685623,1.8037771
07/2004,INVERCAP,18.40086532358875,.10174847031,,1.087776152109,.2413852943713727,.62574196
08/2004,INVERCAP,18.61789264788553,.24237804878,,1.031908586859,.2398100919143429,.62574196
09/2004,INVERCAP,19.20772221441745,.8036809816,,1.132886865759,.2979093683786279,.62574196
10/2004,INVERCAP,19.18013425789862,-.016410561362,.0024893121,1.322825510747,.3034991029281899,.62574196
11/2004,INVERCAP,19.24975164297329,.072097902097,-.000057752484,1.274923412854,.3005105329154921,.62574196
12/2004,INVERCAP,19.169589344722,-.077033461614,-.0013656713,1.126461379811,.3045515158252436,.62574196
01/2005,INVERCAP,19.17311668523997,.017022073424,-.00057363056,1.041734982925,.3005474409264352,.62574196
02/2005,INVERCAP,19.28058062094722,.11345070422,.00094551878,.9128076383649999,.2985233957412304,.62574196
03/2005,INVERCAP,19.6979285509807,.5179305546799999,0,.6270572114449999,.2716586322256598,.62574196
04/2005,INVERCAP,19.65658558743586,-.03292908837,-.0005119436,.610538684437,.2552916995816771,.62574196
05/2005,INVERCAP,19.39343936021254,-.23137050547,-.00084638072,.3070702768699999,.2794438369072496,.62574196
06/2005,INVERCAP,19.46167865216119,.070621468927,-.00013382571,.4547252074109999,.2794597937889038,.62574196
07/2005,INVERCAP,19.54322216121321,.1057382834,0,.5434414173869999,.2794232057099124,-.76600659
08/2005,INVERCAP,19.47530569740626,-.065661478599,0,.3643292345679999,.2825034813967952,-.76600659
09/2005,INVERCAP,19.58242416722907,.1130661114,0,-.040535208712,.1788923216212827,-.76600659
10/2005,INVERCAP,19.50555665833325,-.056695076321,0,-.064301196663,.1805987107223759,-.76600659
11/2005,INVERCAP,19.43710476603903,-.066161616161,0,.100907692646,.1831413273321039,-.76600659
12/2005,INVERCAP,19.38207560156222,-.05354245538,0,-.023256231661,.181968417859487,-.76600659
01/2006,INVERCAP,19.52059453569779,.16537548739,0,.036380972329,.1855690216388158,-.76600659
02/2006,INVERCAP,19.55449111223157,.03447761194,0,.136520062868,.1844461295802352,-.76600659
03/2006,INVERCAP,19.52555732503992,-.028519213197,0,-.005065261729,.1076679629027057,-.76600659
04/2006,INVERCAP,19.51610686922171,.00042201472206,0,.05205182931406,.1072774336543148,-.76600659
05/2006,INVERCAP,19.54029960677712,.024487756122,0,.14270120159706,.0790439047666237,-.76600659
06/2006,INVERCAP,19.5105944523632,-.029268292683,0,.16697536429406,.0785208392300299,-.76600659
07/2006,INVERCAP,19.49028918620246,-.0086575182058,0,-.00705764130174,.0728414986101916,-.90857166
08/2006,INVERCAP,19.49795205894803,.0076923076922,0,-.03384294554954,.069612936724519,-.90857166
09/2006,INVERCAP,19.51560699418675,.017811704834,.000013382572,.01248797248146,.0615798370565324,-.90857166
10/2006,INVERCAP,19.49540428686923,-.0091401763329,0,.0029257814265,.059033706890345,-.90857166
11/2006,INVERCAP,19.4799798165436,-.015306122448,0,-.0368680971435,.0551940156064617,-.90857166
12/2006,INVERCAP,19.6597073381605,.19689119171,0,.1892913872495,.0737105767891828,-.90857166
01/2007,INVERCAP,19.68956030131019,.040671906756,0,.2386208122113,.0604374963513136,-.90857166
02/2007,INVERCAP,19.6597073381605,-.029411764706,0,.2015167398131,.0617778499571778,-.90857166
03/2007,INVERCAP,19.73875054550096,.082251082251,0,.2659561172301,.0631127233902085,-.90857166
04/2007,INVERCAP,19.85207923080796,.13074805785,.0018354063,.405844351413,.0697050659384236,-.90857166
05/2007,INVERCAP,19.82602855361783,-.025714285714,.00004517287,.395436188147,.0718068715481227,-.90857166
06/2007,INVERCAP,20.10061201612699,.31598240469,.00060888025,.514527401127,.1066604315964521,-.90857166
07/2007,INVERCAP,20.13886804728253,.046661696741,-.00061897736,.520517191112,.1046635955515347,-.98853892
08/2007,INVERCAP,20.1171869812212,-.02144772118,-.00018182899,.5284812346379999,.1063938249375629,-.98853892
09/2007,INVERCAP,20.25754433891613,.1506849315,.000012044314,.5969150838870001,.1084046817733297,-.98853892
10/2007,INVERCAP,20.34851611712185,.10167038061,-.0020408421,.567837406647,.1055554690237243,-.98853892
11/2007,INVERCAP,20.41982514482664,.073913043479,-.00016796465,.66746473584,.1011967199319335,-.98853892
12/2007,INVERCAP,20.43169770606091,.011943319838,0,.363425650988,.097205549130058,-.98853892
01/2008,INVERCAP,20.32653721040308,-.095106979511,0,.221656974736,.1085695542692516,-.98853892
02/2008,INVERCAP,20.4318977260609,.11111111111,0,.354215807026,.1053625020078622,-.98853892
03/2008,INVERCAP,20.37638501613064,-.054000000001,0,.149530875525,.1115030748366193,-.98853892
04/2008,INVERCAP,20.4318977260609,.06632122044,0,.114181715355,.109434510493377,-.98853892
05/2008,INVERCAP,20.4318977260609,0,0,.040268671876,.107912324399915,-.98853892
06/2008,INVERCAP,20.89185101941934,.584,0,.612325352038,.1736523696402892,-.98853892
07/2008,INVERCAP,20.72501500096669,-.14962620597,0,.557806125579,.1860175690134124,-1.634609
08/2008,INVERCAP,20.63891189544523,-.082500372967,0,.3641946415019999,.1893997612740506,-1.634609
09/2008,INVERCAP,20.4318977260609,-.18699186992,0,.2312027715829999,.199495864160486,-1.634609
10/2008,INVERCAP,20.01789628693045,-.3330315855,0,-.1681500343570001,.223646412524218,-1.634609
11/2008,INVERCAP,19.9538619251179,-.062027231467,0,-.2301772658240001,.2227547389724772,-1.634609
12/2008,INVERCAP,19.8680228812051,-.082258064517,0,-.896435330341,.2233462572482174,-1.634609
12/2002,INVERMAR,,,,,,
01/2003,INVERMAR,,,,0,,
02/2003,INVERMAR,,,,0,,
03/2003,INVERMAR,,,,0,,
04/2003,INVERMAR,,,,0,,
05/2003,INVERMAR,,,,0,,
06/2003,INVERMAR,,,,0,,
07/2003,INVERMAR,,,,0,,
08/2003,INVERMAR,,,,0,,
09/2003,INVERMAR,,,,0,,
10/2003,INVERMAR,,,,0,,
11/2003,INVERMAR,,,,0,,
12/2003,INVERMAR,,,,0,,
01/2004,INVERMAR,,,,0,,
02/2004,INVERMAR,,,,0,,
03/2004,INVERMAR,,,,0,,
04/2004,INVERMAR,,,,0,,
05/2004,INVERMAR,,,,0,,
06/2004,INVERMAR,,,,0,,
07/2004,INVERMAR,,,,0,,
08/2004,INVERMAR,,,,0,,
09/2004,INVERMAR,,,,0,,
10/2004,INVERMAR,,,,0,,
11/2004,INVERMAR,,,,0,,
12/2004,INVERMAR,,,,0,,
01/2005,INVERMAR,,,,0,,
02/2005,INVERMAR,,,,0,,
03/2005,INVERMAR,,,,0,,
04/2005,INVERMAR,,,,0,,
05/2005,INVERMAR,,,,0,,
06/2005,INVERMAR,,,,0,,
07/2005,INVERMAR,,,,0,,
08/2005,INVERMAR,,,,0,,
09/2005,INVERMAR,,,,0,,
10/2005,INVERMAR,,,,0,,
11/2005,INVERMAR,17.73323645208612,,,0,,
12/2005,INVERMAR,17.69549612410327,-.037037037037,0,-.037037037037,,
01/2006,INVERMAR,17.71925021011138,.024038461537,0,-.0129985755,.0431868992060247,
02/2006,INVERMAR,17.87138679056694,.16431924883,0,.15132067333,.1032418436389042,
03/2006,INVERMAR,18.04493340074178,.18951612903,0,.34083680236,.1092769219054197,
04/2006,INVERMAR,18.23849103080266,.21355932203,0,.55439612439,.1106834900993592,
05/2006,INVERMAR,18.2356938261816,.012023837982,0,.566419962372,.1069083684166941,
06/2006,INVERMAR,18.28488407037237,.050420168067,0,.653877167476,.0989992884731841,
07/2006,INVERMAR,18.29285224002154,.0080000000016,0,.6378387059406,.0959329899473359,-.49205706
08/2006,INVERMAR,18.25785539798445,-.034391534392,.000023281251,.4391279227186,.0972569278198475,-.49205706
09/2006,INVERMAR,18.28221384181649,.024657534246,0,.2742693279346,.0926044965179618,-.49205706
10/2006,INVERMAR,18.38623656463265,.10962566845,0,.1703356743546,.0890420876144019,-.49205706
11/2006,INVERMAR,18.5212728484366,.14457831325,0,.3028901496226,.0878850282392194,-.49205706
12/2006,INVERMAR,18.51366503488212,-.0075789473694,0,.2448910341862,.0849100634433657,-.49205706
01/2007,INVERMAR,18.79812278028439,.32904115401,0,.5659321881946,.1101887363938021,-.49205706
02/2007,INVERMAR,18.78767752244109,-.010390895595,0,.5899328269916001,.1124813051126571,-.49205706
03/2007,INVERMAR,18.81629632776021,.029032258064,0,.5943075508096001,.1084927084002273,-.49205706
04/2007,INVERMAR,18.78120500796337,-.015519240629,0,.4691626417306,.1013094194554511,-.49205706
05/2007,INVERMAR,18.72635104146177,-.053376623376,0,.2712077051046,.1054075295771195,-.49205706
06/2007,INVERMAR,18.74651944994758,.020373165044,0,.299159817518,.1056971850388887,-.49205706
07/2007,INVERMAR,18.71363158306918,-.032352941177,0,-.062234277669,.1076175336312999,-1.0706962
08/2007,INVERMAR,18.64952718396027,-.062092922276,0,-.11393630435,.109681852720303,-1.0706962
09/2007,INVERMAR,18.66787632262847,.01851851852,0,-.124450043894,.1097725014860913,-1.0706962
10/2007,INVERMAR,18.50424447455826,-.15094545454,0,-.259876257805,.119872611612642,-1.0706962
11/2007,INVERMAR,18.23007583387737,-.23979613688,0,-.446295771309,.1334025299818014,-1.0706962
12/2007,INVERMAR,18.18100393988497,-.047887323944,0,-.514556260297,.1337170318561942,-1.0706962
01/2008,INVERMAR,17.86734638102993,-.26923076923,0,-.75143408835,.099815633789061,-1.0706962
02/2008,INVERMAR,17.82178984942756,-.044534412956,.0021030444,-.73387557903,.0985082890606434,-1.0706962
03/2008,INVERMAR,17.77405844660638,-.046610169492,.0011173368,-.799004267042,.0938602004320019,-1.0706962
04/2008,INVERMAR,17.83859696774395,.081008728273,.0025686135,-.5670500842290001,.1032687289372989,-1.0706962
05/2008,INVERMAR,18.07846652297431,.27108333333,0,-.056170614019,.1426662993660873,-1.0706962
06/2008,INVERMAR,18.23849103080266,.17353963155,-.0016729984,.1652563414749999,.1550551740057581,-1.0706962
07/2008,INVERMAR,18.11053068322759,-.12011173184,0,.314375378865,.1572758054119289,-.77498841
08/2008,INVERMAR,18.01044722467061,-.095238095238,0,.263671696583,.1580567459877242,-.77498841
09/2008,INVERMAR,17.77405844660638,-.21052631579,0,.099755550285,.1641668373992168,-.77498841
10/2008,INVERMAR,17.49375648145222,-.24444444444,0,-.225697622428,.1710400799598155,-.77498841
11/2008,INVERMAR,17.32080267466186,-.15882352941,0,-.655604485168,.1650555331505891,-.77498841
12/2008,INVERMAR,17.17014239977437,-.13986013986,0,-.969004256578,.1666047870059303,-.77498841
12/2002,INVEXANS,16.17099988624354,.061224489797,0,,,
01/2003,INVEXANS,16.20874021422638,.038461538461,0,.038461538461,,
02/2003,INVEXANS,17.98625489272964,-.043627878519,0,-.005166340058,.0580459834102081,
03/2003,INVEXANS,17.89878878464257,-.083750009536,.040312875,-.088916349594,.062295157972998,
04/2003,INVEXANS,18.28944107982519,.47794453562,.0002853453,.389028186026,.2588384261596947,
05/2003,INVEXANS,18.40551325107795,.12307692307,-.0091596637,.5121051090959999,.224457860962301,
06/2003,INVEXANS,18.26910477274636,-.20547945205,.0064669102,.3066256570459999,.2368660283360554,
07/2003,INVEXANS,18.21599494743241,-.051724137931,-.004482456,.216439980654,.2196932458145254,2.2419674
08/2003,INVEXANS,18.4133543815909,.21818181818,.045338489,.4782496773529999,.2133073472996398,2.2419674
09/2003,INVEXANS,18.84230309201838,.10447761194,.0010519039,.666477298829,.2001023646014624,2.2419674
10/2003,INVEXANS,19.03804766911823,.21621621622,-.0034469943,.404748979429,.1946886277854226,2.2419674
11/2003,INVEXANS,19.11809037679177,.083333333334,-.0021095104,.3650053896929999,.1847017001976648,2.2419674
12/2003,INVEXANS,19.11294897730136,-.0051282051281,.0017718066,.5653566366149,.1778020241818332,2.2419674
01/2004,INVEXANS,19.00414611745371,-.1030927835,,.5139879910459001,.1848341594400713,2.2419674
02/2004,INVEXANS,19.00391620593558,-.0002298850568,,.2955762878091,.1830193380182558,2.2419674
03/2004,INVEXANS,18.94495724606406,-.057254541274,-.0014900345,.1338441345950999,.1812194123835465,2.2419674
04/2004,INVEXANS,18.95707860657287,.012195121952,-.0046308702,-.0701769596729,.126853877369684,2.2419674
05/2004,INVEXANS,18.92649518320042,-.030120481928,-.000012524003,-.1836307749349,.1240810181832209,2.2419674
06/2004,INVEXANS,18.98792328192205,.063354037267,-.0077356473,-.1151485325398,.1031326608713582,2.2419674
07/2004,INVEXANS,18.97735360045285,-.010514018692,-.0062869983,-.0225697677318,.1005445401819055,-.3031424
08/2004,INVEXANS,19.25477065261597,.31971664699,.008258421,.297376764315,.1193320644853355,-.3031424
09/2004,INVEXANS,19.28075837729876,-.0071569153706,0,.3474743902184,.1190000093352982,-.3031424
10/2004,INVEXANS,19.35706509924981,.07929356641,.0018196567,.4145728346764,.1064854345957215,-.3031424
11/2004,INVEXANS,19.36471650053657,.0076807480364,.00023479441,.4523740646408,.1051884190899486,-.3031424
12/2004,INVEXANS,19.3787029211446,-.027506213753,.00039893872,.3615138136208,.1059165726270095,-.3031424
01/2005,INVEXANS,19.36515095115625,-.01346055546,-.00068744953,.3585672768528,.0993637557861879,-.3031424
02/2005,INVEXANS,19.4140233555404,.050086355785,.0012324669,.0889369856478,.0991255586643699,-.3031424
03/2005,INVEXANS,19.33712810172004,-.074013157894,.0010426361,.0220807431244,.100607299105601,-.3031424
04/2005,INVEXANS,19.3494848344053,.01243339254,-.0016829172,-.0447794307456,.1006033176751112,-.3031424
05/2005,INVEXANS,19.27483690542126,-.071929824561,-.00082825765,-.124390003343,.103585315644939,-.3031424
06/2005,INVEXANS,19.27672548011467,.0018903591681,-.001932361,-.0949934304219,.1031609373863391,-.3031424
07/2005,INVEXANS,19.41451665491345,.14773584905,-.0025665679,.0662029740881,.1085704287185887,-.49735868
08/2005,INVEXANS,19.25285799870249,-.14926845306,-.0019139003,-.1331518347569,.0766326275931521,-.49735868
09/2005,INVEXANS,19.23235947715994,-.020289855071,-.0012470467,-.0794285319339,.0767803604019688,-.49735868
10/2005,INVEXANS,19.38392235572062,-.03480000415,.00032475509,-.1266619286239,.0723600535774722,-.49735868
11/2005,INVEXANS,19.36350717098406,-.020208205756,.017659016,-.0749403098189,.0720375064833103,-.49735868
12/2005,INVEXANS,19.21799959034314,-.13541666666,.0032925047,-.212247335647,.0798345721469927,-.49735868
01/2006,INVEXANS,19.24181023904163,.024096385543,.0055355304,-.335886799154,.0810803328661121,-.49735868
02/2006,INVEXANS,19.29384443539464,.053411764706,.0011649963,-.133206581388,.0813560884268222,-.49735868
03/2006,INVEXANS,19.29004002213403,-.0037971856163,.0070547941,-.1167139119333,.0798006955271711,-.49735868
04/2006,INVEXANS,19.33626443765393,.047309417043,.0098031433,-.0346044907403,.0815597955692938,-.49735868
05/2006,INVEXANS,19.38208355961035,.046885035325,.035701126,.0324887503407,.0810237731228947,-.49735868
06/2006,INVEXANS,19.34775881708081,-.033742331289,.009437752,.1341630857117,.0814585357169543,-.49735868
07/2006,INVEXANS,19.39023024417204,.043386243386,.010171285,.1534529435547,.0679448272218021,-.07762678
08/2006,INVEXANS,19.4081219667723,.018052738336,.01783533,.1180939171847,.0535815452271051,-.07762678
09/2006,INVEXANS,19.5010265919432,.059175134487,.013901379,.181066237288,.055877098174408,-.07762678
10/2006,INVEXANS,19.53505354335694,.034612490595,.010279936,.16836931084,.0549261914210058,-.07762678
11/2006,INVEXANS,19.59503624793978,.061818181819,.0090585388,.183302457334,.055766938763795,-.07762678
12/2006,INVEXANS,19.58297753162243,-.011986301371,.0054500899,.205058487252,.0306099775870289,-.07762678
01/2007,INVEXANS,19.67797255226804,.09965337955,-.0030208868,.261325623416,.0368156829168449,-.07762678
02/2007,INVEXANS,19.66288691485764,-.014972419228,.009871521,.228300465852,.0388685183528542,-.07762678
03/2007,INVEXANS,19.67006111860803,.0072,.013312916,.176325331365,.0381514067746467,-.07762678
04/2007,INVEXANS,19.72462150866134,.056076250992,.013751552,.197789091762,.0385988573481954,-.07762678
05/2007,INVEXANS,19.74132834115378,.016847172081,.0054588802,.152818082024,.0384141588231136,-.07762678
06/2007,INVEXANS,19.84494176942243,.10917159763,-.0037356578,.273975981025,.0396621329049913,-.07762678
07/2007,INVEXANS,19.85185301436663,.0069351827151,-.0022197387,.1812577841901,.0407533144837746,-.23980458
08/2007,INVEXANS,19.77578693685713,-.073245033113,.0060817231,.1229851703051,.0516526558732271,-.23980458
09/2007,INVEXANS,19.67860277130285,-.09261111905,.000090233276,.0231740512551,.0613409901649033,-.23980458
10/2007,INVEXANS,19.64935578055899,-.028823436762,-.0066050761,-.0617256364989,.0623746370396251,-.23980458
11/2007,INVEXANS,19.6795473557468,.030651962374,.0096798846,-.0479208462059,.0607082617407116,-.23980458
12/2007,INVEXANS,19.59044052652499,-.10464201416,.0059684948,-.2617344579959,.068921013938853,-.23980458
01/2008,INVEXANS,19.3881672979458,-.14129814998,.017553451,-.409967790691,.0725753555523344,-.23980458
02/2008,INVEXANS,19.49208529344763,.10950946643,.00053398358,-.227213291148,.0815535991964624,-.23980458
03/2008,INVEXANS,19.44463222217213,-.046344774093,.00086350634,-.180946946191,.0820686063403384,-.23980458
04/2008,INVEXANS,19.55283537935534,.11427409516,.000041462816,-.037849414269,.0880340491028316,-.23980458
05/2008,INVEXANS,19.52845293763808,-.024087591241,-.0066966717,-.092588967884,.0877638007280138,-.23980458
06/2008,INVEXANS,19.43070898333889,-.093118922961,-.0045105331,-.081065876685,.081649253286501,-.23980458
07/2008,INVEXANS,19.40987489642493,-.0206185567,-.000043512562,.039613716595,.0809444974886517,-.19938366
08/2008,INVEXANS,19.40586687502187,-.0039999999999,.00047693128,-.0738957498349,.0801123741083417,-.19938366
09/2008,INVEXANS,19.41617082489622,.010357218345,-.00023956913,-.0171937573969,.0777012224174274,-.19938366
10/2008,INVEXANS,19.17535104495793,-.2140167364,.000024161516,-.3454845889569,.0964887578323905,-.19938366
11/2008,INVEXANS,19.22544585731636,.051370774554,7.6326669e-06,-.2700262231618999,.0978859399878294,-.19938366
12/2008,INVEXANS,19.34440963020115,.12632911392,0,-.0505781862809,.1044120443557064,-.19938366
12/2002,ISANPA,,,,,,
01/2003,ISANPA,,,,0,,
02/2003,ISANPA,,,,0,,
03/2003,ISANPA,,,,0,,
04/2003,ISANPA,,,,0,,
05/2003,ISANPA,,,,0,,
06/2003,ISANPA,,,,0,,
07/2003,ISANPA,,,,0,,
08/2003,ISANPA,,,,0,,
09/2003,ISANPA,,,,0,,
10/2003,ISANPA,,,,0,,
11/2003,ISANPA,,,,0,,
12/2003,ISANPA,,,,0,,
01/2004,ISANPA,,,,0,,
02/2004,ISANPA,,,,0,,
03/2004,ISANPA,,,,0,,
04/2004,ISANPA,,,,0,,
05/2004,ISANPA,,,,0,,
06/2004,ISANPA,,,,0,,
07/2004,ISANPA,,,,0,,
08/2004,ISANPA,,-.25925925926,,-.25925925926,,
09/2004,ISANPA,,0,,-.25925925926,.1833239803081473,
10/2004,ISANPA,,0,,-.25925925926,.149683403123664,
11/2004,ISANPA,,0,,-.25925925926,.12962962963,
12/2004,ISANPA,,.125,,-.13425925926,.1407437865170565,
01/2005,ISANPA,,0,,-.13425925926,.1263614699153741,
02/2005,ISANPA,,.27777777778,,.40277777778,.1617911967280298,
03/2005,ISANPA,,0,,.40277777778,.1499648347807231,
04/2005,ISANPA,,0,,.40277777778,.1404066589364312,
05/2005,ISANPA,,,,.40277777778,.1404066589364312,
06/2005,ISANPA,17.10242996861029,0,,.27777777778,.1324726809675705,
07/2005,ISANPA,17.10242996861029,0,0,.27777777778,.1257490959875929,
08/2005,ISANPA,16.92184603168763,-.1652173913,0,-.1652173913,.1072155918594768,
09/2005,ISANPA,16.92392719791248,.0020833333328,0,-.1631340579672,.1071754599196999,
10/2005,ISANPA,16.92392719791248,0,0,-.1631340579672,.1071754599196999,
11/2005,ISANPA,16.90079262250313,-.022869022869,0,-.1860030808362,.1078599458252718,
12/2005,ISANPA,16.73952447491158,-.14893617021,0,-.3349392510462,.1126363866790156,
01/2006,ISANPA,16.73952447491158,0,0,-.3349392510462,.1126363866790156,
02/2006,ISANPA,,,0,-.1697218597462,.0656486197539758,
03/2006,ISANPA,16.73952447491158,0,0,-.171805193079,.0656486197539758,
04/2006,ISANPA,16.73952447491158,0,0,-.171805193079,.0656486197539758,
05/2006,ISANPA,16.73952447491158,0,0,-.14893617021,.0630932078518287,
06/2006,ISANPA,16.73952447491158,0,0,0,.0630932078518287,
07/2006,ISANPA,16.70130326208859,-.037500000001,0,-.037500000001,.0622914610115852,
08/2006,ISANPA,16.70130326208859,0,0,-.037500000001,.0449575879874195,
09/2006,ISANPA,16.70130326208859,,0,-.037500000001,.0468215983148973,
10/2006,ISANPA,16.70130326208859,0,0,-.037500000001,.0468215983148973,
11/2006,ISANPA,16.70130326208859,0,0,-.037500000001,.0472727173379255,
12/2006,ISANPA,16.51638092355708,-.16883116883,0,-.206331168831,.053388469880326,
01/2007,ISANPA,,,0,-.16883116883,.0561025067381678,
02/2007,ISANPA,16.51638092355708,0,0,-.16883116883,.053388469880326,
03/2007,ISANPA,16.4518424024598,-.0625,0,-.23133116883,.0543542330305713,
04/2007,ISANPA,16.4518424024598,0,0,-.23133116883,.0543542330305713,
05/2007,ISANPA,16.4518424024598,0,0,-.23133116883,.0543542330305713,
06/2007,ISANPA,16.4518424024598,0,0,-.0625,.0543542330305713,
07/2007,ISANPA,16.4518424024598,0,0,-.0625,.0548318668509863,
08/2007,ISANPA,16.4518424024598,0,0,-.0625,.0548318668509863,
09/2007,ISANPA,16.4518424024598,0,0,0,.0524836112585538,
10/2007,ISANPA,16.4518424024598,0,0,0,.0524836112585538,
11/2007,ISANPA,16.4518424024598,0,0,0,.0524836112585538,
12/2007,ISANPA,16.4518424024598,0,0,0,.0188444590361102,
01/2008,ISANPA,,,0,0,.0188444590361102,
02/2008,ISANPA,,,0,0,.0197642353760524,
03/2008,ISANPA,,,0,0,0,
04/2008,ISANPA,,,0,0,0,
05/2008,ISANPA,16.26952084562287,-.16666666667,0,-.16666666667,.0589255651000575,
06/2008,ISANPA,16.14168747409736,-.12,0,-.28666666667,.0675124914964713,
07/2008,ISANPA,,,0,-.28666666667,.0712251070420786,
08/2008,ISANPA,16.14168747409736,0,0,-.28666666667,.0712251070420786,
09/2008,ISANPA,,,0,-.28666666667,.0754738119910132,
10/2008,ISANPA,,,0,-.28666666667,.0802219144357561,
11/2008,ISANPA,,,0,-.12,.084918261353623,
12/2008,ISANPA,,,0,0,.0859801872109478,
12/2002,ITAUCORP,19.94223129197732,-.01428570131,,,,
01/2003,ITAUCORP,19.98015060345736,.038647422563,,.038647422563,,
02/2003,ITAUCORP,19.9754885950103,.032451697427,,.07109911999,.0043810392580335,
03/2003,ITAUCORP,19.98940991966064,.014018677532,,.085117797522,.0128110519618306,
04/2003,ITAUCORP,20.18546167385089,.21658986732,,.301707664842,.0946881744217916,
05/2003,ITAUCORP,20.1778569910478,-.0075758403609,,.2941318244811,.0900126618936966,
06/2003,ITAUCORP,20.18546167385089,.0076336718394,,.3017654963205,.083178154652245,
07/2003,ITAUCORP,20.17403289809189,-.011363715385,,.2517543583725,.0794267283062275,-.41028628
08/2003,ITAUCORP,20.29648790347069,.13026826293,,.3495709238755,.0799541295399603,-.41028628
09/2003,ITAUCORP,20.24430211710367,-.050847489133,,.2847047572105,.0823544117100555,-.41028628
10/2003,ITAUCORP,20.32982429194557,.089285715805,,.1574006056955,.0791260712263964,-.41028628
11/2003,ITAUCORP,20.37470363375357,.045901655696,,.2108781017524,.0750655822637711,-.41028628
12/2003,ITAUCORP,20.34608351493872,-.028213166144,,.175031263769,.0747023217402968,-.41028628
01/2004,ITAUCORP,20.35251440527882,.0064516129041,,.1928465920581,.0753204675116675,-.41028628
02/2004,ITAUCORP,20.38095234059272,.064812053322,,.1273903824501,.0757191083888274,-.41028628
03/2004,ITAUCORP,20.34285380785767,-.03738317757,,.1408546940131,.078702046028531,-.41028628
04/2004,ITAUCORP,20.31329500562578,-.029126213592,,.0224427646161,.0559770507270479,-.41028628
05/2004,ITAUCORP,20.26899474672321,-.043333333334,,-.0667922244139,.0581950936644831,-.41028628
06/2004,ITAUCORP,20.32654023237639,.05923344948,,.0206543912101,.0597286861881058,-.41028628
07/2004,ITAUCORP,20.34608482844294,.019736842105,,.033939620411,.0590901918617165,-.7045151
08/2004,ITAUCORP,20.36208516979377,.016129032259,,-.014743400652,.0476035116254008,-.7045151
09/2004,ITAUCORP,20.40860518542736,.047619047618,,.070258824536,.0446730677330697,-.7045151
10/2004,ITAUCORP,20.39333771329236,-.015151515151,,.084233522977,.0392843936555258,-.7045151
11/2004,ITAUCORP,20.36525474455878,-.027692307693,,.099874548618,.0387215199622939,-.7045151
12/2004,ITAUCORP,20.37470363375357,.0094936708847,,.0501347700227,.03749021141172,-.7045151
01/2005,ITAUCORP,20.34608482844294,-.028213166144,,.0021847617737,.038757848980373,-.7045151
02/2005,ITAUCORP,20.34608482844294,.037064926384,,.0231206558987,.0354195443317714,-.7045151
03/2005,ITAUCORP,20.32324533647566,-.022580645161,,-.0470790368803,.0342098362855238,-.7045151
04/2005,ITAUCORP,20.30324466977562,-.019801980198,,-.0517295019273,.0335396056038429,-.7045151
05/2005,ITAUCORP,20.32324533647566,.020202020201,,-.0038351740333,.0304865289473826,-.7045151
06/2005,ITAUCORP,20.32949638495747,.0062706270619,,-.0070582178561,.0258816007361323,-.7045151
07/2005,ITAUCORP,20.36208516979377,.033125614957,,.0542805632449,.0269091591167406,-.62855184
08/2005,ITAUCORP,20.34962693486715,-.012380952381,,.0048346844799,.0270669924969574,-.62855184
09/2005,ITAUCORP,20.373135005972,.023786563806,,.0512018934469,.0241600316549247,-.62855184
10/2005,ITAUCORP,20.32324533647566,-.048665620095,,.0223382535499,.027779950201518,-.62855184
11/2005,ITAUCORP,20.31329500562578,-.0099009900987,,-.0077647567498,.0267665353968775,-.62855184
12/2005,ITAUCORP,20.2443021341356,-.066666666667,,-.0807020504787,.0324802420888153,-.62855184
01/2006,ITAUCORP,20.29987198529302,.057142857142,,-.0566848082937,.0365753159742424,-.62855184
02/2006,ITAUCORP,20.2797382220989,.020034183584,,-.0242696723287,.0353062652250999,-.62855184
03/2006,ITAUCORP,20.28317938171162,.0034470872088,,-.0446091489259,.0346956997850242,-.62855184
04/2006,ITAUCORP,20.24465921322799,-.037787701821,,-.0337312306519,.0360180570512331,-.62855184
05/2006,ITAUCORP,20.20682276111563,-.037129596572,,-.0609598371252,.0367522635084411,-.62855184
06/2006,ITAUCORP,20.15468997544137,-.050797182053,,-.0450903525112,.0386993018962384,-.62855184
07/2006,ITAUCORP,20.06909804511566,-.082031250002,,-.1842644596552,.0411056438219287,-.41868734
08/2006,ITAUCORP,20.21126228005619,.15276595744,,-.0515326857992,.0647581345893953,-.41868734
09/2006,ITAUCORP,20.17785703473274,-.032853451458,,-.087833224466,.0644278378623756,-.41868734
10/2006,ITAUCORP,20.18584035026181,.0080152671762,,-.0420302554688,.0634892566149483,-.41868734
11/2006,ITAUCORP,20.26270321950262,.079893979555,,.0749933206582,.0681486786826946,-.41868734
12/2006,ITAUCORP,20.25141828840591,-.011220196354,,.1145703063572,.0649350988710834,-.41868734
01/2007,ITAUCORP,20.30995479086192,.060283687943,,.2568852443021999,.065166822124827,-.41868734
02/2007,ITAUCORP,20.25495811510843,-.0098323052907,.003629823,.0942869815715,.0651545864750641,-.41868734
03/2007,ITAUCORP,20.29309229829965,.038869257949,.0022104401,.1660096909785,.0659464584159002,-.41868734
04/2007,ITAUCORP,20.26200171123981,-.030612244899,.00075941399,.1273821789033,.0655395132073209,-.41868734
05/2007,ITAUCORP,20.36176765907905,.1049122807,.00035258508,.1524004800483,.0695281300771262,-.41868734
06/2007,ITAUCORP,20.40860518542736,.047951730707,.00031642249,.2115724071093,.066291155509443,-.41868734
07/2007,ITAUCORP,20.39333771329236,-.015151515151,-.00044751182,.1361372040153,.0586453140367659,-.36459422
08/2007,ITAUCORP,20.45479456790021,.063384615385,.0031597046,.209354124691,.0464182893492538,-.36459422
09/2007,ITAUCORP,20.54678484899191,.096354166668,-.0021471528,.26683903341,.0466865773417573,-.36459422
10/2007,ITAUCORP,20.54968378368763,.0029031406702,-.0014510232,.3003544189792,.0469882032393946,-.36459422
11/2007,ITAUCORP,20.48163032043608,-.065789473685,-.0092757,.1296526645942,.0529571544564741,-.36459422
12/2007,ITAUCORP,20.45305694799701,-.028169014084,-.0020296243,.0535319198032,.0541793896227969,-.36459422
01/2008,ITAUCORP,20.3994727018671,-.052173913044,-.0058890749,.0165095219102,.0566427425586314,-.36459422
02/2008,ITAUCORP,20.31329500562578,-.014247795969,.0004429915,-.0611228894438,.0568166420180241,-.36459422
03/2008,ITAUCORP,20.32555290301923,.012333333334,.0012765388,-.1451437227778,.0562038713343279,-.36459422
04/2008,ITAUCORP,20.31329500562578,-.012183075403,.0018659887,-.160229938851,.0552324435531442,-.36459422
05/2008,ITAUCORP,20.29682681290968,-.016333333333,.0010215926,-.110773798499,.0471203298732167,-.36459422
06/2008,ITAUCORP,20.26200171123981,-.03422568621,-.0046468903,-.116830470625,.0457179278876978,-.36459422
07/2008,ITAUCORP,20.26200171123981,0,-.0061521577,-.064656557581,.0456294999741253,-.45406926
08/2008,ITAUCORP,20.2443021341356,-.017543859649,.00087694236,-.067952621261,.0404492337519702,-.45406926
09/2008,ITAUCORP,20.18432462431959,-.058214285714,-.0016327401,-.138500240309,.0248380311794535,-.45406926
10/2008,ITAUCORP,20.13097344883182,-.051952976866,-.0032889859,-.178270141772,.0245557906561317,-.45406926
11/2008,ITAUCORP,20.13057336881544,-.00040000000081,.00077704329,-.16233680843981,.0226384674655661,-.45406926
12/2008,ITAUCORP,20.13894161847239,.0084033613457,-.00099175854,-.11970776088411,.0242484885188658,-.45406926
12/2002,LTM,19.42843027880947,.16002700878,.000095861178,,,
01/2003,LTM,19.40606324866257,.001062070467,.00043544386,.001062070467,,
02/2003,LTM,19.3696956044917,-.035714285716,-.0011547994,-.034652215249,.0260048108443311,
03/2003,LTM,19.31905187167294,-.04938271605,-2.6151654e-06,-.084034931299,.026089598338035,
04/2003,LTM,19.58051663081082,.29883116883,-.0011046785,.214796237531,.1648039263208368,
05/2003,LTM,19.69374532111435,.13097848042,-.0095367553,.345774717951,.1468491483844675,
06/2003,LTM,19.69374532111435,0,-.00056046381,.345774717951,.1343458432882163,
07/2003,LTM,19.80356018712156,.11607142857,-.00090486917,.460784076054,.1246138050456587,-.21046162
08/2003,LTM,19.84270397423677,.060266603819,.0047794404,.5567649655889999,.1153876356321837,-.21046162
09/2003,LTM,19.96567903659799,.1308562197,.00035920582,.737003901339,.1101274465377132,-.21046162
10/2003,LTM,20.22746752047268,.29925170068,-1.1257126e-06,.7374244331890001,.1261735448258784,-.21046162
11/2003,LTM,20.22751987786589,.025233573182,.00022499202,.6316795259510001,.1215446222118658,-.21046162
12/2003,LTM,20.32240159845209,.099528795812,.00067279988,.7312083217630001,.1159291711891675,-.21046162
01/2004,LTM,20.28351414722046,-.038141040903,,.5769958522900001,.1191628698574612,-.21046162
02/2004,LTM,20.38599924569708,.10792079207,,.624650040541,.1128177207026092,-.21046162
03/2004,LTM,20.37792383169154,-.0080428954425,-.0027397056,.4857509253985001,.1084393108605761,-.21046162
04/2004,LTM,20.46418417597594,.090090090091,-.00070502853,.2765893148095,.0889713298249606,-.21046162
05/2004,LTM,20.36431817963576,-.089750869334,.000094070696,.1616048722935,.1005522814885612,-.21046162
06/2004,LTM,20.4777284010837,.1200913242,.0041905642,.1821674006815,.0993436236222872,-.21046162
07/2004,LTM,20.50268943935905,.025275173257,.00060694414,.2455836148415,.0994813008933443,-1.1628716
08/2004,LTM,20.5992639560066,.13376202713,-.00038735176,.2714248499015,.1011730899393067,-1.1628716
09/2004,LTM,20.66313664180341,.0659566787,-.00066253991,.345424424044,.0996194338550256,-1.1628716
10/2004,LTM,20.66685512354058,.0037254038689,-.00186672,.2590597378219,.0696012617786599,-1.1628716
11/2004,LTM,20.74668757294927,.083105577487,-.0022689193,.4319161846429,.0701374523174541,-1.1628716
12/2004,LTM,20.86412440815214,.14407003221,-.0004909769,.4558948926529,.0740949781246794,-1.1628716
01/2005,LTM,20.99393698315337,.13861495844,-.00080842164,.5692346778359001,.0718265870372035,-1.1628716
02/2005,LTM,20.99018335315067,-.003746594005,-.00036193387,.4317260567009,.073387156409126,-1.1628716
03/2005,LTM,20.99869404278029,.0085470085469,-.00036935604,.3743163865478,.0721637334988126,-1.1628716
04/2005,LTM,21.00593171008052,.0072639225182,0,.3778549051971,.0729782470641103,-1.1628716
05/2005,LTM,21.03900840242905,.036895474772,-.00001549658,.3316448024821,.0580827786675835,-1.1628716
06/2005,LTM,20.97690882191145,-.060210702574,.00015850912,.1273640676981,.0650519377793729,-1.1628716
07/2005,LTM,20.98150108242768,.0046028210836,.00011317645,-.0066480696583,.0659928342323489,-1.5587589
08/2005,LTM,20.80859412887601,-.14441776413,-.00012584777,-.1473192397833,.0800593592737443,-1.5587589
09/2005,LTM,20.76859536783546,-.039209370425,.00022779846,-.1950756187552,.080766180141081,-1.5587589
10/2005,LTM,20.82457122976612,.057572155678,.000064723776,-.1447673855954,.0815784047272222,-1.5587589
11/2005,LTM,20.91016710010791,.089365994238,-.00045708951,-.0922968661294,.0820413814519953,-1.5587589
12/2005,LTM,20.91014064543885,-.000026454326871,-.00019130844,-.032112617882271,.0721742717255617,-1.5587589
01/2006,LTM,20.96671099692724,.058201058202,-.00026154474,.021485619236129,.0619467225493411,-1.5587589
02/2006,LTM,21.02439010853242,.073727419678,.00028810091,.239630803044129,.0653252586353608,-1.5587589
03/2006,LTM,20.99262237874994,-.031268436578,.00054312655,.247571736891129,.0662820505906405,-1.5587589
04/2006,LTM,20.94395400980462,-.047503045066,-.00022724345,.142496536147129,.067930051631253,-1.5587589
05/2006,LTM,20.87514380340175,-.065793844161,-.00034913712,-.012663302251871,.0692881608558089,-1.5587589
06/2006,LTM,20.83671620029677,-.037698630136,-.00048852165,-.050335478061,.068061989543907,-1.5587589
07/2006,LTM,20.81879086685062,-.017765630338,0,-.126302166601,.0680254911759807,-1.5430652
08/2006,LTM,20.90836658595549,.11829259813,.00025138198,-.081736988149,.0624330874117422,-1.5430652
09/2006,LTM,20.99383966431549,.089232237033,-.00024677566,.038763685462,.063637480900402,-1.5430652
10/2006,LTM,21.09378407950452,.10510948905,.0022812299,.191376219578,.0673009185837176,-1.5430652
11/2006,LTM,21.2273237283674,.1428665786,.0038963894,.4000366423389999,.0732570429665053,-1.5430652
12/2006,LTM,21.3408918150129,.12026816159,.0028811942,.558003434065,.0765889740264396,-1.5430652
01/2007,LTM,21.49290295157786,.1860403529,-.001092697,.7618094173029999,.0871621637851722,-1.5430652
02/2007,LTM,21.58036844190362,.091404599773,-.0010024738,.7349214189459999,.0876928366628408,-1.5430652
03/2007,LTM,21.58446091301051,.0041008567132,.0002462363,.6497900386262,.0851067657433021,-1.5430652
04/2007,LTM,21.62424395312436,.052170970284,.0010461697,.5968515198602,.0785514616047259,-1.5430652
05/2007,LTM,21.71643934267167,.097994583208,.010544209,.5519795244682,.0670109290121048,-1.5430652
06/2007,LTM,21.76187310288401,.046481684916,.0082458705,.4781930477942,.0573562290083378,-1.5430652
07/2007,LTM,21.70626455030134,-.054090662815,.001116939,.2380620320792,.0639322383179174,-1.7158989
08/2007,LTM,21.7056677135372,.017967225693,.0027371971,.1646246579992,.0654844224235925,-1.7158989
09/2007,LTM,21.73533467291306,-.030340298508,.0008890747,.130183502778,.0718988021399238,-1.7158989
10/2007,LTM,21.72938168626379,-.0059353027364,.0024478727,.0720772297576,.0733972954705997,-1.7158989
11/2007,LTM,21.64910771985365,-.077136521858,-.00070201705,-.1030538753084,.0770432361862208,-1.7158989
12/2007,LTM,21.58827418359456,-.059020134227,-.00052095257,-.2085556944514,.0768984195531086,-1.7158989
01/2008,LTM,21.46235757935857,-.093517367943,.0049609919,-.2479823995794,.0641248867772307,-1.7158989
02/2008,LTM,21.47334714298722,.011050170688,.0052482933,-.2548994545844,.0574680863674426,-1.7158989
03/2008,LTM,21.47118452974236,-.0021602765155,.0051242551,-.2267194325919,.0573813159774875,-1.7158989
04/2008,LTM,21.45131133848076,-.019677021023,.006238482,-.2404611508785,.0541865308742992,-1.7158989
05/2008,LTM,21.40757463628249,-.041544389533,-.00063561625,-.2048690185535,.0414316147780807,-1.7158989
06/2008,LTM,21.31035368729006,-.092644495336,-.00015853731,-.2384933796625,.0387905690380581,-1.7158989
07/2008,LTM,21.42187865297097,.11798165483,.00080762495,-.0269943568895,.0586972586894724,-1.5785706
08/2008,LTM,21.44732828166741,.050443142251,-.00075718091,.0123986146735,.0614382192460288,-1.5785706
09/2008,LTM,21.44057172193459,-.0067337855362,-.0018104087,.0078251056528,.0614622379968492,-1.5785706
10/2008,LTM,21.44299944871406,.0024306761243,-.003566908,.0299328028001,.0616616371687982,-1.5785706
11/2008,LTM,21.34545994497288,-.092933491686,-.0023354199,-.0214562993529,.0631989952494231,-1.5785706
12/2008,LTM,21.34258255956508,-.0028732496812,-.0023933731,.0683149463019,.0620229624053015,-1.5785706
12/2002,MARINSA,17.75753157580783,.0099999861286,0,,,
01/2003,MARINSA,17.83459263568583,.091805946491,0,.091805946491,,
02/2003,MARINSA,17.80069108401015,-.033333333333,0,.058472613158,.0884868333563513,
03/2003,MARINSA,17.83625788962042,.036206870243,0,.094679483401,.0626989321385564,
04/2003,MARINSA,18.13469722813617,.39591276849,0,.490592251891,.1892327589896778,
05/2003,MARINSA,18.26853719864063,.1432098577,0,.633802109591,.1641381591422763,
06/2003,MARINSA,18.61544539666488,.41468684836,0,1.048488957951,.1880691523612606,
07/2003,MARINSA,18.75088336755998,.153159006,0,1.10984201746,.1718766696389933,
08/2003,MARINSA,19.03856544001176,.33333333333,0,1.476508684123,.1690812951241841,
09/2003,MARINSA,18.93320492435394,-.099999999999,0,1.340301813881,.1856890965678675,
10/2003,MARINSA,19.11552648114789,.20652173913,.00056064688,1.150910784521,.1757012443134039,
11/2003,MARINSA,19.13387561981609,.018518518518,0,1.026219445339,.172371374085571,
12/2003,MARINSA,19.13160030597895,-.0022727272735,.000016172507,.6092598697055001,.1701947378345119,
01/2004,MARINSA,18.96060389854205,-.1533180778,,.3027827859055,.1898385357463282,
02/2004,MARINSA,18.96060389854205,0,,-.0305505474245,.1876587199532839,
03/2004,MARINSA,19.06325805260214,.1081081081,0,.1775575606745,.1858620358769583,
04/2004,MARINSA,19.03856544001176,-.010250972075,0,-.0392151505305,.1685101329251703,
05/2004,MARINSA,19.01329891276388,-.024950000001,0,-.0826836690495,.1708977289860763,
06/2004,MARINSA,19.06325805260214,.051228142147,0,-.029182799629,.1341888226398432,
07/2004,MARINSA,19.12474313625282,.070605266534,0,.194740544705,.1303888563420738,
08/2004,MARINSA,19.28151161862215,.16972477064,0,.3644653153449999,.1027110001731435,
09/2004,MARINSA,19.47682037094292,.21568627451,.0020662372,.472043481755,.1073194370659195,
10/2004,MARINSA,19.68041932618416,.23339658444,.0009249865,.7156910382699999,.1110057211839655,
11/2004,MARINSA,19.60387924906182,-.073684210527,0,.6669568277439999,.1168987287969179,
12/2004,MARINSA,19.61236586293914,.0085227272721,0,.6242514128691,.1165117830382195,
01/2005,MARINSA,19.55735923342693,-.045338312294,0,.5083078340411,.1027765524208808,
02/2005,MARINSA,19.57505881052633,.017857142857,0,.3564402062581,.1019773216925295,
03/2005,MARINSA,19.653751079102,.08187134503,0,.2226252767781,.1011316319929436,
04/2005,MARINSA,19.68041932618416,.055956550899,.000023812399,.0451852432371,.0988566734486371,
05/2005,MARINSA,19.56919369107393,-.10526315789,0,.0136062958741,.1077050278187568,
06/2005,MARINSA,19.59875490379499,.034875531306,0,.039959099908,.1078840412791666,
07/2005,MARINSA,19.58538014485291,-.0085714285715,.00043969377,.0767259836305,.1092784525757039,
08/2005,MARINSA,19.49339438815427,-.087881858984,0,-.0290130182105,.1086547099354179,
09/2005,MARINSA,19.51973252269723,-.0031746031746,0,-.1140589664151,.0911071505226233,
10/2005,MARINSA,19.47412201144517,-.039070649895,0,-.2090861672091,.0580765841827873,
11/2005,MARINSA,19.25097846013097,-.2,0,-.3038230093191,.0779814881271433,
12/2005,MARINSA,19.16396708314134,-.083333333333,0,-.4220318739581,.0789809468591055,
01/2006,MARINSA,19.1864399389934,.028644252943,-.0012083688,-.3848161924436,.080700243676935,
02/2006,MARINSA,19.06865690333701,-.11111111111,0,-.4080454445696,.0829327477587604,
03/2006,MARINSA,18.90613797383924,-.15,-1.0462068e-09,-.554870841395,.0798195394726484,
04/2006,MARINSA,18.94082353182713,.068782640379,.033130407,-.447017551121,.0815190516537159,
05/2006,MARINSA,18.90613797383924,-.03409090909,0,-.281108460211,.0800802873889901,
06/2006,MARINSA,18.90613797383924,0,.000013939659,-.197775126878,.0773561712338454,
07/2006,MARINSA,18.85174390177344,-.052941176472,.0032638847,-.2793605562929999,.0761610407123695,.0088871466
08/2006,MARINSA,18.93512551071249,.08695652174,0,-.081292923443,.0855199713395166,.0088871466
09/2006,MARINSA,18.96329638767919,.028571428571,.0005231034,.097278505128,.0872622362274385,.0088871466
10/2006,MARINSA,18.91200309329163,-.05,0,-.021504135251,.0873299259009124,.0088871466
11/2006,MARINSA,19.01736360894946,.11111111111,.00094993168,.123697884949,.0811649431703226,.0088871466
12/2006,MARINSA,19.10643426767104,.093157894737,.00006028662,.216855779686,.0832486300169891,.0088871466
01/2007,MARINSA,19.1864399389934,.083293211363,0,.353090167521,.0863019429225294,.0088871466
02/2007,MARINSA,19.22992505093313,.044444444444,0,.310578090225,.0784103072767286,.0088871466
03/2007,MARINSA,19.09821570557856,-.12340425531,0,.158602406344,.0734124524729547,.0088871466
04/2007,MARINSA,19.1864399389934,.092233009709,0,.3008354160530001,.0750837327275218,.0088871466
05/2007,MARINSA,19.3116030819474,.13333333333,0,.323057638273,.07891217561296,.0088871466
06/2007,MARINSA,19.38892716538194,.080392156862,0,.310291900398,.0788766759052919,.0088871466
07/2007,MARINSA,19.40512913995822,.016333938296,0,.243332627331,.0734937040765525,.0098764645
08/2007,MARINSA,19.59928515439918,.21428571429,-.0044614514,.413173897177,.0872631520951326,.0098764645
09/2007,MARINSA,19.65644356823913,.058823529411,0,.595401681898,.086697950298915,.0098764645
10/2007,MARINSA,19.65644356823913,0,-.0025484331,.503168672189,.0818480741768299,.0098764645
11/2007,MARINSA,19.52288042907895,-.12502777777,-.0031954471,.244807561089,.097221593195556,.0098764645
12/2007,MARINSA,19.4402204597695,-.079335851933,0,.085079552294,.1024403280800498,.0098764645
01/2008,MARINSA,19.3310211678045,-.10344827586,0,-.034702661862,.1081233972242986,.0098764645
02/2008,MARINSA,19.25097846013097,-.076923076923,0,-.325911453075,.111000349897211,.0098764645
03/2008,MARINSA,19.1864399389934,-.0625,0,-.447234982486,.1057503955862166,.0098764645
04/2008,MARINSA,19.16396708314134,.016494940628,0,-.430740041858,.1027671912240921,.0098764645
05/2008,MARINSA,19.06865690333701,-.090909090909,7.0284173e-06,-.396621354997,.0977823540590231,.0098764645
06/2008,MARINSA,19.11744706750644,.049999999999,.00017263877,-.267285503065,.0955207795070152,.0098764645
07/2008,MARINSA,19.16396708314134,.047619047618,.000036041823,-.116218179587,.0968765291925843,-.23006345
08/2008,MARINSA,19.13667919609388,-.077044819688,.00027973999,-.116339922352,.0666418193807324,-.23006345
09/2008,MARINSA,19.07480379234772,-.059999999999,.000014135272,-.113839922351,.0595874818311325,-.23006345
10/2008,MARINSA,18.78000425210628,-.25531914894,-.0002943151,-.385654011919,.0825377960432567,-.23006345
11/2008,MARINSA,18.81509557191755,.035714285714,-.000011200116,-.259030635296,.0854396333471005,-.23006345
12/2008,MARINSA,18.45348234631888,-.30344827586,0,-.612478911155,.1117669767942963,-.23006345
12/2002,MASISA,19.26620832646478,.17741935484,.00092994829,,,
01/2003,MASISA,19.19231108025514,-.071232876713,-.0057223435,-.071232876713,,
02/2003,MASISA,19.1346319686546,-.056047197639,.000036597059,-.127280074352,.010737896650148,
03/2003,MASISA,19.16540362732135,.03125,-.0096550202,-.096030074352,.0553084465881013,
04/2003,MASISA,19.19525659047103,.030303030304,.0022427458,-.065727044048,.0548641842910831,
05/2003,MASISA,19.16540362732135,-.029411764706,-.0081018824,-.095138808754,.0478670569141628,
06/2003,MASISA,19.24204378142533,-.076053288145,.001431391,-.171192096899,.0487338611253841,
07/2003,MASISA,19.25823980562433,.016327890702,-.00058641413,-.083631329484,.047609295351683,.70588899
08/2003,MASISA,19.26802781198599,.0098360655738,-.00099931355,-.0177480662712,.0455029116471179,.70588899
09/2003,MASISA,19.35377092928353,-.032467532466,-.0040262216,-.0814655987372,.0428315988284855,.70588899
10/2003,MASISA,19.42186854558972,.070469798658,-.0011665324,-.0412988303832,.0494384346465259,.70588899
11/2003,MASISA,19.38677722575221,-.034482758621,-.00038022539,-.0463698242982,.0474463034887454,.70588899
12/2003,MASISA,19.39324974027305,.0064935064947,.0068108351,.0361769703415,.0455821127841782,.70588899
01/2004,MASISA,19.34365279915354,-.048387096774,,-.0285380171345,.0432674567823261,.70588899
02/2004,MASISA,19.4092500816381,.067796610168,,.0294225274597,.0458109078654259,.70588899
03/2004,MASISA,19.39324974027305,-.015873015874,.00049747125,.0460170440517,.0449919824084841,.70588899
04/2004,MASISA,19.57018044843213,.1935483871,-.002773209,.1690956324937,.0723334969418525,.70588899
05/2004,MASISA,19.60120114279457,.0089587745188,.0023681493,.2125371656335,.0712414120871613,.70588899
06/2004,MASISA,19.63458815883959,.033950617284,.000081307269,.2399942764228,.0654650178500096,.70588899
07/2004,MASISA,19.88888321525403,.28955223881,.001900507,.5779336120067999,.1008685792103605,.49497858
08/2004,MASISA,20.08955391072455,.22222222222,.002988351,.7323592240587999,.1120060121817258,.49497858
09/2004,MASISA,20.08955391072455,0,.000056096302,.7482322399328,.1098489181759436,.49497858
10/2004,MASISA,20.20396426189517,.12121212121,-.0020799362,.6758959740428,.1109993631049439,.49497858
11/2004,MASISA,20.16959661839084,-.033783783784,-.000051137889,.6331534157399999,.1109394795778961,.49497858
12/2004,MASISA,20.15551187850552,-.013986013987,-.0011574677,.5852167844689999,.1121639618622287,.49497858
01/2005,MASISA,20.14122592127227,-.014184397162,-.00033604543,.281480148497,.1093146517703853,.49497858
02/2005,MASISA,20.17656528771732,.035971223022,-.000081641112,.095229149299,.1098007688384944,.49497858
03/2005,MASISA,20.21404838096848,.038194444443,.00011601191,.133423593742,.1070785405833916,.49497858
04/2005,MASISA,20.14839441074372,-.042940986749,.00011271526,-.030729514217,.1047059402946465,.49497858
05/2005,MASISA,20.05093907459692,-.092857142859,.000042729342,-.089802873292,.1125017272637934,.49497858
06/2005,MASISA,20.33627684772575,.05905511811,.0013691019,-.016761741195,.1125053307361823,.49497858
07/2005,MASISA,20.38347253906108,.048327137547,.000053287742,.045749793514,.0829743108553735,-.26756826
08/2005,MASISA,20.27099455562704,-.10638297872,.20247576,-.096604408228,.0650802648681499,-.26756826
09/2005,MASISA,20.35052431125449,.082777777776,-.00098556408,-.052021074895,.0693410348318918,-.26756826
10/2005,MASISA,20.21383614178524,-.12775782452,-.0013373187,-.136837912666,.069237370088961,-.26756826
11/2005,MASISA,20.13519301447112,-.075630252101,-.00097047765,-.119611021908,.0713480121139501,-.26756826
12/2005,MASISA,20.0730896564146,-.11399866009,.009663403,-.292664800108,.0765576407883243,-.26756826
01/2006,MASISA,20.23524393609586,.17604166667,.034232572,-.164950270985,.0963214016124091,-.26756826
02/2006,MASISA,20.18157029940867,-.052258635961,.0023946946,-.110825928226,.0958651626078696,-.26756826
03/2006,MASISA,20.1312602892785,-.049065420561,-.00045981081,-.242669126563,.0945750187077048,-.26756826
04/2006,MASISA,20.1288002634286,-.002457002457,-.00051314884,-.1173683045,.0945816997241225,-.26756826
05/2006,MASISA,19.96715026953732,-.14021924959,-.0035209369,-.181957301989,.0987412190331638,-.26756826
06/2006,MASISA,19.95115739962737,-.015865662999,.0048372098,-.083824304898,.0952408150192964,-.26756826
07/2006,MASISA,19.93955826379008,-.011532125206,.00066212757,-.271398096774,.0922061744470418,.073600456
08/2006,MASISA,19.97464958360134,.035714285714,-.00079087459,-.183425175099,.0915181480083329,.073600456
09/2006,MASISA,20.02289225255171,.049425287356,-.0010851535,-.084934467182,.0884172017396117,.073600456
10/2006,MASISA,20.05192985857623,.029463307776,-.0017104961,-.053014156949,.0837008397187613,.073600456
11/2006,MASISA,20.14337336108197,.09575486754,-.0067537073,.182959960181,.0868291394555247,.073600456
12/2006,MASISA,20.21948024294868,.035149043597,-.00066212757,.233974666777,.0793687467995525,.073600456
01/2007,MASISA,20.38658483394902,.18187787262,.0023818973,.427384664603,.0804721182381684,.073600456
02/2007,MASISA,20.3618366642506,-.024444444443,.00086454046,.367225934446,.0788049202239971,.073600456
03/2007,MASISA,20.34658921744985,-.015131793037,-.00014114946,.302668854053,.0768697029955353,.073600456
04/2007,MASISA,20.41783737744752,.073847678837,-.001499713,.347053225114,.0781558353363066,.073600456
05/2007,MASISA,20.52648479301331,.1241116196,-.0018878741,.375409977174,.0633586010672727,.073600456
06/2007,MASISA,20.55424923293858,.02815346398,0,.368414397557,.0606332997334883,.073600456
07/2007,MASISA,20.50964492669755,-.043624161072,-.0013232762,.142912363865,.0642060616879395,.044292178
08/2007,MASISA,20.45261034419915,-.055438596492,-.0022407477,.111918211816,.0707853105102534,.044292178
09/2007,MASISA,20.37861666430129,-.07132243685,.002399541,.055727568003,.0775697844887321,.044292178
10/2007,MASISA,20.32098755146059,-.056,-.0020466673,-.074120110834,.0814370879079164,.044292178
11/2007,MASISA,20.15547311298003,-.15254237288,-.0039874725,-.350774103314,.0920520124242389,.044292178
12/2007,MASISA,20.15627279314975,.0007999999998,-.000088218418,-.3781275672942,.0914614686333684,.044292178
01/2008,MASISA,20.09359770925443,-.06075139888,-.001266727,-.3952548051022,.0721928254066413,.044292178
02/2008,MASISA,20.12325979062042,.030106382979,.0019408051,-.3097098256312,.0736607538921612,.044292178
03/2008,MASISA,20.17527574027275,.053392543634,-.1197655,-.1849948451472,.0763808580980366,.044292178
04/2008,MASISA,20.23243415411942,.058823529413,.0050814427,-.0701713157342,.0749779478860921,.044292178
05/2008,MASISA,20.20920343539578,-.014551627586,.006845749,.0678194295598,.0615775422502908,.044292178
06/2008,MASISA,20.05918245265704,-.13931008339,.00042466421,-.07229065383,.0674806215025403,.044292178
07/2008,MASISA,20.02650273168327,-.032151508477,.0051823584,-.043690763427,.0674677763348592,.10604119
08/2008,MASISA,19.96914353478216,-.05574516496,.0050270925,-.129542311366,.0674756246028055,.10604119
09/2008,MASISA,19.92568251893721,-.042530120482,.00053984503,-.225464975482,.0666355384613593,.10604119
10/2008,MASISA,19.48232461892743,-.35812256197,.00093351066,-.642411066865,.1150827035690427,.10604119
11/2008,MASISA,19.49188473465649,.0096059596162,.011985388,-.6182534796628,.1126433423140484,.10604119
12/2008,MASISA,19.43166051811032,-.058446601942,.0034687482,-.5373899982148,.1117063421706585,.10604119
12/2002,MULTIFOODS,,,,,,
01/2003,MULTIFOODS,,,,0,,
02/2003,MULTIFOODS,,,,0,,
03/2003,MULTIFOODS,,,,0,,
04/2003,MULTIFOODS,,,,0,,
05/2003,MULTIFOODS,,,,0,,
06/2003,MULTIFOODS,,,,0,,
07/2003,MULTIFOODS,,,,0,,
08/2003,MULTIFOODS,,,,0,,
09/2003,MULTIFOODS,,,,0,,
10/2003,MULTIFOODS,,,,0,,
11/2003,MULTIFOODS,,,,0,,
12/2003,MULTIFOODS,,,,0,,
01/2004,MULTIFOODS,,,,0,,
02/2004,MULTIFOODS,,,,0,,
03/2004,MULTIFOODS,,,,0,,
04/2004,MULTIFOODS,,,,0,,
05/2004,MULTIFOODS,,,,0,,
06/2004,MULTIFOODS,,,,0,,
07/2004,MULTIFOODS,,,,0,,
08/2004,MULTIFOODS,,,,0,,
09/2004,MULTIFOODS,,,,0,,
10/2004,MULTIFOODS,,,,0,,
11/2004,MULTIFOODS,,,,0,,
12/2004,MULTIFOODS,,,,0,,
01/2005,MULTIFOODS,,,,0,,
02/2005,MULTIFOODS,,,,0,,
03/2005,MULTIFOODS,,,,0,,
04/2005,MULTIFOODS,,,,0,,
05/2005,MULTIFOODS,,,,0,,
06/2005,MULTIFOODS,,,,0,,
07/2005,MULTIFOODS,,,,0,,
08/2005,MULTIFOODS,,,,0,,
09/2005,MULTIFOODS,,,,0,,
10/2005,MULTIFOODS,,,,0,,
11/2005,MULTIFOODS,,,,0,,
12/2005,MULTIFOODS,,,,0,,
01/2006,MULTIFOODS,,,,0,,
02/2006,MULTIFOODS,,,,0,,
03/2006,MULTIFOODS,,,,0,,
04/2006,MULTIFOODS,,,,0,,
05/2006,MULTIFOODS,,,,0,,
06/2006,MULTIFOODS,,,,0,,
07/2006,MULTIFOODS,,,,0,,
08/2006,MULTIFOODS,,,,0,,
09/2006,MULTIFOODS,,,,0,,
10/2006,MULTIFOODS,,,,0,,
11/2006,MULTIFOODS,,,,0,,
12/2006,MULTIFOODS,,,,0,,
01/2007,MULTIFOODS,,,,0,,
02/2007,MULTIFOODS,,,,0,,
03/2007,MULTIFOODS,,,,0,,
04/2007,MULTIFOODS,,,,0,,
05/2007,MULTIFOODS,,,,0,,
06/2007,MULTIFOODS,,,,0,,
07/2007,MULTIFOODS,19.92145320370239,,,0,,
08/2007,MULTIFOODS,19.83195006194607,-.085614607659,.0070034736,-.085614607659,,
09/2007,MULTIFOODS,19.83299566895951,.0010461538458,0,-.0845684538132,.0612784121228342,
10/2007,MULTIFOODS,19.66852574533348,-.15165672834,.000018916,-.2362251821532,.0765830916026137,
11/2007,MULTIFOODS,19.46422528182075,-.1847826087,-.0036251566,-.4210077908531999,.0819826022630625,
12/2007,MULTIFOODS,19.45529665107645,-.0088888888895,.000095168798,-.4298966797427,.0830543684976501,
01/2008,MULTIFOODS,19.22990842990842,-.20179372197,.0045085265,-.6316904017127,.0880563333108758,
02/2008,MULTIFOODS,19.24108173050654,.011235955055,.0014365835,-.5348398389987,.0916574049315148,
03/2008,MULTIFOODS,19.06540471643126,-.16111111111,.001846284,-.6969971039545,.0886425377218956,
04/2008,MULTIFOODS,19.05975967407206,-.0056291390738,.0015878662,-.5509695146882999,.0884144653714232,
05/2008,MULTIFOODS,19.24108173050654,.21419399665,-.0029930873,-.1519929093383001,.1266823945315182,
06/2008,MULTIFOODS,19.12329869485016,-.11111111111,-.00045255676,-.2542151315588,.1212716994930465,
07/2008,MULTIFOODS,19.02485862203691,-.093750000001,.000087672131,-.1461714095898,.1159863499239669,-.99673355
08/2008,MULTIFOODS,18.98259881274702,-.041379310344,.00069088727,-.1987866749888,.1159683791633765,-.99673355
09/2008,MULTIFOODS,18.70465335781181,-.2426618705,-.00021796509,-.2803374343788,.1250712858905482,-.99673355
10/2008,MULTIFOODS,18.2528174990073,-.36354136981,0,-.638249665115,.1486235946011797,-.99673355
11/2008,MULTIFOODS,18.01841679316846,-.20895522388,0,-1.061398885645,.1500474446661639,-.99673355
12/2008,MULTIFOODS,17.7976289555467,-.19811320755,0,-1.148400982085,.1494156486397035,-.99673355
12/2002,NAVARINO,17.18717064382029,-.020833333334,,,,
01/2003,NAVARINO,17.1998558033476,.012765957446,,.012765957446,,
02/2003,NAVARINO,17.23899571168487,.039915966387,,.052681923833,.0191979554314565,
03/2003,NAVARINO,,,,.052681923833,.0191979554314565,
04/2003,NAVARINO,17.35340606286262,.18246374311,,.235145666943,.0911540180988854,
05/2003,NAVARINO,17.3461727582691,-.0072072072062,,.2279384597368,.0858530334753334,
06/2003,NAVARINO,17.51141031200586,.17967332123,,.4076117809668,.0924043356569104,
07/2003,NAVARINO,17.79137033836374,.32307692308,,.7179227466008,.1286686330431314,1.198997
08/2003,NAVARINO,17.99193531999313,.22209302325,,.9000998034638,.1234254227378814,1.198997
09/2003,NAVARINO,18.12451478489227,.1417697431,,1.0418695465638,.1142872458092802,1.198997
10/2003,NAVARINO,17.99573399502635,-.12083333333,,.7385724701238,.1371311579697236,1.198997
11/2003,NAVARINO,18.26427672726743,.30805687204,,1.05383654937,.1439102345633881,1.198997
12/2003,NAVARINO,18.3137567845308,.050724637682,,.924887865822,.1385081181020894,1.198997
01/2004,NAVARINO,,,,.6018109427420001,.14099898976222,1.198997
02/2004,NAVARINO,18.24229782054866,-.037776193871,,.341941725621,.1485721588835898,1.198997
03/2004,NAVARINO,18.24229782054866,0,,.200171982521,.1458380692641005,1.198997
04/2004,NAVARINO,18.2417124640758,0,,.321005315851,.1475034838272113,1.198997
05/2004,NAVARINO,18.24229782054866,.00058552782866,.000021493577,.01353397163966,.1469742771562822,1.198997
06/2004,NAVARINO,18.25700396793835,.014814814815,0,-.02237585122734,.1461075826788425,1.198997
07/2004,NAVARINO,18.24894236326733,0,0,-.02237585122734,.1235399846756247,.0016160546
08/2004,NAVARINO,18.28009301671072,.031640912435,0,.04704125507866,.1100291500840425,.0016160546
09/2004,NAVARINO,18.73065058846259,.5691868758900001,0,.61622813096866,.1944486278351376,.0016160546
10/2004,NAVARINO,18.91675286809645,.21100414331,0,.82723227427866,.1867504837973399,.0016160546
11/2004,NAVARINO,18.9354450011086,.018867924528,0,.845514670978,.1752100902204696,.0016160546
12/2004,NAVARINO,,,0,.830699856163,.1844395977018603,.0016160546
01/2005,NAVARINO,18.98951222237888,.055555555555,0,.886255411718,.1751406640841601,.0016160546
02/2005,NAVARINO,18.97181264527948,-.017543859649,0,.8370706396340002,.1738988735514681,.0016160546
03/2005,NAVARINO,19.00690396509075,.035714285714,0,.303598049458,.1725765773870842,.0016160546
04/2005,NAVARINO,18.95038834664197,-.017241379311,0,.075352526837,.1734878841106185,.0016160546
05/2005,NAVARINO,19.07036431900798,.12746976082,0,.183954363129,.1717389152584632,.0016160546
06/2005,NAVARINO,18.97185261414443,-.086940477417,0,.097013885712,.1789934636569119,.0016160546
07/2005,NAVARINO,19.02064277831386,.050000000001,2.4848939e-06,.091458330158,.1772640872545422,
08/2005,NAVARINO,,,0,.109002189807,.1857780143555053,
09/2005,NAVARINO,18.8561107854119,-.18367346939,0,-.110385565297,.1086051731376311,
10/2005,NAVARINO,18.76909940842227,-.083333333334,0,-.17647751932,.088999331229672,
11/2005,NAVARINO,18.67927415884852,-.085909090909,0,-.3898563710490001,.0913451115779519,
12/2005,NAVARINO,18.67927415884852,0,0,-.302915893632,.0868796751624289,
01/2006,NAVARINO,18.67378922861795,.016901926927,0,-.336013966706,.0843191211940646,
02/2006,NAVARINO,,,0,-.336013966706,.0888650425292934,
03/2006,NAVARINO,,,0,-.152340497316,.0917070361740353,
04/2006,NAVARINO,18.45807426688678,-.175,0,-.244007163982,.1034609577110487,
05/2006,NAVARINO,18.29545278789804,-.15008716259,0,-.308185235663,.0847171811023537,
06/2006,NAVARINO,18.29545278789804,0,.000077638368,-.308185235663,.0883909977408515,
07/2006,NAVARINO,18.08949645297009,-.18613138686,0,-.51121854945,.0839543049521097,-.05514463
08/2006,NAVARINO,18.11167031046441,.022421524664,.000086722051,-.488797024786,.0873141785516674,-.05514463
09/2006,NAVARINO,18.03891095618198,-.070175438596,.000029129915,-.558972463382,.0797476890453468,-.05514463
10/2006,NAVARINO,,,0,-.383972463382,.0844628706575961,-.05514463
11/2006,NAVARINO,,,0,-.233885300792,.0900626633607422,-.05514463
12/2006,NAVARINO,18.24300631252549,.22641509434,0,-.007470206452,.1374866444479391,-.05514463
01/2007,NAVARINO,,,0,.178661180408,.1464513348721297,-.05514463
02/2007,NAVARINO,18.30272554722712,.061538461539,0,.217778117283,.1409623747492857,-.05514463
03/2007,NAVARINO,,,0,.287953555879,.1409623747492857,-.05514463
04/2007,NAVARINO,,,0,.287953555879,.1392432246151095,-.05514463
05/2007,NAVARINO,18.30272554722712,0,0,.287953555879,.1256352937048418,-.05514463
06/2007,NAVARINO,18.51127029912017,.23188405797,0,.293422519509,.1512238722234453,-.05514463
07/2007,NAVARINO,,,0,.293422519509,.1241808953610748,.33283532
08/2007,NAVARINO,18.56842871296012,.058823529411,.000050092272,.290707587381,.1217479702944675,.33283532
09/2007,NAVARINO,,,0,.290707587381,.1064324403116657,.33283532
10/2007,NAVARINO,18.56842871296012,0,0,.290707587381,.1062761321841213,.33283532
11/2007,NAVARINO,18.67378922861795,.11111111111,0,.401818698491,.0971746584411008,.33283532
12/2007,NAVARINO,,,0,.169934640521,.0866946083542789,.33283532
01/2008,NAVARINO,18.67328910357627,-.0005000000001,0,.1694346405209,.0844176967320501,.33283532
02/2008,NAVARINO,18.64847142063366,-.024512256129,0,.0860988549809,.0911901898772956,.33283532
03/2008,NAVARINO,,,0,.0860988549809,.0911901898772956,.33283532
04/2008,NAVARINO,,,0,.0860988549809,.0911901898772956,.33283532
05/2008,NAVARINO,18.54025783599343,-.068073254766,0,-.0930855108951,.1009905724781335,.33283532
06/2008,NAVARINO,18.54025783599343,0,0,-.0930855108951,.0580190647344626,.33283532
07/2008,NAVARINO,,,0,-.092585510895,.0580190647344626,
08/2008,NAVARINO,,,0,-.068073254766,.0592057328584849,
09/2008,NAVARINO,,,.000020888156,-.068073254766,.0592057328584849,
10/2008,NAVARINO,18.59889381772638,2.67930226980e-06,0,-.0680705754637302,.0592057056775045,
11/2008,NAVARINO,,,0,2.67930226980e-06,.029589635071598,
12/2008,NAVARINO,,,0,2.67930226980e-06,.029589635071598,
12/2002,NAVIERA,16.49697469953296,-.03773590168,-.000011836017,,,
01/2003,NAVIERA,16.57248227079992,.13865602746,0,.13865602746,,
02/2003,NAVIERA,16.57972867240051,.0072727203351,6.9832095e-07,.1459287477951,.0929020274027316,
03/2003,NAVIERA,16.65949364778955,.083032498433,0,.2289612462281,.0659483312272271,
04/2003,NAVIERA,16.71461297108839,.056666692099,0,.2856279383271,.0547359309572864,
05/2003,NAVIERA,16.65971363950396,.009463713146,0,.2950916514731,.0549036463138272,
06/2003,NAVIERA,16.724032183821,.066432050558,-.000069946793,.3615237020311,.0492004963816458,
07/2003,NAVIERA,,,1.4130525e-06,.2228676745711,.0492004963816458,1.4164305
08/2003,NAVIERA,16.89851053325807,.19062496438,.000025012985,.406219918616,.0666732825336749,1.4164305
09/2003,NAVIERA,,,.000050804072,.323187420183,.0666732825336749,1.4164305
10/2003,NAVIERA,16.9244187550685,.026246757099,-.000030462681,.292767485183,.0644712410639614,1.4164305
11/2003,NAVIERA,,,3.9572105e-06,.283303772037,.0644712410639614,1.4164305
12/2003,NAVIERA,,,-.00004720196,.216871721479,.0644712410639614,1.4164305
01/2004,NAVIERA,,,,.216871721479,.0633292452738011,1.4164305
02/2004,NAVIERA,,,,.026246757099,.0639747148485178,1.4164305
03/2004,NAVIERA,16.92441873310086,-2.19506546270e-08,0,.0262467351483454,.0698426197757437,1.4164305
04/2004,NAVIERA,,,0,-2.19506546270e-08,.0780816735947696,1.4164305
05/2004,NAVIERA,,,0,-2.19506546270e-08,.0844091877723919,1.4164305
06/2004,NAVIERA,17.06495875589772,.26404494382,0,.2640449218693454,.1277057779920153,1.4164305
07/2004,NAVIERA,,,0,.2640449218693454,.1277057779920153,
08/2004,NAVIERA,17.86346645211549,1.2222222222,0,1.486267144069346,.5751264237098239,
09/2004,NAVIERA,18.81897789714293,1.6,.00064707344,3.08626716602,.7393725765913606,
10/2004,NAVIERA,19.05738892058793,.26923076923,-.000030977691,3.35549793525,.697165484419829,
11/2004,NAVIERA,19.04212144845713,-.0080904642182,-7.2772027e-06,3.3474074710318,.6824331152301839,
12/2004,NAVIERA,19.0872418837376,.046153846153,-.000026906308,3.1295163733648,.6523097399433209,
01/2005,NAVIERA,19.05738892058793,-.029411764704,-.00002827746,3.1001046086608,.6306918000956003,
02/2005,NAVIERA,19.04212144845713,-.015151515153,0,1.8627308713078,.6075693087238988,
03/2005,NAVIERA,19.01086890495303,-.030769230768,0,.2319616405398,.6100065969293588,
04/2005,NAVIERA,19.05738892058793,.047619047618,0,.0103499189278,.584013269907055,
05/2005,NAVIERA,19.04212144845713,-.0020440338049,0,.0163963493411,.5633727428734824,
06/2005,NAVIERA,19.10184068315876,.061538461538,0,.0317809647261,.5681620147165839,
07/2005,NAVIERA,19.14440029757755,.04347826087,0,.1046709903001,.5462780044624748,-1.2132239
08/2005,NAVIERA,19.05738892058793,-.083333333332,0,.0364891721211,.4623093558876392,-1.2132239
09/2005,NAVIERA,19.03036024817392,-.026666666668,0,.0405917362211,.0884905796628415,-1.2132239
10/2005,NAVIERA,18.9620787407836,-.055336939981,0,-.0623642513779,.0454056134958713,-1.2132239
11/2005,NAVIERA,18.69637557505059,-.23333333333,0,-.293653550903,.0802704805460972,-1.2132239
12/2005,NAVIERA,18.81897789714293,.1304347826,0,-.224757229841,.0899810831594347,-1.2132239
01/2006,NAVIERA,18.94527162246722,.13461538461,0,-.1336201061010001,.0997051474744991,-1.2132239
02/2006,NAVIERA,18.89308586929665,-.050847457628,0,-.101134230397,.1006477951150239,-1.2132239
03/2006,NAVIERA,18.69637557505059,-.17857142857,0,-.253038992299,.1123945446730383,-1.2132239
04/2006,NAVIERA,18.77975718398964,.086956521738,0,-.11074553058,.1150160608173622,-1.2132239
05/2006,NAVIERA,18.65192381247976,-.094650205762,-.000017458024,.027937596988,.1171958820453826,-1.2132239
06/2006,NAVIERA,18.69637557505059,.045454545456,.00036661851,-.057042640156,.1162399188301537,-1.2132239
07/2006,NAVIERA,18.67395212509577,-.022173913045,0,-.213831937811,.1143310913478933,-.73916644
08/2006,NAVIERA,18.69941443128592,.025789239662,0,-.137195240521,.1139517663315199,-.73916644
09/2006,NAVIERA,18.65192381247976,-.046380580841,.00050628273,-.005004392792,.1142006401810357,-.73916644
10/2006,NAVIERA,18.65192381247976,0,.00045390864,-.09196091453,.1138268935351777,-.73916644
11/2006,NAVIERA,18.69637557505059,.045454545456,0,.048143836688,.091990929921077,-.73916644
12/2006,NAVIERA,18.65192381247976,-.04347826087,.00010474814,-.040788969638,.0840170706560366,-.73916644
01/2007,NAVIERA,18.89308586929665,.27272727273,0,.254112216137,.1106052728547266,-.73916644
02/2007,NAVIERA,18.92610608033926,.033571428572,0,.2618944050470001,.1095236595516593,-.73916644
03/2007,NAVIERA,18.81897789714293,-.1015894955,0,.206685490388,.0992190600063783,-.73916644
04/2007,NAVIERA,18.74309319958908,-.07269440952,.000052374071,.133991080868,.0996603665382065,-.73916644
05/2007,NAVIERA,18.89308586929665,.16182572614,0,.250362261552,.1040999082103502,-.73916644
06/2007,NAVIERA,19.11622942061086,.25,0,.543840522422,.1228360583626631,-.73916644
07/2007,NAVIERA,18.94527162246722,-.15714285714,0,.113970392552,.1348318378686727,-.59572589
08/2007,NAVIERA,19.02661726192117,.084745762712,0,.165144726692,.1357089670718146,-.59572589
09/2007,NAVIERA,18.99486856360659,-.03125,0,.235484222192,.1349463178938928,-.59572589
10/2007,NAVIERA,19.0989379235211,.11644374508,0,.424622376792,.1362362575497977,-.59572589
11/2007,NAVIERA,18.88231377232734,-.19476744186,.0040677194,.068029208792,.1530264562727201,-.59572589
12/2007,NAVIERA,18.86041508698133,-.021660649821,0,-.203631441029,.1522466479322797,-.59572589
01/2008,NAVIERA,18.62893429425506,-.20664206642,-.000017458024,-.253130650309,.1450146152529673,-.59572589
02/2008,NAVIERA,18.7793571039711,.1623255814,0,-.175550831621,.153192971818487,-.59572589
03/2008,NAVIERA,18.69027001745451,-.085234093638,0,-.229534925259,.1522854533403616,-.59572589
04/2008,NAVIERA,18.65192381247976,-.0074606354056,0,-.3534393057446,.1505901521708556,-.59572589
05/2008,NAVIERA,18.65192381247976,0,0,-.1586718638846,.1423827574539124,-.59572589
06/2008,NAVIERA,18.67439666833182,.022727272728,.00020853069,-.1142839413356,.1180446884289422,-.59572589
07/2008,NAVIERA,18.69637557505059,.022222222222,.0028958041,.1145803473064,.1111521546825604,-.72378552
08/2008,NAVIERA,18.69201826963589,-.0043478260877,.0013617259,-.0520930601813,.1070348623917032,-.72378552
09/2008,NAVIERA,18.62846906977911,-.061572052402,.00012220617,-.0284310189453,.1077069160162811,-.72378552
10/2008,NAVIERA,18.50532033828788,-.1158678455,0,-.1368382290397,.101349673629229,-.72378552
11/2008,NAVIERA,18.46152022935965,-.026315789474,0,-.1631540185137,.0890084253946623,-.72378552
12/2008,NAVIERA,18.39173898948108,-.067402187206,0,-.2532834784477,.0897438491186972,-.72378552
12/2002,NORTEGRAN,17.00523295980087,-.041666724615,,,,
01/2003,NORTEGRAN,16.98768866668597,-.017391288123,,-.017391288123,,
02/2003,NORTEGRAN,17.00523295980087,.01769909824,,.000307810117,.0248126501517332,
03/2003,NORTEGRAN,16.96078123965446,-.043478220306,,-.043170410189,.0306988804092913,
04/2003,NORTEGRAN,16.9964992880276,.036363600895,,-.006806809294,.0356688422806379,
05/2003,NORTEGRAN,17.04779263470936,.058958230828,,.052151421534,.041111132679843,
06/2003,NORTEGRAN,17.00523295980087,-.041666724615,,.010484696919,.0424788171595609,
07/2003,NORTEGRAN,17.16557564827719,.17391308855,,.201789073592,.0757504974680348,.82673764
08/2003,NORTEGRAN,17.30372593834136,.14814809255,,.3322380679019999,.0822981041149441,.82673764
09/2003,NORTEGRAN,17.45325767657819,.16129032754,,.537006615748,.0867118989567355,.82673764
10/2003,NORTEGRAN,17.48065669015826,.02777781825,,.5284208331029999,.0822004654427865,.82673764
11/2003,NORTEGRAN,17.3960992892479,-.081081092923,,.3883815093519999,.087722204141056,.82673764
12/2003,NORTEGRAN,17.33547466741754,-.058823529412,,.371224704555,.0883756856552825,.82673764
01/2004,NORTEGRAN,17.33547466741754,0,,.197311616005,.0876349947177325,.82673764
02/2004,NORTEGRAN,17.42508682611399,.09375,,.142913523455,.0891444079644968,.82673764
03/2004,NORTEGRAN,17.25751312594143,-.15428571428,.00047360797,-.172662518365,.1031678129703477,.82673764
04/2004,NORTEGRAN,17.3037259691106,.047297297297,.00010419375,-.153143039318,.1032738621885001,.82673764
05/2004,NORTEGRAN,17.29073877356222,.0080313082672,0,-.0640306381278,.1030789577732251,.82673764
06/2004,NORTEGRAN,17.41935615139552,.13725490196,.00026522047,.1320477932442,.105158236805692,.82673764
07/2004,NORTEGRAN,17.35405105299193,-.063218390806,0,.0688294024382,.1002705214216766,.36413148
08/2004,NORTEGRAN,17.45325770307392,.10429447852,.007023606,.0793738809582,.0959689244272307,.36413148
09/2004,NORTEGRAN,17.44768665801521,-.0055555555537,.00036467813,.2281040396845,.0848464749586566,.36413148
10/2004,NORTEGRAN,17.6983801611172,.28491620112,.00025101221,.4657229435075,.1174377071747905,.36413148
11/2004,NORTEGRAN,17.63093888031688,-.065217391304,.0026995654,.3924742439363,.1162049572909813,.36413148
12/2004,NORTEGRAN,17.71562196753939,.088372093021,.0010798262,.3435914349972999,.1140278313439077,.36413148
01/2005,NORTEGRAN,17.55861821873175,-.14529914529,.00082881394,.2615106805133,.1257329999013396,.36413148
02/2005,NORTEGRAN,17.6983801611172,.15,4.7360795e-06,.3072162019933,.1294207329369893,.36413148
03/2005,NORTEGRAN,17.82309127935714,.17167432429,.0015534341,.4844460818370001,.1206266456151425,.36413148
04/2005,NORTEGRAN,17.82309127935714,0,.0040691746,.199529880717,.1218240755623532,.36413148
05/2005,NORTEGRAN,17.74304857169875,-.067946335983,0,.196800936038,.1264002908443686,.36413148
06/2005,NORTEGRAN,18.04543701883161,.0625,.0033508069,.170928843017,.1234691302749533,.36413148
07/2005,NORTEGRAN,18.43083279732947,.4701960784300001,.0010020058,.786424066737,.1693102759165581,-.028244525
08/2005,NORTEGRAN,18.38470646007481,-.04507868765,0,.591345379087,.173391291931894,-.028244525
09/2005,NORTEGRAN,18.36210662816267,-.022346368715,0,.3973246860820001,.1741654228320452,-.028244525
10/2005,NORTEGRAN,18.33311909129066,-.028571428571,0,.3687532575110001,.1627015639360777,-.028244525
11/2005,NORTEGRAN,18.20795594833011,-.11764705882,-.00001689738,.3190525346740001,.1666553476205854,-.028244525
12/2005,NORTEGRAN,18.02563439154358,-.16666666667,0,.0898858680040001,.1763232857900897,-.028244525
01/2006,NORTEGRAN,18.20795594833011,.2,0,-.180310210426,.1747547015444212,-.028244525
02/2006,NORTEGRAN,18.20795594833011,0,0,-.135231522776,.1723392819776924,-.028244525
03/2006,NORTEGRAN,18.20327835878439,-.0046666666676,0,-.1175518207286,.1673517606013391,-.028244525
04/2006,NORTEGRAN,18.1425281430062,-.058941728064,0,-.1479221202216,.1689555425467262,-.028244525
05/2006,NORTEGRAN,18.08390329965803,-.034017524738,0,-.0642925861396,.1676580745727619,-.028244525
06/2006,NORTEGRAN,18.02563439154358,-.056603773585,0,.0457703069454,.1685160552496439,-.028244525
07/2006,NORTEGRAN,18.02603431155702,.00040000000081,0,-.15382969305379,.0871359983886192,-.094839431
08/2006,NORTEGRAN,18.06061536043485,.03518592563,0,-.11864376742379,.0887583713471295,-.094839431
09/2006,NORTEGRAN,18.10074186402234,.040942448821,0,-.07303465193519,.09054360017768,-.094839431
10/2006,NORTEGRAN,18.17749674084272,.079777365492,0,.06568444162081,.0944799294192892,-.094839431
11/2006,NORTEGRAN,18.23613322125754,.12965095008,0,.22935291643881,.0950850064798764,-.094839431
12/2006,NORTEGRAN,18.13896307684581,-.096774193548,.0045997384,.18918249647581,.0845901263248991,-.094839431
01/2007,NORTEGRAN,18.26149671526265,.13035714285,-.00001115752,.319139639325,.0726300228046077,-.094839431
02/2007,NORTEGRAN,18.30326612813106,.042654028435,.000037111324,.32660774213,.0729376355299463,-.094839431
03/2007,NORTEGRAN,18.50264148794073,-.015151515152,0,.270513778157,.0732870612836303,-.094839431
04/2007,NORTEGRAN,18.6184396491102,.12276923077,0,.313505643435,.0750435170568676,-.094839431
05/2007,NORTEGRAN,18.60492033705475,-.0013542950082,-.000029942514,.1825003983468,.0730120144177023,-.094839431
06/2007,NORTEGRAN,18.63231931129906,.027777777779,.00086833292,.3070523696738,.0672988070316373,-.094839431
07/2007,NORTEGRAN,19.01304300073875,.059004879568,.000029942514,.2357001063918,.0661737825264823,.0850159
08/2007,NORTEGRAN,18.97393187061961,-.038356164385,.0064548254,.1546899135718,.0705509398515406,.0850159
09/2007,NORTEGRAN,18.9673622233714,-.0028490028471,0,.1669924258767,.0716282057972475,.0850159
10/2007,NORTEGRAN,19.08806163715567,.12828571428,0,.1725089093867,.0755562339551497,.0850159
11/2007,NORTEGRAN,19.02293207451682,-.063053937705,-.0084050773,.1108092666899,.0753643182292015,.0850159
12/2007,NORTEGRAN,19.00932642246329,-.013513513512,0,.0695179753989,.0665015835962481,.0850159
01/2008,NORTEGRAN,18.95297348592182,-.054794520549,.008347271,-.0442814247181,.0628274677265824,.0850159
02/2008,NORTEGRAN,19.00932642246329,.057971014494,5.1707698e-06,.0520457541609,.0635704760697489,.0850159
03/2008,NORTEGRAN,19.14968378013641,.1506849315,-6.0781099e-06,.205579688508,.0731895284773808,.0850159
04/2008,NORTEGRAN,19.30383445998434,.16666666667,.000020260366,.243960640898,.0790528377941643,.0850159
05/2008,NORTEGRAN,19.6589367393684,.44343524315,0,.750449821753,.1407821708612116,.0850159
06/2008,NORTEGRAN,19.94579575176326,.33223637144,0,1.096199706705,.1584578166159433,.0850159
07/2008,NORTEGRAN,19.91182383219617,-.033401353238,0,1.117592874016,.162669055548528,-.30903605
08/2008,NORTEGRAN,19.84283096072047,-.066666666668,0,.9929551928540001,.1648812872459889,-.30903605
09/2008,NORTEGRAN,19.50635872409926,-.28571428571,0,.5565559756440002,.1961601343418623,-.30903605
10/2008,NORTEGRAN,19.48955160578574,-.016666666666,0,.3732226423080001,.196271757744647,-.30903605
11/2008,NORTEGRAN,19.48955160578574,0,0,-.070212600842,.1937560658067844,-.30903605
12/2008,NORTEGRAN,19.53914854691681,.050847457627,0,-.3516015146549999,.1925230587680719,-.30903605
12/2002,NUEVAPOLAR,,,,,,
01/2003,NUEVAPOLAR,,,,0,,
02/2003,NUEVAPOLAR,,,,0,,
03/2003,NUEVAPOLAR,,,,0,,
04/2003,NUEVAPOLAR,,,,0,,
05/2003,NUEVAPOLAR,,,,0,,
06/2003,NUEVAPOLAR,,,,0,,
07/2003,NUEVAPOLAR,,,,0,,
08/2003,NUEVAPOLAR,,,,0,,
09/2003,NUEVAPOLAR,18.66847934274163,,,0,,
10/2003,NUEVAPOLAR,18.76085266287265,.096774193549,.0033656389,.096774193549,,
11/2003,NUEVAPOLAR,18.69238486355708,-.066176470588,.026576534,.030597722961,.1152235196101243,
12/2003,NUEVAPOLAR,18.74304803821016,.051968503936,.0051241191,.082566226897,.0841810586074865,
01/2004,NUEVAPOLAR,18.67668749890681,-.064206586826,,.018359640071,.0826307285333374,
02/2004,NUEVAPOLAR,18.75347255561087,.079809953448,,.098169593519,.0790726815037426,
03/2004,NUEVAPOLAR,18.71573222759218,-.037037037036,.00027400069,.061132556483,.0744127500649648,
04/2004,NUEVAPOLAR,18.73854690539473,.023076923077,0,-.012564713989,.0681036738754011,
05/2004,NUEVAPOLAR,18.80402483473786,.087479312875,.020063862,.141091069474,.0684623944223843,
06/2004,NUEVAPOLAR,18.86415223269761,.061971830988,.011984938,.151094396526,.0654489008233914,
07/2004,NUEVAPOLAR,18.93702791880001,.075596816976,.012842895,.290897800328,.0636707646674065,-.85207343
08/2004,NUEVAPOLAR,19.10402509206772,.18175092478,.002353664,.39283877166,.0756081412471105,-.85207343
09/2004,NUEVAPOLAR,19.22347618482076,.12687813021,.0040401756,.556753938906,.0758981742441209,-.85207343
10/2004,NUEVAPOLAR,19.14651514368463,-.074074074074,-.0020825912,.459602941755,.0823790006950631,-.85207343
11/2004,NUEVAPOLAR,19.26607437873798,.12699999999,-.00063102762,.49912362887,.0791410316562113,-.85207343
12/2004,NUEVAPOLAR,19.32883670047859,.064773735581,-.0044889688,.501925533463,.0792069952978291,-.85207343
01/2005,NUEVAPOLAR,19.3035188924943,-.025000000001,.045827258,.401328716486,.0745401253862755,-.85207343
02/2005,NUEVAPOLAR,19.32883670047859,.025641025641,-.0016806514,.245218817347,.0747184850274401,-.85207343
03/2005,NUEVAPOLAR,19.30573864921693,-.022833333333,.0053272787,.095507353804,.0732577736871569,-.85207343
04/2005,NUEVAPOLAR,19.29923623072306,-.006481323554,-.00029958074,.163100104324,.0748839432371551,-.85207343
05/2005,NUEVAPOLAR,19.32867001993197,.047577426614,.0043986011,.083677530948,.0740412212095603,-.85207343
06/2005,NUEVAPOLAR,19.40887940815212,.083513918986,.000078753241,.102417714353,.0746543933274564,-.85207343
07/2005,NUEVAPOLAR,19.57504552473955,.18076923077,.0035008753,.308186945124,.0835320059451976,-1.2428443
08/2005,NUEVAPOLAR,19.55530804190155,-.019543973942,-.00029298489,.263001945541,.0765916772726757,-1.2428443
09/2005,NUEVAPOLAR,19.61639376512508,.062990033222,.0012572645,.348825312096,.0722811567393123,-1.2428443
10/2005,NUEVAPOLAR,19.56522547854281,-.049881235154,.0015785055,.305425400496,.0691710692912115,-1.2428443
11/2005,NUEVAPOLAR,19.52495157940487,-.039473684211,.00092738547,.218374289671,.0665720712466871,-1.2428443
12/2005,NUEVAPOLAR,19.48298738030584,-.041095890411,.0055230632,.093764480274,.0678495239008228,-1.2428443
01/2006,NUEVAPOLAR,19.61024915991677,.13571428571,.0038819048,.048709535214,.0744831893740042,-1.2428443
02/2006,NUEVAPOLAR,19.61651877293037,.0062893081758,.0027268492,.0745428173318,.0747889026700764,-1.2428443
03/2006,NUEVAPOLAR,19.63815794804865,.021874999999,.015661322,.0334277841088,.0731142239722997,-1.2428443
04/2006,NUEVAPOLAR,19.72593355892979,.091743119267,.0080756675,.1750521385298,.073926013340799,-1.2428443
05/2006,NUEVAPOLAR,19.72593355892979,.015546055189,.0078355316,.2300718779298,.0742068586623476,-1.2428443
06/2006,NUEVAPOLAR,19.72031556662564,-.0056022408962,.01270221,.2655655274446,.0736261273632441,-1.2428443
07/2006,NUEVAPOLAR,19.73762959868478,.017464788732,.005130996,.1473160304666,.056257562178618,-1.1782898
08/2006,NUEVAPOLAR,19.76439983975707,.027131782945,.0064287595,.1681585052358,.0551540986598476,-1.1782898
09/2006,NUEVAPOLAR,19.82200738901817,.059299191376,.0055576684,.2055826966128,.0549036599001643,-1.1782898
10/2006,NUEVAPOLAR,19.90263712340596,.083969465648,.013309666,.1978090429938,.0529976928166634,-1.1782898
11/2006,NUEVAPOLAR,20.05714991069932,.16708920188,.0055236681,.3493521896848,.0609505813745359,-1.1782898
12/2006,NUEVAPOLAR,20.14898357180872,.096182469126,.0027280832,.451136899707,.0552674425897343,-1.1782898
01/2007,NUEVAPOLAR,20.28434814550602,.14495412844,-.0037406823,.5786262394149999,.0564735713013983,-1.1782898
02/2007,NUEVAPOLAR,20.25837265910276,-.025641025641,-.0034215848,.5258534308289999,.0599075914091007,-1.1782898
03/2007,NUEVAPOLAR,20.2003472268628,-.053696815337,.00051985658,.412857424116,.0675199043501563,-1.1782898
04/2007,NUEVAPOLAR,20.22790021894966,.02793608615,.012217981,.356824044618,.0665715364025633,-1.1782898
05/2007,NUEVAPOLAR,20.25123136094267,.036430840537,-.0017658535,.226165683275,.0659669869276253,-1.1782898
06/2007,NUEVAPOLAR,20.37190840626964,.060011962518,-.00071477424,.189995176667,.0638077138240604,-1.1782898
07/2007,NUEVAPOLAR,20.37884355011474,.0069592476484,.0031716407,.0520002958754,.0644151704950491,-1.6142793
08/2007,NUEVAPOLAR,20.38628729145449,.0074715148494,.00099944836,.0851128363658,.0653635404285311,-1.6142793
09/2007,NUEVAPOLAR,20.37818957877797,-.0080650145219,.00076216977,.1307446371809,.0674377480634578,-1.6142793
10/2007,NUEVAPOLAR,20.5024966004646,.13236347777,.0014248544,.2351720288009,.0712970026340753,-1.6142793
11/2007,NUEVAPOLAR,20.55203319456537,.050784044017,-.0051690643,.2495252322809,.0609949561917814,-1.6142793
12/2007,NUEVAPOLAR,20.39060402238349,-.14907320138,-.00038385228,.0404400683829,.0788138027675389,-1.6142793
01/2008,NUEVAPOLAR,20.22206921275876,-.1550981478,.012556172,-.1216173270655,.082788153851828,-1.6142793
02/2008,NUEVAPOLAR,20.26092430570518,.039619824478,-.0043808115,-.0894690174369,.0835067918426645,-1.6142793
03/2008,NUEVAPOLAR,20.16736047222167,-.089320116292,.0046546985,-.170724119207,.0861659852193391,-1.6142793
04/2008,NUEVAPOLAR,20.18720156178966,.020039232279,.00035778314,-.283048364698,.0859353232687286,-1.6142793
05/2008,NUEVAPOLAR,20.18455855479171,.015983816205,-.0042053992,-.31784859251,.0852610744830506,-1.6142793
06/2008,NUEVAPOLAR,19.96339791333103,-.1984120983,.0016428996,-.36718748943,.0987291525433765,-1.6142793
07/2008,NUEVAPOLAR,19.8471936703497,-.10970663145,-.011633326,-.32179597308,.1007794134395684,-1.3629967
08/2008,NUEVAPOLAR,19.86421267551257,.017164653529,.00049558101,-.344251144029,.1012057797453065,-1.3629967
09/2008,NUEVAPOLAR,19.6800143587086,-.16822916667,-.0046270248,-.423160194407,.1075298125653606,-1.3629967
10/2008,NUEVAPOLAR,19.34484371670801,-.28478396994,-.0062569329,-.727983396626,.1107743538078771,-1.3629967
11/2008,NUEVAPOLAR,19.32530545650965,-.019348625459,.0028044607,-.7633158382899999,.1046849271033977,-1.3629967
12/2008,NUEVAPOLAR,19.28894111891643,-.035711097224,-.0032927254,-.600614837214,.1039916963170193,-1.3629967
12/2002,OROBLANCO,17.21940688113827,-.033333302425,,,,
01/2003,OROBLANCO,17.48043142734159,-.022988483697,,-.022988483697,,
02/2003,OROBLANCO,17.54863967815066,.070588236118,,.047599752421,.0661687331423801,
03/2003,OROBLANCO,17.21940688113827,-.043956066269,,.003643686152,.0609872107078923,
04/2003,OROBLANCO,17.40745906175967,.2068964903,,.210540176452,.1142623756187642,
05/2003,OROBLANCO,17.35866894298926,-.037980484595,,.172559691857,.1069305974459076,
06/2003,OROBLANCO,17.37847155158038,.019999980927,,.192559672784,.0958249530181066,
07/2003,OROBLANCO,17.38822771744562,.0098039124023,,.2253520688833,.0878805536561165,.91080016
08/2003,OROBLANCO,17.5575198251924,.18446608009,,.3392299128553,.0982061839981376,.91080016
09/2003,OROBLANCO,17.65133858186888,.098360657339,,.4815466364633,.0933635515058748,.91080016
10/2003,OROBLANCO,17.65877355310548,.0074626792648,,.2821128254281,.0892410239733923,.91080016
11/2003,OROBLANCO,17.59768584346704,-.059259275873,0,.2608340341501,.0907648265731709,.91080016
12/2003,OROBLANCO,17.52418338146389,-.070866141732,.0014403075,.1699679114911,.0922091622536901,.91080016
01/2004,OROBLANCO,17.52418338146389,0,,.1601639990888,.09123711506244,.91080016
02/2004,OROBLANCO,17.65877353543102,.14406779661,,.1197657156088,.0963742506470206,.91080016
03/2004,OROBLANCO,17.6210332074523,-.037037037038,.00014460918,-.0156319787682,.0958570309971144,.91080016
04/2004,OROBLANCO,17.48969720540175,-.12307692307,.00056976016,-.146171581103,.0904361901933307,.91080016
05/2004,OROBLANCO,17.49843088537448,.03556840792,.000072304589,-.05134389731,.089275451816971,.91080016
06/2004,OROBLANCO,17.65133855696157,.1652173913,.00092260656,.184739635722,.09896755476963,.91080016
07/2004,OROBLANCO,17.59768584346704,-.05223880597,.001275453,.132500829752,.1016769321531249,.46813607
08/2004,OROBLANCO,17.75744506294352,.17322834646,.0023282077,.1616613796020001,.1001081839855569,.46813607
09/2004,OROBLANCO,17.73023249942573,-.026845637583,.00034995421,.171852779057,.0980956670394917,.46813607
10/2004,OROBLANCO,17.82867257222776,.10344827586,.0029095367,.398377977987,.1014572393845564,.46813607
11/2004,OROBLANCO,17.88929719405483,.0625,.00075196777,.425309570067,.0987514567906105,.46813607
12/2004,OROBLANCO,17.88929719405483,0,.0013043748,.260092178767,.0941048371499562,.46813607
01/2005,OROBLANCO,17.85944423090876,-.029411764706,.0035313561,.282919220031,.0955303076515483,.46813607
02/2005,OROBLANCO,18.00052282916774,.15151515151,.0024005123,.261206025081,.0963268562484932,.46813607
03/2005,OROBLANCO,18.12651474902037,.18070713359,.0012147172,.468758796254,.1018258878911647,.46813607
04/2005,OROBLANCO,18.22393686202399,.10232558139,.0050492999,.4676361017840001,.0858521218984995,.46813607
05/2005,OROBLANCO,18.12651474902037,-.076130882589,.00037509087,.3290052191949999,.0956745051263505,.46813607
06/2005,OROBLANCO,18.4644234675797,.12558139534,.0029718736,.4545866145349999,.0924493502701513,.46813607
07/2005,OROBLANCO,18.7590031841052,.34256198347,.000092656977,.826560362711,.1162366688785064,.1305052
08/2005,OROBLANCO,18.59588660714017,-.15050784856,0,.524537362641,.1322513116175862,.1305052
09/2005,OROBLANCO,18.59588660714017,0,0,.343830229051,.1307663174898016,.1305052
10/2005,OROBLANCO,18.45612466476501,-.1304347826,0,.111069865061,.1419111464711951,.1305052
11/2005,OROBLANCO,18.40483137037746,-.050000000001,.00011582123,.137200747649,.1445734502845527,.1305052
12/2005,OROBLANCO,18.34612376955068,-.057017543859,.0016678256,-.04539819155,.1468848377826202,.1305052
01/2006,OROBLANCO,18.55143484456934,.22790697674,.0010400746,-.1600531982799999,.1553110846569781,.1305052
02/2006,OROBLANCO,18.62797492169167,.079545454544,.0018902024,.070000104824,.152634615616081,.1305052
03/2006,OROBLANCO,18.49694665928526,-.12280701754,.0012485528,-.052806912716,.1540647539828633,.1305052
04/2006,OROBLANCO,18.51674928658144,.02,0,.097627869884,.1520924440329137,.1305052
05/2006,OROBLANCO,18.39158614362744,-.099481605725,0,.04814626416,.1535402448260034,.1305052
06/2006,OROBLANCO,18.41356505034621,.022222222222,0,.127386030241,.1496500282951823,.1305052
07/2006,OROBLANCO,18.44101102691577,.027826086958,0,-.072694859541,.1069485354251991,-.13790022
08/2006,OROBLANCO,18.42222311308933,-.018612521151,0,-.1708528352360001,.0987091198497521,-.13790022
09/2006,OROBLANCO,18.46028267491367,.038793103449,0,-.009252714247,.0996402414870506,-.13790022
10/2006,OROBLANCO,18.55521556740924,.09958506224,0,.070332347993,.0953862819427449,-.13790022
11/2006,OROBLANCO,18.71205803882749,.23109491627,-5.9645613e-06,.400908869988,.1114105869422262,-.13790022
12/2006,OROBLANCO,18.6590655087617,-.051612903226,.0055729132,.32707374454,.1110042865948927,-.13790022
01/2007,OROBLANCO,18.73122795500993,.074829931973,.000016392132,.374077589555,.0947922328446626,-.13790022
02/2007,OROBLANCO,18.72805838024865,-.0031645569625,.000023164244,.3895255537435,.0934725332744642,-.13790022
03/2007,OROBLANCO,18.93994612573559,.041269841269,0,.3920022915635,.0823002294222258,-.13790022
04/2007,OROBLANCO,19.04956585075964,.11585365853,0,.4082708878535,.0856251648359476,-.13790022
05/2007,OROBLANCO,19.08710377008628,.049794944431,.0014440807,.2269709160145,.0735261074881569,-.13790022
06/2007,OROBLANCO,19.10017585164897,.013157894737,.0018929166,.2917417139775,.0739090232139935,-.13790022
07/2007,OROBLANCO,19.39004825607725,.036375720369,.001970975,.2532875023735,.0737002634640431,-.18135056
08/2007,OROBLANCO,19.36264928190072,-.027027027028,.0099348333,.229425032308,.0744720685757636,-.18135056
09/2007,OROBLANCO,19.39812367007567,.036111111111,0,.22426630215,.074517939966855,-.18135056
10/2007,OROBLANCO,19.45593721629177,.059517426274,0,.167930069894,.073043521405362,-.18135056
11/2007,OROBLANCO,19.44243554643035,-.013410931174,-.0082337977,.104724194289,.0466736578945742,-.18135056
12/2007,OROBLANCO,19.39543910469479,-.04590920749,.0027227795,.045657092062,.0458143205383839,-.18135056
01/2008,OROBLANCO,19.31135598747829,-.080645161291,.0055859089,-.071363789598,.0528471822345685,-.18135056
02/2008,OROBLANCO,19.36264928186174,.052631578948,.000017786235,.008294816378,.0535383741907038,-.18135056
03/2008,OROBLANCO,19.49270241013085,.13888888888,.000014034947,.111072594147,.0635717696548732,-.18135056
04/2008,OROBLANCO,19.62927794514389,.14634146341,1.4034947e-06,.197896631283,.0678684596215398,-.18135056
05/2008,OROBLANCO,20.06629669707231,.5665009569,.0058666077,.777808519357,.1693190378392828,-.18135056
06/2008,OROBLANCO,20.37928798758232,.36750962067,0,1.191227347517,.187728906629976,-.18135056
07/2008,OROBLANCO,20.29546931570372,-.080402010051,-.000028069893,1.191470498757,.194408628416671,-.46290612
08/2008,OROBLANCO,20.23927475736735,-.054644808743,.00074385217,1.084194111066,.1961190979466665,-.46290612
09/2008,OROBLANCO,19.91413688736484,-.27757225433,-.00049543363,.667732967856,.2231485875063358,-.46290612
10/2008,OROBLANCO,19.83091529122181,-.079852776445,.00014034947,.441538728001,.2270470646913438,-.46290612
11/2008,OROBLANCO,19.89816751822761,.069565217391,.00095437636,-.055397011508,.2260926595713903,-.46290612
12/2008,OROBLANCO,19.9222650698083,.024390243903,0,-.398516388275,.2239943187818894,-.46290612
12/2002,PARAUCO,18.28600584062576,.0052910052909,.0055088564,,,
01/2003,PARAUCO,18.30162017102139,.015736871017,.0013824761,.015736871017,,
02/2003,PARAUCO,18.28600584062576,-.01549305875,.000033736957,.000243812267,.0220828951142253,
03/2003,PARAUCO,18.36199174760369,.078947368422,-.0034311218,.079191180689,.0481142213554875,
04/2003,PARAUCO,18.56443470759706,.2243902439,0,.303581424589,.106506544678759,
05/2003,PARAUCO,18.47706107738847,-.046263923897,-.00018786739,.257317500692,.1072021967346857,
06/2003,PARAUCO,18.47710453079219,.000043454376282,.0061456412,.257360955068282,.098155585537232,
07/2003,PARAUCO,18.49856728260944,.021694733327,.00029027392,.263318817378282,.0899609026679863,.52471805
08/2003,PARAUCO,18.56447452552942,.068127636199,.0053730132,.346939512327282,.0838848775051499,.52471805
09/2003,PARAUCO,18.60732627222637,.043783139052,-.0059460085,.311775282957282,.0784672229556202,.52471805
10/2003,PARAUCO,18.73775170129793,.1393129771,-.00016020218,.226698016157282,.0799508054672881,.52471805
11/2003,PARAUCO,18.6187115944515,-.11222780569,.000013495652,.160734134364282,.0907501879033687,.52471805
12/2003,PARAUCO,18.7088626914458,.094339622641,-.00068991305,.2550303026290001,.0880418916497626,.52471805
01/2004,PARAUCO,18.63740372746365,-.068965517242,,.16437005206,.0936188117219871,.52471805
02/2004,PARAUCO,18.63369314806712,-.0037037037036,,.0925387121574,.093093813132676,.52471805
03/2004,PARAUCO,18.5802453136237,-.052044609665,.00007151522,-.0032890365596,.0953328006569747,.52471805
04/2004,PARAUCO,18.64294390783927,.064705882352,-.001826087,-.0778961313076,.0737888808362438,.52471805
05/2004,PARAUCO,18.56044268632752,-.061848626415,-.0026222044,-.0275169520326,.0750417795709928,.52471805
06/2004,PARAUCO,18.52003727169248,-.0396,.001462826,-.1614565746736,.0764325875666423,.52471805
07/2004,PARAUCO,18.61493087161159,.099541857559,.0027293044,.0070508001274,.0808928449370982,-.015073326
08/2004,PARAUCO,18.59966339948081,-.015151515151,.00040652175,-.00439701132,.0794124534205672,-.015073326
09/2004,PARAUCO,18.72256153580396,.13076923076,.00025039131,.178416829105,.0866785834395988,-.015073326
10/2004,PARAUCO,18.69147094873393,-.030612244897,-.00058472389,.083098701856,.0778854085192677,-.015073326
11/2004,PARAUCO,18.7560094698715,.066666666666,-.0075204954,.211613994937,.0711942381465146,-.015073326
12/2004,PARAUCO,18.79155440729091,.036184210525,.0035875936,.287398205462,.0671948883737731,-.015073326
01/2005,PARAUCO,18.7259571248051,-.063492063492,.0021739129,.124364284411,.0666226121709814,-.015073326
02/2005,PARAUCO,18.81353331400969,.09152542373,0,.231041223292,.0702890201437709,-.015073326
03/2005,PARAUCO,18.79472398205219,-.018633540372,0,.08163845216,.0678430551397507,-.015073326
04/2005,PARAUCO,18.86792738607549,.075949367088,-.00029032608,.188200064145,.0685652182306019,-.015073326
05/2005,PARAUCO,18.8620276639483,.020825285339,0,.142358682818,.0632554112435696,-.015073326
06/2005,PARAUCO,18.97915302118571,.12426035502,0,.230434827313,.064654087002617,-.015073326
07/2005,PARAUCO,19.06726028869598,.092105263157,0,.386032153962,.064097701833178,-.092255406
08/2005,PARAUCO,19.00512850758897,-.060240963855,.0018485826,.234265766377,.0689263343945777,-.092255406
09/2005,PARAUCO,19.03044631557326,.025641025641,.0024679478,.27854033239,.062557555754977,-.092255406
10/2005,PARAUCO,18.93887912204777,-.087500000001,0,.115090965301,.0693556983019139,-.092255406
11/2005,PARAUCO,18.86792738607549,-.068493150685,-.00045652175,.025772529277,.0729065327379908,-.092255406
12/2005,PARAUCO,18.8620276639483,-.0058823529407,-.00009378478,-.1043701786837,.0727546375049915,-.092255406
01/2006,PARAUCO,18.92508579991543,.065088757396,.000036369565,-.1313866844447,.0702926216979539,-.092255406
02/2006,PARAUCO,18.8682508631629,-.05525,0,-.1263957205897,.0697145278489528,-.092255406
03/2006,PARAUCO,18.93887912204777,.073182205757,.00037387392,-.0788545404737,.0714247792573891,-.092255406
04/2006,PARAUCO,18.90542149638542,-.032904109587,.0013776565,-.0242586500597,.0701078322549532,-.092255406
05/2006,PARAUCO,18.91109955794069,.035282156176,.0044190348,.0795166568013,.0704795601224584,-.092255406
06/2006,PARAUCO,18.8380744229258,-.070422535211,.0063277935,.014976474531,.0635449958774357,-.092255406
07/2006,PARAUCO,18.82280695079502,-.015151515152,.0028980544,-.065263798017,.0552738134031217,-.14150448
08/2006,PARAUCO,18.885420543523,.064615384616,.0027111608,.054601586599,.0579548395346264,-.14150448
09/2006,PARAUCO,18.92536353912011,.040751445087,.00033537392,.022170825929,.0588614670037413,-.14150448
10/2006,PARAUCO,18.95248477410355,.027492363231,.0074027111,.082567298747,.0532535991618309,-.14150448
11/2006,PARAUCO,18.99191336585648,.063663382671,.001527424,.110948525242,.0502876827572336,-.14150448
12/2006,PARAUCO,18.99256270809563,.000649553107,.060798634,.18202061356,.0500656620265023,-.14150448
01/2007,PARAUCO,19.21068236587619,.24373588139,-.0019122652,.440908010102,.0821405940391916,-.14150448
02/2007,PARAUCO,19.21276787236721,.0020876826729,.0013180522,.3783803081588999,.0782222451927268,-.14150448
03/2007,PARAUCO,19.51677622668646,.03125,.0028631869,.3688788630719,.077345916324874,-.14150448
04/2007,PARAUCO,19.61849375106114,.10707070707,-.0014634286,.4484572069109,.0771257280402406,-.14150448
05/2007,PARAUCO,19.79990248258818,.22078293995,-6.8812972e-07,.6055767641898999,.0922680438850582,-.14150448
06/2007,PARAUCO,19.93676905339478,.14155251141,-.00052234338,.7464797224929,.085102287400704,-.14150448
07/2007,PARAUCO,19.86777618190782,-.066666666666,-.000011198023,.4360771744368999,.091269874668102,.11725759
08/2007,PARAUCO,19.77376373111741,-.089728571428,-.0012122404,.344260920336,.1027275956143178,.11725759
09/2007,PARAUCO,19.75460748380219,-.018973932424,-.0016888399,.2940369879119999,.1051742944652443,.11725759
10/2007,PARAUCO,19.77032084575711,.015837466006,-.0089628929,.202803746848,.1055071443675635,.11725759
11/2007,PARAUCO,19.71365883485835,-.055086614175,-.019826472,-.073065807277,.1100186970177354,.11725759
12/2007,PARAUCO,19.6881709326081,-.025165827805,.0054973043,-.239784146492,.1111975202630936,.11725759
01/2008,PARAUCO,19.53130394528661,-.14518224714,-.00093158998,-.318299726966,.1035389921928592,.11725759
02/2008,PARAUCO,19.54410170351647,.01288,-.0053822463,-.215691155538,.1035126400514122,.11725759
03/2008,PARAUCO,19.60826498642274,.06626648764,-.00059447507,-.130450735474,.1046316894931699,.11725759
04/2008,PARAUCO,19.68314911231766,.095581213938,-.00055811938,-.050706987542,.1037477623868882,.11725759
05/2008,PARAUCO,19.51328253068879,-.1562226155,-.011415666,-.151842988867,.0913397424327776,.11725759
06/2008,PARAUCO,19.45873325245178,-.053088154439,-.0032588604,-.179765315501,.0763368872906638,.11725759
07/2008,PARAUCO,19.39433809021345,-.062365591398,-.0014030876,-.096948659759,.0761844396054599,-.53577989
08/2008,PARAUCO,19.44792233634756,.055045871561,-.0009303384,-.054782788198,.0781004662034618,-.53577989
09/2008,PARAUCO,19.32304900646615,-.11739130434,0,-.238440580178,.0827227013724522,-.53577989
10/2008,PARAUCO,19.17462900134788,-.13793103448,-.0004768942,-.471952828596,.086667216252387,-.53577989
11/2008,PARAUCO,19.10052102919416,-.071428571429,0,-.387158784525,.0869926713203289,-.53577989
12/2008,PARAUCO,18.98640434118687,-.10784615384,.0031429362,-.441916783926,.0885464973322257,-.53577989
12/2002,PASUR,19.65542520694505,-.017857142858,,,,
01/2003,PASUR,19.65542520694505,.0099155343378,,.0099155343378,,
02/2003,PASUR,19.64812590446344,-.0072727272727,,.0026428070651,.012153936341593,
03/2003,PASUR,19.67344371244773,.025641025641,,.0282838327061,.0164622929993673,
04/2003,PASUR,19.74243658393468,.071428571429,,.0997124041351,.0337889158891737,
05/2003,PASUR,19.88797888922534,.16835016835,,.2680625724851,.0704999716764212,
06/2003,PASUR,19.86759972688869,-.020172910663,,.2478896618221,.069882603696784,
07/2003,PASUR,19.81165165295616,-.054411764706,,.1835623627783,.0733398573864619,.34518784
08/2003,PASUR,19.9655801352489,.16640746501,,.357242555061,.0837699564444917,.34518784
09/2003,PASUR,20.03510619789751,.072000000002,,.403601529422,.0788753187226915,.34518784
10/2003,PASUR,20.11400014036717,.082089552237,,.41426251023,.0751422331169078,.34518784
11/2003,PASUR,20.08838756451044,-.025287356321,,.220624985559,.0749420881467636,.34518784
12/2003,PASUR,20.0907432782029,.0023584905648,,.2431563867868,.0724790747771514,.34518784
01/2004,PASUR,20.03036862514167,-.051649082237,,.2459190692558,.0769163353478787,.34518784
02/2004,PASUR,20.05481126897684,.024743814047,,.1042554182928,.0758344726138309,.34518784
03/2004,PASUR,20.0907432782029,.036585365853,,.0688407841438,.075732055409282,.34518784
04/2004,PASUR,20.06693262950918,-.023529411764,,-.0367781798572,.0770277333649535,.34518784
05/2004,PASUR,20.03759067122517,-.017552413457,,-.0290432369932,.064700850954486,.34518784
06/2004,PASUR,20.0789088205559,.042183622829,,.010781895271,.0640352336071639,.34518784
07/2004,PASUR,20.08602628832476,.0071428571428,,.0695738346508,.059753338489737,
08/2004,PASUR,20.11400014036717,.028368794327,,.0731988149308,.0405181225167173,
09/2004,PASUR,20.11629635262752,.0022988505752,,.038912299653,.036352806536473,
10/2004,PASUR,20.09543812250711,-.020642201835,,.041799509582,.0289036916908327,
11/2004,PASUR,20.12542883619079,.030444964872,,.089796887911,.0288753120843608,
12/2004,PASUR,20.11537850033729,.00022727272699,,.04784053780899,.0289000010581604,
01/2005,PASUR,20.13222387932362,.016988062443,0,.05768574310919,.0228534389093193,
02/2005,PASUR,20.13222387932362,0,0,.02931694878219,.0225763617926297,
03/2005,PASUR,20.25326220770068,.12866817155,0,.15568626975699,.0410583795248078,
04/2005,PASUR,20.27306483499686,.03311258278,0,.20944105437199,.0392915338189993,
05/2005,PASUR,20.25346218770334,-.019411764706,0,.15958432479399,.0394604170250005,
06/2005,PASUR,20.31153111582465,.059788042392,0,.219145094459,.0406380849049198,
07/2005,PASUR,20.29248292085396,-.018867924528,0,.183289107488,.0421814360231571,
08/2005,PASUR,20.29250215143828,.000019230768885,0,.183308338256885,.042467992975079,
09/2005,PASUR,20.29269443694439,.00019230399448,0,.054832470701365,.0425418168798873,
10/2005,PASUR,20.31153111582465,.019015208321,0,.040735096242365,.0408109259892321,
11/2005,PASUR,20.25346218770334,-.05641509434,0,.003731766608365,.0462892213874216,
12/2005,PASUR,20.25326220770068,.01132686084,0,-.044729414943635,.0461080430875187,
01/2006,PASUR,20.27306483499686,.02,0,-.005861490415635,.0461308050387949,
02/2006,PASUR,20.27306483499686,0,0,-.00588072118452,.0461308050387949,
03/2006,PASUR,20.26321253855384,-.0098039215691,0,-.0158769467481,.0293042043028247,
04/2006,PASUR,20.26321253855384,0,0,-.0348921550691,.0277542350960247,
05/2006,PASUR,20.25326220770068,.010101010103,0,.0316239493739,.0271312686574621,
06/2006,PASUR,20.23305950038316,-.02,0,.0002970885339,.0210242342866356,
07/2006,PASUR,20.23305950038316,0,0,-.0197029114661,.0204856088591317,
08/2006,PASUR,20.27306483499686,.040816326531,0,.0211134150649,.0239646696808066,
09/2006,PASUR,20.29344399733351,.020588235295,0,.051505571929,.0245962871852562,
10/2006,PASUR,20.36659089300768,.075888568685,0,.127394140614,.0322560484618051,
11/2006,PASUR,20.37547984042493,.0089285714275,0,.1262217019385,.0251880499179812,
12/2006,PASUR,20.37565681591428,.00017699115051,0,.14639869308901,.0254656924932701,
01/2007,PASUR,20.38429047010708,.016949152543,0,.16334784563201,.0253961443815036,
02/2007,PASUR,20.41026595651034,.026315789475,0,.14884730857601,.0254047145120911,
03/2007,PASUR,20.40168221281895,-.0085470085478,0,.11971206473321,.0252992871450565,
04/2007,PASUR,20.45211306644584,.051724137931,0,.09554763397921,.026996660897373,
05/2007,PASUR,20.41026595651034,-.027107932813,0,.05951112973871,.0300257800645112,
06/2007,PASUR,20.43558376449463,.025641025641,0,.0849751642292,.0279415834217695,
07/2007,PASUR,20.46514256673618,.029999999999,0,.0980260116852,.0273963893418379,
08/2007,PASUR,20.460276377085,-.0048543689327,0,.0668558532775,.0276824186019472,
09/2007,PASUR,20.47675769707742,.01661788618,0,.0920207480053,.0276720740562772,
10/2007,PASUR,20.56074690744864,.087617158759,0,.1279137688333,.0300235073767424,
11/2007,PASUR,20.56074690744864,0,0,.1550217016463,.0303939140537146,
12/2007,PASUR,20.56807294754071,.0073529411766,0,.1367336171819,.0300829971259854,
01/2008,PASUR,20.48437392866406,-.070940386067,0,.0357932311159,.0396622688969071,
02/2008,PASUR,20.49070306371571,.0063492063491,0,.0469968063977,.0393861301873947,
03/2008,PASUR,20.4859599718197,-.0047318611978,0,.0256470590199,.039242453657747,
04/2008,PASUR,20.50324241296844,.017432646591,0,-.0445374531481,.0371026722247868,
05/2008,PASUR,20.5001222856322,.011218201927,0,-.0333192512211,.0355204287950744,
06/2008,PASUR,20.48437392866406,-.015624999999,0,-.0562971923967,.035879229548117,
07/2008,PASUR,20.5001222856322,.015873015873,0,.0305162095433,.0352719554469525,
08/2008,PASUR,20.4796006499114,-.0203125,0,.0038545031942,.0359610595744166,
09/2008,PASUR,20.5001222856322,.020733652313,0,.029320016705,.036109193510957,
10/2008,PASUR,20.46837358731762,-.03125,0,-.019362629886,.0262053458124097,
11/2008,PASUR,20.46837358731762,0,0,-.030580831813,.0262053458124097,
12/2008,PASUR,20.39476176997438,-.070967741935,0,-.085923573749,.0318961133037733,
12/2002,PAZ,,,,,,
01/2003,PAZ,,,,0,,
02/2003,PAZ,,,,0,,
03/2003,PAZ,,,,0,,
04/2003,PAZ,,,,0,,
05/2003,PAZ,,,,0,,
06/2003,PAZ,,,,0,,
07/2003,PAZ,,,,0,,
08/2003,PAZ,,,,0,,
09/2003,PAZ,,,,0,,
10/2003,PAZ,,,,0,,
11/2003,PAZ,,,,0,,
12/2003,PAZ,,,,0,,
01/2004,PAZ,,,,0,,
02/2004,PAZ,,,,0,,
03/2004,PAZ,,,,0,,
04/2004,PAZ,,,,0,,
05/2004,PAZ,,,,0,,
06/2004,PAZ,,,,0,,
07/2004,PAZ,,,,0,,
08/2004,PAZ,,,,0,,
09/2004,PAZ,,,,0,,
10/2004,PAZ,,,,0,,
11/2004,PAZ,,,,0,,
12/2004,PAZ,,,,0,,
01/2005,PAZ,,,,0,,
02/2005,PAZ,,,,0,,
03/2005,PAZ,,,,0,,
04/2005,PAZ,,,,0,,
05/2005,PAZ,,,,0,,
06/2005,PAZ,,,,0,,
07/2005,PAZ,,,,0,,
08/2005,PAZ,,,,0,,
09/2005,PAZ,,,,0,,
10/2005,PAZ,,,,0,,
11/2005,PAZ,,,,0,,
12/2005,PAZ,,,,0,,
01/2006,PAZ,,,,0,,
02/2006,PAZ,,,,0,,
03/2006,PAZ,,,,0,,
04/2006,PAZ,,,,0,,
05/2006,PAZ,,,,0,,
06/2006,PAZ,,,,0,,
07/2006,PAZ,,,,0,,
08/2006,PAZ,,,,0,,
09/2006,PAZ,,,,0,,
10/2006,PAZ,17.68119777078742,,,0,,
11/2006,PAZ,17.68624828657349,.0050632911389,,.0050632911389,,
12/2006,PAZ,17.71846916558465,.03274559194,,.0378088830789,.0195743426153036,
01/2007,PAZ,18.23416097900182,.25609756098,,.2939064440589,.1376412102087295,
02/2007,PAZ,18.30896219208451,.077669902912,,.3715763469709,.1128409498067419,
03/2007,PAZ,18.48223391335855,.18918918919,,.5607655361609,.106791194936811,
04/2007,PAZ,18.56227662103209,.083333333334,,.6440988694948999,.0962388557050422,
05/2007,PAZ,18.51208687650823,-.031929727029,,.607105851327,.1024183584750642,
06/2007,PAZ,18.41972968527941,-.088220588235,,.4861396711520001,.1133519158193647,
07/2007,PAZ,18.59596836048894,.19272269802,,.422764808192,.1141978904539064,-.58566689
08/2007,PAZ,18.43571389772366,-.14807302231,,.19702188297,.1295261115817781,-.58566689
09/2007,PAZ,18.54107441338149,.11111111111,,.11894380489,.1239632044816812,-.58566689
10/2007,PAZ,18.74984499906425,.054428481475,,.090038953031,.1182133896220063,-.58566689
11/2007,PAZ,18.64904029991176,-.095890410959,.0027057522,.026078269101,.1259115172784479,-.58566689
12/2007,PAZ,18.51982856875009,-.12121212121,0,-.006913263874,.1356073649217285,-.58566689
01/2008,PAZ,18.26604804797399,-.22413793104,.003989019,-.423773892934,.1368718247852647,-.58566689
02/2008,PAZ,18.30953315991372,.044444444444,0,-.23125642618,.1354849784705127,-.58566689
03/2008,PAZ,18.17295762490797,-.12765957446,0,-.47002711175,.1251357204702645,-.58566689
04/2008,PAZ,18.27709788416057,.10975609756,0,-.414699495665,.127506972639458,-.58566689
05/2008,PAZ,18.16068753231616,-.095215645244,0,-.4140247299499999,.1290266550008307,-.58566689
06/2008,PAZ,17.86058293986582,-.25925925926,0,-.5520718680000001,.144304702647182,-.58566689
07/2008,PAZ,17.84377582154944,-.016666666666,0,-.3446006036260001,.123963634551606,-.75918943
08/2008,PAZ,17.71744363394702,-.1186779661,0,-.5077230141700001,.1224329298570841,-.75918943
09/2008,PAZ,17.39854748026926,-.27304896342,0,-.6531124031300001,.1233934787117718,-.75918943
10/2008,PAZ,17.06207524364805,-.28571428571,0,-1.0485827864,.1253514795494431,-.75918943
11/2008,PAZ,17.06207524364805,0,0,-.9533671411560001,.1301284327408801,-.75918943
12/2008,PAZ,16.94429220799167,-.11111111111,0,-.8052189930060001,.1301098500046216,-.75918943
12/2002,POLPAICO,,,0,,,
01/2003,POLPAICO,18.14604865098057,-.055333333334,0,-.055333333334,,
02/2003,POLPAICO,18.14698916362925,.00094095506938,0,-.05439237826462,.0397919309364775,
03/2003,POLPAICO,18.1481635618852,.0011750881294,0,-.05321729013522,.0325577744168778,
04/2003,POLPAICO,18.22495070509897,.079812206573,0,.02659491643778,.0555494072256824,
05/2003,POLPAICO,18.36092476415719,.20652173913,0,.23311665556778,.1015093419803266,
06/2003,POLPAICO,18.45675231915629,.10056925996,0,.33368591552778,.0934256089835154,
07/2003,POLPAICO,18.45675231915629,0,0,.38901924886178,.0878377521511843,
08/2003,POLPAICO,18.52344369365496,.068965517243,0,.4570438110354,.0816697685247365,
09/2003,POLPAICO,18.7427087656406,.29032258065,0,.7461913035559999,.110615257971423,
10/2003,POLPAICO,18.80424732506825,.06347150259,0,.7298505995729999,.1043767376607239,
11/2003,POLPAICO,18.81514991640647,.010962241171,0,.534291101614,.1009227357901529,
12/2003,POLPAICO,18.79199226973124,-.0060240963867,0,.4276977452673,.0986818653521443,
01/2004,POLPAICO,18.86794810197344,.078914919852,,.5066126651192999,.091327274779882,
02/2004,POLPAICO,18.86794810197344,0,,.4376471478763,.0913966785541654,
03/2004,POLPAICO,18.86794810197344,0,0,.1473245672263,.0914830381252223,
04/2004,POLPAICO,18.86794810197344,0,0,.0838530646363,.0939271318672067,
05/2004,POLPAICO,18.83896056510019,.019184652278,0,.0920754757433,.0837983164571916,
06/2004,POLPAICO,,,0,.09809957213,.0864240518768412,
07/2004,POLPAICO,18.86221742726445,.023529411765,0,.042714064043,.0854078860909292,-.44706842
08/2004,POLPAICO,18.86221742726445,,0,.042714064043,.0897817429038641,-.44706842
09/2004,POLPAICO,18.89611897894014,.098230628431,0,.140944692474,.0375258141361315,-.44706842
10/2004,POLPAICO,18.89611897894014,0,0,.140944692474,.0363647606387416,-.44706842
11/2004,POLPAICO,18.92901632288831,.033444444443,0,.155204484639,.0362684248332125,-.44706842
12/2004,POLPAICO,18.93116432070695,.035551605379,0,.190756090018,.0347006134941934,-.44706842
01/2005,POLPAICO,,,0,.167226678253,.0317335645284787,-.44706842
02/2005,POLPAICO,,,0,.167226678253,.03261024940246,-.44706842
03/2005,POLPAICO,18.96076166134271,.030039695312,0,.099035745134,.0308381604098161,-.44706842
04/2005,POLPAICO,18.96076166134271,0,0,.099035745134,.0308381604098161,-.44706842
05/2005,POLPAICO,19.00147949459796,.075153209331,0,.140744510022,.0342000403637209,-.44706842
06/2005,POLPAICO,18.97923388565064,.0060000000012,0,.1111929046442,.0336180201200497,-.44706842
07/2005,POLPAICO,19.04070020775125,.063394683026,0,.1745875876702,.034740268117602,-.64288032
08/2005,POLPAICO,19.04070020775125,0,0,.1745875876702,.0348859708118718,-.64288032
09/2005,POLPAICO,19.09678961845716,.075181627049,0,.2197295194072,.0306935917492491,-.64288032
10/2005,POLPAICO,19.09678961845716,,0,.2197295194072,.0303105897208462,-.64288032
11/2005,POLPAICO,19.09678961845716,0,0,.1445763100762,.0325502259046259,-.64288032
12/2005,POLPAICO,19.08121440667168,0,0,.138576310075,.0341429386750848,-.64288032
01/2006,POLPAICO,19.14211056839257,.062788550324,0,.137970177373,.0340436279758337,-.64288032
02/2006,POLPAICO,19.14211056839257,0,0,.137970177373,.033643468583856,-.64288032
03/2006,POLPAICO,19.11480812395983,-.026933101651,0,.035855448673,.0375292496316021,-.64288032
04/2006,POLPAICO,19.12431634863663,.0095535714281,0,.0454090201011,.0370451950440311,-.64288032
05/2006,POLPAICO,19.18795900559545,.099753582186,0,.1451626022871,.0409698797662546,-.64288032
06/2006,POLPAICO,19.18795900559545,0,0,.1451626022871,.0413063149734706,-.64288032
07/2006,POLPAICO,19.16953302364908,0,0,.0823740519631,.0399353715425655,-.7964198
08/2006,POLPAICO,19.18795900559545,.018596787826,0,.1009708397891,.0393925171064322,-.7964198
09/2006,POLPAICO,,,0,.1279039414401,.0370794471892258,-.7964198
10/2006,POLPAICO,,,0,.118350370012,.0370794471892258,-.7964198
11/2006,POLPAICO,19.19209979826148,.021097046414,0,.03969383424,.0366417757554185,-.7964198
12/2006,POLPAICO,19.19375132629995,.023475764228,0,.063169598468,.0360734570103305,-.7964198
01/2007,POLPAICO,19.21255040873277,.018976897691,0,.082146496159,.0329357941253001,-.7964198
02/2007,POLPAICO,19.21255040873277,0,0,.063549708333,.0329357941253001,-.7964198
03/2007,POLPAICO,,,0,.063549708333,.0309666871399341,-.7964198
04/2007,POLPAICO,19.21255040873277,0,0,.063549708333,.0315763616449301,-.7964198
05/2007,POLPAICO,19.19457606861474,0,0,.042452661919,.0109108721904951,-.7964198
06/2007,POLPAICO,19.20360362274296,.018136850784,0,.037113748475,.0106869591255516,-.7964198
07/2007,POLPAICO,19.21255040873277,.0089869281037,0,.0271237788877,.0099070958165133,-.91235244
08/2007,POLPAICO,,,0,.0271237788877,.0102700646260635,-.91235244
09/2007,POLPAICO,19.1970462221968,.012145748988,0,.0392695278757,.0096105738966217,-.91235244
10/2007,POLPAICO,19.20442028264952,.00740131579,0,.0466708436657,.0091498114016565,-.91235244
11/2007,POLPAICO,,,0,.0466708436657,.0089490754208252,-.91235244
12/2007,POLPAICO,19.20442028264952,0,0,.0285339928817,.0078524219649989,-.91235244
01/2008,POLPAICO,,,0,.019547064778,.0069666344707822,-.91235244
02/2008,POLPAICO,19.05026960282226,-.11690496215,0,-.097357897372,.0441784937617349,-.91235244
03/2008,POLPAICO,,,0,-.10950364636,.0441784937617349,-.91235244
04/2008,POLPAICO,,,0,-.11690496215,.0475641477417649,-.91235244
05/2008,POLPAICO,,,0,-.11690496215,.0518780117887211,-.91235244
06/2008,POLPAICO,,,0,-.11690496215,.055650579745527,-.91235244
07/2008,POLPAICO,18.95018614426528,-.070450097848,0,-.187355059998,.05744645442505,-.94719094
08/2008,POLPAICO,18.77833588733862,-.15789473684,0,-.228344834688,.0722255561407503,-.94719094
09/2008,POLPAICO,18.6448044947141,-.11392405063,.000015384912,-.342268885318,.0671979162991985,-.94719094
10/2008,POLPAICO,,,0,-.342268885318,.0599401769602246,-.94719094
11/2008,POLPAICO,,,0,-.342268885318,.0599401769602246,-.94719094
12/2008,POLPAICO,,,0,-.342268885318,.0357270585885256,-.94719094
12/2002,PUCOBRE,18.56250955757245,.011764705883,0,,,
01/2003,PUCOBRE,18.6079719316492,.046511627907,0,.046511627907,,
02/2003,PUCOBRE,18.66203915291948,.055555555555,0,.102067183462,.0063950225684613,
03/2003,PUCOBRE,18.65676209581864,-.0052631578947,0,.0968040255673,.0328159945194182,
04/2003,PUCOBRE,18.63537090583732,.0031351647976,0,.0999391903649,.0304976552662585,
05/2003,PUCOBRE,18.67251045278677,.037837837837,,.1377770282019,.0270299900345257,
06/2003,PUCOBRE,18.76212261147646,.09375,,.2315270282019,.03625994589193,
07/2003,PUCOBRE,18.83111548296341,.071428571428,,.2564439717229,.0353514703951859,
08/2003,PUCOBRE,18.97569671177452,.15555555555,,.3564439717179,.0514483896676478,
09/2003,PUCOBRE,18.99096418390531,.015384615384,,.3770917449966,.0501139720302295,
10/2003,PUCOBRE,19.02081714705499,.030303030304,,.404259610503,.0477736962497445,
11/2003,PUCOBRE,19.01343703975737,-.0073529411766,,.3590688314893999,.0485543058712461,
12/2003,PUCOBRE,19.01343703975737,.038441612685,,.3037604441744,.0463354151968552,
01/2004,PUCOBRE,19.06750426102764,.055555555555,,.2878874283014,.0464426329328888,
02/2004,PUCOBRE,19.1707572943459,.10877192982,,.2411038025714,.049915495434692,
03/2004,PUCOBRE,19.21410773521952,.044303797467,0,.2700229846544,.0469051960718622,
04/2004,PUCOBRE,19.22604828348646,.030303030304,0,.2700229846544,.0448410194290754,
05/2004,PUCOBRE,19.18333607655277,-.041812890013,0,.235563035818,.0529639669676431,
06/2004,PUCOBRE,19.1707572943459,-.0125,0,.184621423133,.0537784777625382,
07/2004,PUCOBRE,19.30111911220915,.13924050632,0,.268306373898,.0604500979156704,
08/2004,PUCOBRE,19.36565763334672,.066666666668,0,.226201110746,.0504747851240527,
09/2004,PUCOBRE,19.5017898076713,.20200918163,.00004477692,.383906494909,.0681964249615267,
10/2004,PUCOBRE,19.49723399113544,-.0045454545461,.000095897238,.3490580100589,.0700373520581745,
11/2004,PUCOBRE,19.54624157024213,.050228310503,.00011903198,.4410992105749,.0675606204615935,
12/2004,PUCOBRE,19.5017898076713,-.04347826087,0,.4101209497049,.0734233400643265,
01/2005,PUCOBRE,19.45479348814553,-.016407126446,-2.8582601e-06,.2544733169389,.0757899529490354,
02/2005,PUCOBRE,19.41642995872014,-.037636969985,0,.1501696802859,.0761223884013589,
03/2005,PUCOBRE,19.40647962786698,-.0099009900987,0,-.0617404914428,.0768891397084659,
04/2005,PUCOBRE,19.39642929201347,.010089564212,0,-.0471054726847,.0770278364265603,
05/2005,PUCOBRE,19.36565763334672,-.030303030303,.000059351809,-.1276368134907,.0761850862331298,
06/2005,PUCOBRE,19.32851808639726,-.036458333334,0,-.1206168859547,.0775902057815725,
07/2005,PUCOBRE,19.43117224045735,.1081081081,0,.0038983485913,.0738200978118476,
08/2005,PUCOBRE,19.43117224045735,0,0,.0415353185763,.0726132073631345,
09/2005,PUCOBRE,19.35518633347942,-.02533660662,0,.026099702055,.043474551195431,
10/2005,PUCOBRE,19.39390084566012,.03947368421,0,.055483822053,.0451541994090585,
11/2005,PUCOBRE,19.35518633347942,-.037974683544,0,.047812168812,.0435075377843493,
12/2005,PUCOBRE,19.40572934647627,.051842105262,0,.136112607408,.0448534958982448,
01/2006,PUCOBRE,19.41642995872014,.010758068551,0,.038762567859,.0445636278960976,
02/2006,PUCOBRE,19.38576658626943,-.011306643612,.000033582692,.027455924247,.042970812970889,
03/2006,PUCOBRE,19.37602042038227,-.0096988259311,0,.0430937049359,.0429641584896402,
04/2006,PUCOBRE,19.70606556732158,.39103092783,0,.3946509485559,.1193247529239116,
05/2006,PUCOBRE,19.70658422031731,.00051878751947,0,.43314441961937,.1180573299632067,
06/2006,PUCOBRE,19.66884389233447,-.037037037037,0,.34426527732037,.1180915505533594,
07/2006,PUCOBRE,19.6533397057985,-.015384615383,0,.3181225933863699,.1169954953567556,
08/2006,PUCOBRE,19.74259465784035,.093359375,0,.4227886119983699,.1179383317915135,
09/2006,PUCOBRE,19.76715655318501,.024866023579,0,.4573534615084699,.1163861355347123,
10/2006,PUCOBRE,19.78148552849043,.068230664039,0,.13455319771747,.1166318364169713,
11/2006,PUCOBRE,19.69353650492484,-.084192439862,0,.049841970336,.120294169571361,
12/2006,PUCOBRE,19.67268266864163,-.020637898688,0,.066241108685,.1214729955798885,
01/2007,PUCOBRE,19.64352608435018,.01101993219,0,.092645656258,.1214684232228874,
02/2007,PUCOBRE,19.79513761765876,.16370808679,0,.162994368048,.1259287647359449,
03/2007,PUCOBRE,19.86073490014457,.06779661017,0,.205924954639,.1246356599314302,
04/2007,PUCOBRE,19.99426629276909,.17041685777,0,.30811114837,.0782440558612222,
05/2007,PUCOBRE,19.96640965213927,-.027472222221,-.000079240228,.364831366011,.0798280659189802,
06/2007,PUCOBRE,20.03375406427621,.069663819941,0,.45513308464,.0770218017674978,
07/2007,PUCOBRE,20.02166526695721,.036180782483,0,.480293934933,.0748488818437323,
08/2007,PUCOBRE,19.99426629276909,-.027027027027,0,.289558821116,.0762342933925378,
09/2007,PUCOBRE,20.05358286992551,.061111111112,0,.282873322058,.0763968767978229,
10/2007,PUCOBRE,20.08704802622006,.075619008428,0,.188075472716,.076667920820671,
11/2007,PUCOBRE,20.02166526695721,-.06329113924,0,.152256555697,.07373797342291,
12/2007,PUCOBRE,19.9574870412658,-.062162162162,0,.020430573594,.0778596141417809,
01/2008,PUCOBRE,19.84473455879813,-.076870662156,0,-.092620871045,.0846347805321209,
02/2008,PUCOBRE,20.02166526695721,.1935483871,0,.127954543082,.0891637395214084,
03/2008,PUCOBRE,20.0284261444158,.0067837837832,0,.0736272157532,.088849686272064,
04/2008,PUCOBRE,20.06399963078377,.055373138184,0,.0533813455092,.0778073474425971,
05/2008,PUCOBRE,20.00803221726585,-.054430051814,0,.0622424329352,.079673208836052,
06/2008,PUCOBRE,20.00805961490143,.000027398011298,0,.124431993108498,.0780782608270199,
07/2008,PUCOBRE,20.00805961490143,.027768647291,0,.229071302555498,.077879636318315,
08/2008,PUCOBRE,19.9660954158024,-.041095890411,0,-.005572974955502,.078612677271708,
09/2008,PUCOBRE,19.81227801376526,-.14257142857,0,-.154928187308702,.0880437964376337,
10/2008,PUCOBRE,19.4736708774073,-.25278308454,0,-.463084410032702,.1087167441194397,
11/2008,PUCOBRE,19.40647962786698,-.064983637214,0,-.473637995432702,.1087590877249048,
12/2008,PUCOBRE,19.28994581161102,-.11,0,-.583665393444,.1107327026469781,
12/2002,QUEMCHI,17.14628776431153,0,0,,,
01/2003,QUEMCHI,17.14628776431153,0,0,0,,
02/2003,QUEMCHI,17.14628776431153,0,0,0,0,
03/2003,QUEMCHI,17.16236868409337,.016210913658,0,.016210913658,.0093593753642561,
04/2003,QUEMCHI,17.20555116597038,.095521840041,0,.111732753699,.0457025294126965,
05/2003,QUEMCHI,17.3849355021617,.19648050657,0,.308213260269,.0851362471972427,
06/2003,QUEMCHI,17.59257486693995,.23076923077,0,.538982491039,.1027902933525592,
07/2003,QUEMCHI,17.81671791858724,.25125,0,.790232491039,.111924958752844,1.0134792
08/2003,QUEMCHI,17.99803997504811,.1988011988,0,.989033689839,.1079823181083535,1.0134792
09/2003,QUEMCHI,18.07808268272165,.083333333332,0,1.056156109513,.1018973793905652,1.0134792
10/2003,QUEMCHI,18.07808268272165,0,0,.9606342694719999,.1031945645256264,1.0134792
11/2003,QUEMCHI,18.25397334918531,.19230769231,0,.956461455212,.1012033699582387,1.0134792
12/2003,QUEMCHI,18.28572204749989,.040219410168,0,.76591163461,.0988770093602301,1.0134792
01/2004,QUEMCHI,18.2597630083298,0,,.51466163461,.0988770093602301,1.0134792
02/2004,QUEMCHI,18.33030834322692,.039127645927,,.354988081737,.0955544165985065,1.0134792
03/2004,QUEMCHI,18.43566885888475,.1111111111,0,.382765859505,.0907100799234191,1.0134792
04/2004,QUEMCHI,18.43566885888475,0,0,.382765859505,.0970167713731139,1.0134792
05/2004,QUEMCHI,18.48973608015502,.055555555557,0,.246013722752,.0943469112268536,1.0134792
06/2004,QUEMCHI,18.54102937454257,.052631578947,0,.258425891531,.0855394541172119,1.0134792
07/2004,QUEMCHI,18.6363395543469,.10497237569,0,.363398267221,.0684699439680137,-.19476785
08/2004,QUEMCHI,18.72335093133653,.090909090908,0,.415179712202,.0565132660967135,-.19476785
09/2004,QUEMCHI,18.84113396699291,.125,0,.429068601102,.0590213627471668,-.19476785
10/2004,QUEMCHI,18.89062934980934,.055555555557,0,.4846241566589999,.0552934043629121,-.19476785
11/2004,QUEMCHI,18.87750161116379,-.013041945718,0,.416026655384,.0457176527882828,-.19476785
12/2004,QUEMCHI,18.92629177533322,.050000000001,0,.413395076438,.0455136123763381,-.19476785
01/2005,QUEMCHI,18.90393486823194,-.022108843538,0,.28631385721,.048345326326475,-.19476785
02/2005,QUEMCHI,18.8521838031795,-.050434782608,0,.144969983694,.0570107787865696,-.19476785
03/2005,QUEMCHI,18.91259293097506,.06227106227,0,.082241045964,.053636290249083,-.19476785
04/2005,QUEMCHI,18.86116169603966,-.01724137931,0,.009444111097,.0550926010601593,-.19476785
05/2005,QUEMCHI,18.9461610937495,.088716410974,0,.111202467789,.0566881946212979,-.19476785
06/2005,QUEMCHI,,,0,.061202467788,.0593856665740874,-.19476785
07/2005,QUEMCHI,,,0,.083311311326,.058747783487084,-.57649165
08/2005,QUEMCHI,18.91462940581043,-.028598552425,0,.105147541509,.0587097681187849,-.57649165
09/2005,QUEMCHI,,,0,.042876479239,.049891171888987,-.57649165
10/2005,QUEMCHI,,,0,.060117858549,.050654475600519,-.57649165
11/2005,QUEMCHI,18.87194651211214,-.068965517241,0,-.097564069666,.0574815364436531,-.57649165
12/2005,QUEMCHI,18.66715209946612,-.18518518519,0,-.282749254856,.0835039095899251,-.57649165
01/2006,QUEMCHI,18.5531686543261,-.090909090909,0,-.373658345765,.0863412495123761,-.57649165
02/2006,QUEMCHI,,,0,-.34505979334,.0930547614888684,-.57649165
03/2006,QUEMCHI,,,0,-.34505979334,.0906431202493103,-.57649165
04/2006,QUEMCHI,18.38841174858287,-.13397860417,0,-.47903839751,.094555733494872,-.57649165
05/2006,QUEMCHI,18.28415984721002,-.099001693878,0,-.509074574147,.0539419375459485,-.57649165
06/2006,QUEMCHI,18.28349295822231,-.00066666666589,0,-.32455605562289,.0621766935143369,-.57649165
07/2006,QUEMCHI,18.28415984721002,.00066711140789,0,-.232979853306,.0653380096875307,-.23997873
08/2006,QUEMCHI,18.34869836834759,.066666666668,0,-.166313186638,.0817866591490826,-.23997873
09/2006,QUEMCHI,,,0,-.166313186638,.0817866591490826,-.23997873
10/2006,QUEMCHI,,,0,-.032334582468,.0817866591490826,-.23997873
11/2006,QUEMCHI,18.34869836834759,0,0,.06666711141,.0847596652144273,-.23997873
12/2006,QUEMCHI,18.34869836834759,0,0,.06733377807589,.0678138060051655,-.23997873
01/2007,QUEMCHI,18.46648140400397,.125,0,.191666666668,.0824695513239173,-.23997873
02/2007,QUEMCHI,18.46648140400397,,0,.125,.0824695513239173,-.23997873
03/2007,QUEMCHI,,,0,.125,.0824695513239173,-.23997873
04/2007,QUEMCHI,,,0,.125,.0690953112625158,-.23997873
05/2007,QUEMCHI,18.5718419196618,.11111111111,0,.23611111111,.0567445064551446,-.23997873
06/2007,QUEMCHI,18.67620193498604,.10999999999,0,.3461111111,.0578734874448849,-.23997873
07/2007,QUEMCHI,18.64416258124142,-.031531531532,0,.189579579568,.0642200136209371,.043729484
08/2007,QUEMCHI,18.66715209946612,.023255813954,0,.212835393522,.0649372393889161,.043729484
09/2007,QUEMCHI,18.66715209946612,,0,.212835393522,.0649372393889161,.043729484
10/2007,QUEMCHI,18.83420618412929,.18181818182,0,.394653575342,.0764466394832093,.043729484
11/2007,QUEMCHI,18.83420618412929,0,0,.283542464232,.0764466394832093,.043729484
12/2007,QUEMCHI,18.81007110840759,-.023846153846,0,.149696310396,.0797353791036137,.043729484
01/2008,QUEMCHI,,,0,.181227841928,.0816135688169645,.043729484
02/2008,QUEMCHI,18.77885608904612,-.03073286052,0,.127239167454,.0811483738106205,.043729484
03/2008,QUEMCHI,18.6851706049688,-.089430894309,0,.037808273145,.0877278344524513,.043729484
04/2008,QUEMCHI,18.66715209946612,-.017857142858,0,-.161867051533,.0839639831673118,.043729484
05/2008,QUEMCHI,,,0,-.161867051533,.082823488679824,.043729484
06/2008,QUEMCHI,,,0,-.138020897687,.0796472512062262,.043729484
07/2008,QUEMCHI,18.64416258124142,.0071012347544,0,-.1309196629326,.0785244800098752,-.31581977
08/2008,QUEMCHI,,,0,-.1001868024126,.0844922498857669,-.31581977
09/2008,QUEMCHI,,,.00042209757,-.0107559081036,.0844922498857669,-.31581977
10/2008,QUEMCHI,,,0,.0071012347544,.0343169385914886,-.31581977
11/2008,QUEMCHI,,,0,.0071012347544,.0356715786844201,-.31581977
12/2008,QUEMCHI,17.9324267696767,-.52558628331,0,-.5184850485556,.2232446126852665,-.31581977
12/2002,QUINENCO,19.7357753195875,.16949152542,.000012770666,,,
01/2003,QUINENCO,19.75016405702618,.014492753624,.00054772996,.014492753624,,
02/2003,QUINENCO,19.77276388893824,.022857142856,.00010149572,.03734989648,.0059145163464309,
03/2003,QUINENCO,19.71527679802026,-.055865921788,.00056075811,-.018516025308,.0432389236681854,
04/2003,QUINENCO,19.90838806224107,.21301775148,-.00092614884,.194501726172,.1151409602458245,
05/2003,QUINENCO,19.95601611123033,.048780487805,.0008814825,.243282213977,.0997150207001773,
06/2003,QUINENCO,19.89636486781094,-.05790696255,.0012947643,.185375251427,.0992325291544601,
07/2003,QUINENCO,20.00147848530708,.11083681367,0,.281719311473,.0954926625588347,.52627188
08/2003,QUINENCO,20.05554570656761,.055555555555,0,.314417724172,.0885328562918643,.52627188
09/2003,QUINENCO,20.03426830814003,-.021052631578,-.00010066775,.349231014382,.0856042842334653,.52627188
10/2003,QUINENCO,20.20396571169731,.18494623656,-.00031532496,.321159499462,.0933283913105867,.52627188
11/2003,QUINENCO,20.2076069870879,.0036479128848,.00082867168,.2760269245418,.0897101505367349,.52627188
12/2003,QUINENCO,20.19301669721446,-.014484367372,.00004044492,.3194495197198,.0873697026157434,.52627188
01/2004,QUINENCO,20.14605971411819,-.025184409417,,.1834282966328,.0892389411924343,.52627188
02/2004,QUINENCO,20.25525900608318,.11538461538,,.2432573564578,.0917030957696216,.52627188
03/2004,QUINENCO,20.20214918076923,-.051724137931,-.00090656261,.2125858501048,.0912897632415486,.52627188
04/2004,QUINENCO,20.16510790908888,-.036363636364,-.0040517892,-.0087240228192,.0773341645364708,.52627188
05/2004,QUINENCO,20.13348093191764,-.01942539122,-.0032304516,-.031797326924,.0780140423119481,.52627188
06/2004,QUINENCO,20.18380004210104,.051606621228,-.00032487727,.034293661676,.0743462093650898,.52627188
07/2004,QUINENCO,20.2111990162975,.027777777777,4.6307441e-06,.08725584887,.0698112915044413,.074577786
08/2004,QUINENCO,20.32998255228653,.12612612612,-.00029853111,.09799735961,.0755780277249449,.074577786
09/2004,QUINENCO,20.42892250013402,.104,-.00006418211,.253721497541,.0767460753851158,.074577786
10/2004,QUINENCO,20.45749587257808,.028985507246,-.00042597289,.319070641151,.0614362715510246,.074577786
11/2004,QUINENCO,20.4505705392639,-.0069014084511,-.000092614879,.3315946239199,.0618570756873716,.074577786
12/2004,QUINENCO,20.44331123758612,-.007233016594,0,.2727549860979001,.0614706812363445,.074577786
01/2005,QUINENCO,20.40694359342211,-.035714285714,0,.2092629226069,.0623304763360798,.074577786
02/2005,QUINENCO,20.4645134452432,.059259259258,-.00024077276,.1423960557449,.0567652425656221,.074577786
03/2005,QUINENCO,20.45749587257808,-.0069930069931,.000064830419,.0314030487518,.0529663858855813,.074577786
04/2005,QUINENCO,20.39950861492773,-.056338028169,0,-.0539204866632,.0552904956044878,.074577786
05/2005,QUINENCO,20.38462224124039,.0043912850779,0,-.0426277931342,.0540787277684162,.074577786
06/2005,QUINENCO,20.40248924306862,.018027571581,-.000013130012,-.0173672049592,.0533892986340909,.074577786
07/2005,QUINENCO,20.50561512092849,.10863095238,.000050455663,.1269780331348,.0590819254329698,-.17410471
08/2005,QUINENCO,20.45042870536155,-.053691275169,.00021152498,.0140274987078,.0545684202504929,-.17410471
09/2005,QUINENCO,20.47148211455282,.021276595746,-.0005723887,.0422971014469,.0466884408401012,-.17410471
10/2005,QUINENCO,20.42892250013402,-.041666666667,.00045200414,.0569684629489,.0479827010191548,-.17410471
11/2005,QUINENCO,20.3692032654324,-.057971014492,2.3709410e-06,-.005393836621,.0508539314235808,-.17410471
12/2005,QUINENCO,20.25525900608318,-.10769230769,.000017568116,-.131113715892,.0590436049310188,-.17410471
01/2006,QUINENCO,20.33795072192829,.086206896551,.00010256079,-.153537771721,.0648650131706401,-.17410471
02/2006,QUINENCO,20.37074054475271,.033333333333,.00032329818,-.066513163219,.063037394001664,-.17410471
03/2006,QUINENCO,20.38447073756319,.013824884792,.000073697367,-.073964874173,.0632448777585143,-.17410471
04/2006,QUINENCO,20.35369907889643,-.030303030302,.000083107967,-.062601237808,.0616620459785223,-.17410471
05/2006,QUINENCO,20.27235343944248,-.056713310994,0,-.06134353431,.0637130577018539,-.17410471
06/2006,QUINENCO,20.30568985971007,.033898305086,.000078788406,.080247078466,.0644081666046946,-.17410471
07/2006,QUINENCO,20.27404691995038,-.031147540984,3.6573617e-06,-.037107359069,.0539265809107392,.11738795
08/2006,QUINENCO,20.32195038058185,.049069373941,7.2656376e-06,-.021371318461,.0555133438723469,.11738795
09/2006,QUINENCO,20.41430899472346,.096758064516,.00029560819,.061561861263,.0628412827288191,.11738795
10/2006,QUINENCO,20.4297916875021,.015603170634,0,.107468062199,.0616380266980992,.11738795
11/2006,QUINENCO,20.47978091736241,.051259774109,.000064484964,.215441147302,.0597323946991843,.11738795
12/2006,QUINENCO,20.64915166381654,.18455922865,.000047077072,.366102070866,.0654276610168392,.11738795
01/2007,QUINENCO,20.6172645447129,-.031384085862,.00026182135,.365865525988,.0662209580617011,.11738795
02/2007,QUINENCO,20.57057301720288,-.045618247299,.000053623091,.271177904748,.069422181204578,.11738795
03/2007,QUINENCO,20.60761428888301,.037735849055,.00022671753,.212155689287,.0695462793129628,.11738795
04/2007,QUINENCO,20.66170064872354,.055575757577,.00054181,.25212827623,.067985007295133,.11738795
05/2007,QUINENCO,20.65496040947995,.011291458051,0,.212159960172,.0627343405973351,.11738795
06/2007,QUINENCO,20.89529636132918,.27167630058,0,.299277032102,.0925857191545475,.11738795
07/2007,QUINENCO,21.02168382268977,.073378929421,0,.404040047385,.0885260433388794,-.18734506
08/2007,QUINENCO,20.97374436040065,-.046808510639,.00065710029,.402849784045,.0941591830464963,-.18734506
09/2007,QUINENCO,20.93526269162322,-.035714285715,-.00014343244,.329399649275,.0966992141259262,-.18734506
10/2007,QUINENCO,20.96284182975707,.027962962962,-.000011663689,.30178685466,.0964215511918867,-.18734506
11/2007,QUINENCO,20.96266166585068,-.00018014772104,-.00037990429,.29031524888796,.0973135164226684,-.18734506
12/2007,QUINENCO,20.87820231221269,-.080990990991,.000087368462,-.06235204268304,.0919628782641384,-.18734506
01/2008,QUINENCO,20.67799007232912,-.18144299579,.0001914575,-.31717396789404,.1082986017472409,-.18734506
02/2008,QUINENCO,20.82267447286657,.15567478234,0,-.11469067491504,.114763488893761,-.18734506
03/2008,QUINENCO,20.85830165048709,.036269430051,.00064706133,-.04270695914904,.1147483282771149,-.18734506
04/2008,QUINENCO,20.88786045277104,.030000000001,.00044797655,-.04066992211004,.1143431264692533,-.18734506
05/2008,QUINENCO,20.81854159188548,-.023379741444,.00040556354,-.063869515833,.1150674387639291,-.18734506
06/2008,QUINENCO,20.85930115084199,.041601631601,0,.058723106759,.0841213383871676,-.18734506
07/2008,QUINENCO,20.85830165048709,-.00099900099849,.000045501496,.23916710155051,.0808764119885106,-.15915847
08/2008,QUINENCO,20.83809894316957,-.020000000001,.0032735695,.06349231920951,.0800275790379541,-.15915847
09/2008,QUINENCO,20.78034010894654,-.056122448979,2.6210537e-07,-.02889955982049,.0809679592751683,-.15915847
10/2008,QUINENCO,20.70164784044682,-.075675675676,-8.7368462e-06,-.13457523549749,.0825320035282625,-.15915847
11/2008,QUINENCO,20.70980164216864,.0081871345028,0,-.10300835955069,.0827001141691375,-.15915847
12/2008,QUINENCO,20.7304682789772,.020881670533,0,-.12372832061869,.0803839914433363,-.15915847
12/2002,RIPLEY,,,,,,
01/2003,RIPLEY,,,,0,,
02/2003,RIPLEY,,,,0,,
03/2003,RIPLEY,,,,0,,
04/2003,RIPLEY,,,,0,,
05/2003,RIPLEY,,,,0,,
06/2003,RIPLEY,,,,0,,
07/2003,RIPLEY,,,,0,,
08/2003,RIPLEY,,,,0,,
09/2003,RIPLEY,,,,0,,
10/2003,RIPLEY,,,,0,,
11/2003,RIPLEY,,,,0,,
12/2003,RIPLEY,,,,0,,
01/2004,RIPLEY,,,,0,,
02/2004,RIPLEY,,,,0,,
03/2004,RIPLEY,,,,0,,
04/2004,RIPLEY,,,,0,,
05/2004,RIPLEY,,,,0,,
06/2004,RIPLEY,,,,0,,
07/2004,RIPLEY,,,,0,,
08/2004,RIPLEY,,,,0,,
09/2004,RIPLEY,,,,0,,
10/2004,RIPLEY,,,,0,,
11/2004,RIPLEY,,,,0,,
12/2004,RIPLEY,,,,0,,
01/2005,RIPLEY,,,,0,,
02/2005,RIPLEY,,,,0,,
03/2005,RIPLEY,,,,0,,
04/2005,RIPLEY,,,,0,,
05/2005,RIPLEY,,,,0,,
06/2005,RIPLEY,,,,0,,
07/2005,RIPLEY,20.65037251142609,,,0,,
08/2005,RIPLEY,20.59984317847018,-.049273959342,.00325111,-.049273959342,,
09/2005,RIPLEY,20.63377867044488,.034517869872,.00031173776,-.01475608947,.0592497706452445,
10/2005,RIPLEY,20.59156134594898,-.041338582678,-.00039205223,-.056094672148,.046256967473917,
11/2005,RIPLEY,20.58802326680667,-.003531827515,.0010798955,-.059626499663,.0385224123839768,
12/2005,RIPLEY,20.51254480563076,-.072700296735,.0013598806,-.132326796398,.0422019418081812,
01/2006,RIPLEY,20.54580763484816,.033822222222,.0011448673,-.098504574176,.0450618300537188,
02/2006,RIPLEY,20.59770261397107,.053265121878,.003578099,.004034507044,.048844711630299,
03/2006,RIPLEY,20.62137928010009,.023959183674,.0019886289,-.006524179154,.0464829368946503,
04/2006,RIPLEY,20.62726141621261,.0058994698447,.0054191556,.0407138733687,.0435743165304537,
05/2006,RIPLEY,20.58635273277548,-.031929041927,.0012678455,.0123166589567,.0421791095549182,
06/2006,RIPLEY,20.55283332454487,-.032963857412,.00021781611,.0520530982797,.0409100568179014,
07/2006,RIPLEY,20.5455066566668,-.0072998932765,.0013042539,.0109309827812,.0390062087053548,-.62371308
08/2006,RIPLEY,20.61590331861791,.072933688827,.0023027244,.0305995497302,.0428176493541114,-.62371308
09/2006,RIPLEY,20.63334550577646,.01759519038,.0012739606,.0242355564362,.0419510409369389,-.62371308
10/2006,RIPLEY,20.69254886428435,.060990980346,.001586025,.0793270669375,.042847649332288,-.62371308
11/2006,RIPLEY,20.79845864901989,.11172157772,-.0025202495,.2229776865845,.0515677564585117,-.62371308
12/2006,RIPLEY,20.85892022442176,.062326777306,.0017098833,.3182683213025,.0437309115365501,-.62371308
01/2007,RIPLEY,20.98288171266661,.13197227592,-.0041663968,.457540490499,.0526121547782087,-.62371308
02/2007,RIPLEY,20.96906910665279,-.013717649672,-.0012267611,.370889152,.054485574802105,-.62371308
03/2007,RIPLEY,21.03001497211542,.062841376202,-.0012295634,.416135337822,.055022866031546,-.62371308
04/2007,RIPLEY,21.0141951314613,-.015695364238,8.0116670e-06,.339448993238,.0564561849617855,-.62371308
05/2007,RIPLEY,21.03793058072808,.037041803844,-.0012941516,.264769219362,.0523993718717714,-.62371308
06/2007,RIPLEY,21.04317305669293,.0052562417859,.0016443845,.2076986838419,.0485376713057817,-.62371308
07/2007,RIPLEY,20.99332350804445,-.048627450979,-.00054669887,.0270989569429,.0536883200554868,-.84161502
08/2007,RIPLEY,20.96146665648194,-.031354767794,.00081316836,.0094618388209,.0563172569990617,-.84161502
09/2007,RIPLEY,20.84325443855306,-.11149252461,-.0016580283,-.1648720619911,.0699372643012567,-.84161502
10/2007,RIPLEY,20.82829589801013,-.014847217344,-.0011631956,-.1640239150971,.0694135019668934,-.84161502
11/2007,RIPLEY,20.86476539922011,.037142671939,-.00053540833,-.1639230470021,.0629685668979523,-.84161502
12/2007,RIPLEY,20.77868895625555,-.13909800192,.010626027,-.3082772907079999,.0732886961091433,-.84161502
01/2008,RIPLEY,20.61817745986663,-.14829196812,-6.7508508e-06,-.407941807849,.0690280710606948,-.84161502
02/2008,RIPLEY,20.6073880493667,-.010731413579,.0010730247,-.387318453634,.0691042785853814,-.84161502
03/2008,RIPLEY,20.44486911987156,-.15,.0011566309,-.425825929024,.0700008666664746,-.84161502
04/2008,RIPLEY,20.49222115384934,.048491048594,.0062580854,-.362487663086,.0750649283976878,-.84161502
05/2008,RIPLEY,20.53896954706588,.053629222137,.0015199058,-.346001112888,.0768225972263499,-.84161502
06/2008,RIPLEY,20.47987577254655,-.057381628568,.0012016525,-.264284739536,.0753980125774367,-.84161502
07/2008,RIPLEY,20.34827934935897,-.12330526263,.00044896203,-.239298034046,.0784984139420031,-.61149234
08/2008,RIPLEY,20.32836403965209,-.019718309859,.00049399852,-.248284930326,.0788737082910294,-.61149234
09/2008,RIPLEY,20.29032194200477,-.037327586207,-.0017649296,-.135612516533,.0767479092003166,-.61149234
10/2008,RIPLEY,20.02861714185752,-.23026178323,.00023599828,-.414365348357,.0922293337693913,-.61149234
11/2008,RIPLEY,20.12829980138705,.10482025827,.00035405811,-.363174312224,.1007054029568864,-.61149234
12/2008,RIPLEY,20.09293265755013,-.034749034749,.00036554126,-.340541718405,.0976276924151721,-.61149234
12/2002,SALFACORP,,,,,,
01/2003,SALFACORP,,,,0,,
02/2003,SALFACORP,,,,0,,
03/2003,SALFACORP,,,,0,,
04/2003,SALFACORP,,,,0,,
05/2003,SALFACORP,,,,0,,
06/2003,SALFACORP,,,,0,,
07/2003,SALFACORP,,,,0,,
08/2003,SALFACORP,,,,0,,
09/2003,SALFACORP,,,,0,,
10/2003,SALFACORP,,,,0,,
11/2003,SALFACORP,,,,0,,
12/2003,SALFACORP,,,,0,,
01/2004,SALFACORP,,,,0,,
02/2004,SALFACORP,,,,0,,
03/2004,SALFACORP,,,,0,,
04/2004,SALFACORP,,,,0,,
05/2004,SALFACORP,,,,0,,
06/2004,SALFACORP,,,,0,,
07/2004,SALFACORP,,,,0,,
08/2004,SALFACORP,,,,0,,
09/2004,SALFACORP,,,,0,,
10/2004,SALFACORP,18.00981786123507,,,0,,
11/2004,SALFACORP,17.98450005325078,-.025000000001,0,-.025000000001,,
12/2004,SALFACORP,18.01693532900394,.032967032967,0,.007967032966,.040988882096937,
01/2005,SALFACORP,18.01693532900394,0,0,.007967032966,.0290746228803587,
02/2005,SALFACORP,18.02047515570906,.0035460992895,0,.0115131322555,.0237435045804468,
03/2005,SALFACORP,18.00981786123507,-.010600706713,0,.0009124255425,.0214278356443738,
04/2005,SALFACORP,17.97345021706419,-.035714285715,0,-.0348018601725,.0241264323563939,
05/2005,SALFACORP,17.97348725341288,.024710019419,0,.0149081592475,.0248606818359975,
06/2005,SALFACORP,17.95475808405204,-.018554868338,0,-.0366137420575,.0237984820218859,
07/2005,SALFACORP,17.99179935573239,.037735849057,0,.0011221069995,.0261772052790783,-.56212831
08/2005,SALFACORP,18.00981786123507,.018181818181,0,.015757825891,.0252704389645307,-.56212831
09/2005,SALFACORP,18.01693532900394,.0071428571446,0,.0335013897486,.0240105853440023,-.56212831
10/2005,SALFACORP,17.97345021706419,-.04255319149,0,.0266624839736,.0264196896479959,-.56212831
11/2005,SALFACORP,17.97348725341288,.000037037036236,0,.001989501590836,.025288746914708,-.56212831
12/2005,SALFACORP,17.94337276182692,-.02966556794,0,-.009121198011164,.024638173942556,-.56212831
01/2006,SALFACORP,17.94718229024359,.0038167938928,0,-.043040253175364,.0247163603591472,-.56212831
02/2006,SALFACORP,18.02755252543584,.083688212928,0,.022466141571636,.0353369455564652,-.56212831
03/2006,SALFACORP,18.13159291815886,.1096452756,0,.124968560027036,.0463920421317313,-.56212831
04/2006,SALFACORP,18.26116006690608,.1383355467,0,.305857298217036,.0559336136814693,-.56212831
05/2006,SALFACORP,18.21857267509718,-.018644698265,0,.2871755629158,.0575226288800042,-.56212831
06/2006,SALFACORP,18.18915878989089,-.028985507247,0,.2878556236088001,.0582992961133369,-.56212831
07/2006,SALFACORP,18.27489821401458,.089522388062,0,.3735612177780001,.061309855249827,-.32936841
08/2006,SALFACORP,18.27492561164831,.000027398009479,0,.289900402859479,.0617840140107513,-.32936841
09/2006,SALFACORP,18.30195428403623,.027397260275,0,.207652387534479,.0614971135065916,-.32936841
10/2006,SALFACORP,18.41528296934323,.12,0,.189316840834479,.0625057641882731,-.32936841
11/2006,SALFACORP,18.48427584083019,.071428571429,.00022143162,.279390110528479,.0616161967397168,-.32936841
12/2006,SALFACORP,18.48427584083019,0,.00019198228,.308375617775479,.0587811664950453,-.32936841
01/2007,SALFACORP,18.73805636160629,.28888888889,0,.507742118603479,.0885999076348646,-.32936841
02/2007,SALFACORP,18.72939829886317,-.0086206896558,0,.4990940309382,.0915863190037129,-.32936841
03/2007,SALFACORP,18.92610859310922,.21739130435,0,.6890880750132,.101071328612985,-.32936841
04/2007,SALFACORP,19.11908744435727,.21285714286,0,.7819452178732,.1074245798024366,-.32936841
05/2007,SALFACORP,19.04071197584823,-.059236957582,0,.6512796888622001,.1114105751354553,-.32936841
06/2007,SALFACORP,19.18847285757672,.15923566879,0,.8105153576522001,.1082521281506002,-.32936841
07/2007,SALFACORP,19.13196064731337,-.054945054946,0,.4666814138162,.1164278055807575,-.67421186
08/2007,SALFACORP,19.13196064731337,0,0,.475302103472,.1164295423955655,-.67421186
09/2007,SALFACORP,19.41818817405416,.33139534884,0,.589306147962,.1352157060920951,-.67421186
10/2007,SALFACORP,19.54514780151545,.13537117904,.00062888302,.511820184142,.1354275232261634,-.67421186
11/2007,SALFACORP,19.4978949166649,-.046153846154,0,.52490329557,.1423749104661326,-.67421186
12/2007,SALFACORP,19.75848623500295,-.12016129032,0,.24550633646,.1536724827973201,-.67421186
01/2008,SALFACORP,19.61710428268489,-.13184234647,.0014250644,.168609044936,.1516551571163414,-.67421186
02/2008,SALFACORP,19.80241979056367,.20359812492,0,.372207169856,.1561313161987966,-.67421186
03/2008,SALFACORP,19.64093232067255,-.14912280701,.0055258884,-.108310985994,.1605959925684672,-.67421186
04/2008,SALFACORP,19.7057929548746,.067010309278,.0057375855,-.176671855756,.1515985572172784,-.67421186
05/2008,SALFACORP,19.60418277846381,-.078251964648,.002681795,-.20876997425,.1526879501444907,-.67421186
06/2008,SALFACORP,19.43566919463619,-.1550802139,-.000011117077,-.24368889783,.1547642391710105,-.67421186
07/2008,SALFACORP,19.49703814101249,.06329113924,-.00012854925,-.04855541212,.1547013776139466,-.77417266
08/2008,SALFACORP,19.36929946200648,-.11991666666,.00020609966,-.3720702037,.1592136234656682,-.77417266
09/2008,SALFACORP,19.16050210337253,-.18867260947,.00012272016,-.4116200061599999,.1286594806994243,-.77417266
10/2008,SALFACORP,18.85069723633719,-.26640991013,-.0015209292,-.745040225568,.1301977594155293,-.77417266
11/2008,SALFACORP,19.10036011189323,.11379447232,.015006119,-.5529937886,.141332657471155,-.77417266
12/2008,SALFACORP,19.15304227514535,.054403146987,.046090674,-.3435104277129999,.1439281710574195,-.77417266
12/2002,SANTARITA,18.91755753349464,.03448275862,.00013227249,,,
01/2003,SANTARITA,18.89223972551035,-.025,.000071861788,-.025,,
02/2003,SANTARITA,18.88938665652795,-.002849002849,.00078072719,-.027849002849,.015663120295516,
03/2003,SANTARITA,18.97162475476492,.085714285715,1.8617895e-06,.057865282866,.0585829551682009,
04/2003,SANTARITA,18.95570929945902,.00026745118885,.0015414873,.05813273405485,.0487690934603454,
05/2003,SANTARITA,18.96104264543438,.0053475935838,.00017743402,.06348032763865,.0424345775303587,
06/2003,SANTARITA,18.98469683633227,.023936170213,.0270692,.08741649785165,.0382310260787404,
07/2003,SANTARITA,18.96210589352019,-.022337678191,-.0000267123,.09007881966065,.0375845710405165,-.72712785
08/2003,SANTARITA,19.14955070008583,.20616367524,-.00004749644,.29909149774965,.077816208006931,-.72712785
09/2003,SANTARITA,19.20106423453594,.052863436124,.0024331301,.26624064815865,.0730641940165273,-.72712785
10/2003,SANTARITA,19.20523960594642,.0041841004186,.0004615869,.2701572973884001,.0696169775595044,-.72712785
11/2003,SANTARITA,19.11822822895679,-.083333333333,.00026726208,.1814763704716,.0747567398631446,-.72712785
12/2003,SANTARITA,19.09523871073209,-.022727272728,.0049698828,.1348129275306,.0724516307613385,-.72712785
01/2004,SANTARITA,19.02291804915247,-.06976744186,,.0873831638616,.0759636393697541,-.72712785
02/2004,SANTARITA,18.97162475476492,-.050000000001,,-.1687805113794,.0781469592388424,-.72712785
03/2004,SANTARITA,18.91755753349464,-.052631578947,-.00004636513,-.2742755264504,.0762825271542974,-.72712785
04/2004,SANTARITA,18.90638423289652,-.0039729170176,.000078821598,-.2824325438866,.0762876131442486,-.72712785
05/2004,SANTARITA,18.86039911965469,-.044943820225,.00034798597,-.2440430307786,.0772807694270133,-.72712785
06/2004,SANTARITA,18.86039911965469,0,0,-.2213157580506,.0767671830052897,-.72712785
07/2004,SANTARITA,19.02291804915247,.17647058824,.000023008433,.0249222720494,.0929519034778864,-.8806299
08/2004,SANTARITA,19.02790559066351,.0049999999992,.00005396561,.0799222720496,.0693837938416789,-.8806299
09/2004,SANTARITA,19.03780666164622,.0099502487556,-.00002913372,.1425040997522,.0670621762935724,-.8806299
10/2004,SANTARITA,19.0717082133219,.034482758621,.00010951703,.1809597753908,.068244986389049,-.8806299
11/2004,SANTARITA,19.14070108480885,.071428571428,0,.2973321670437999,.0674268439282508,-.8806299
12/2004,SANTARITA,19.11822822895679,-.022222222222,0,.2751099448218,.0674084992377404,-.8806299
01/2005,SANTARITA,19.0717082133219,-.045454545453,-.000043781623,.0531848111288,.0653065090706613,-.8806299
02/2005,SANTARITA,19.06213876230575,-.0095238095255,0,.0386610016041,.0631316119122916,-.8806299
03/2005,SANTARITA,19.0717082133219,.0096153846171,.000022557222,.0383261374656,.0600082156063312,-.8806299
04/2005,SANTARITA,19.14070108480885,.085140805239,0,.0889841840836,.062882649803611,-.8806299
05/2005,SANTARITA,19.11822822895679,-.022222222222,0,-.0046666095664,.0609806988991793,-.8806299
06/2005,SANTARITA,19.11822822895679,0,.00074670685,.0175556126556,.0609806988991793,-.8806299
07/2005,SANTARITA,19.18418619674859,.068181818182,-1.6821816e-06,.1311919762906,.0412496331336405,-.79565358
08/2005,SANTARITA,19.22585889314916,.04255319149,0,.1832689773061,.0418124807664077,-.79565358
09/2005,SANTARITA,19.22585889314916,0,.000013870332,.173653592689,.0420950267391245,-.79565358
10/2005,SANTARITA,19.0717082133219,-.14285714285,0,-.0543443554,.0620524929402473,-.79565358
11/2005,SANTARITA,19.0717082133219,,0,-.032122133178,.0610168383248416,-.79565358
12/2005,SANTARITA,18.83054615650501,-.21428571428,-.000036506408,-.246407847458,.0883271815339428,-.79565358
01/2006,SANTARITA,18.73523597670069,-.090909090909,.0015853937,-.405498756549,.0906289620381223,-.79565358
02/2006,SANTARITA,18.73523597670069,0,.00007666192,-.448051948039,.0908361871868429,-.79565358
03/2006,SANTARITA,18.73523597670069,0,0,-.448051948039,.0905253340546381,-.79565358
04/2006,SANTARITA,18.75634493991092,.02428986714,5.0355929e-06,-.280904938049,.0848038265917512,-.79565358
05/2006,SANTARITA,18.75503860399687,-.0013054830279,.000022368853,-.2822104210769,.0852408125137269,-.79565358
06/2006,SANTARITA,18.70133442502501,-.0522875817,-.000074825322,-.1202122884969,.084945335724979,-.79565358
07/2006,SANTARITA,18.70126545712953,-.00006896551713,4.3806813e-06,-.02937216310503,.0790793274196644,-.48642358
08/2006,SANTARITA,18.70126545712953,0,-.000023137663,-.02937216310503,.0756276658408787,-.48642358
09/2006,SANTARITA,18.70064453193107,-.0006207324659,.000082891253,-.02999289557093,.0755922657332636,-.48642358
10/2006,SANTARITA,18.71503326938317,.014492753624,.0010951703,-.03979000908693,.0695481021718057,-.48642358
11/2006,SANTARITA,18.72181295636855,.0068027210891,0,-.03168180496993,.0671189826433393,-.48642358
12/2006,SANTARITA,18.73523597670069,.013513513513,0,.03411929024307,.0322092744221951,-.48642358
01/2007,SANTARITA,18.81219701783682,.08,-.00083482644,.1141882557602,.0294888798273639,-.48642358
02/2007,SANTARITA,18.83658847096098,.024691358025,0,.1388796137852,.0298105454915685,-.48642358
03/2007,SANTARITA,18.81828953183597,-.01813253012,0,.1213678161311,.0307596040188545,-.48642358
04/2007,SANTARITA,18.86039911965469,.048810119317,0,.1556851818241,.0327200098481011,-.48642358
05/2007,SANTARITA,18.78084648795274,-.076470588236,0,.072411872499,.0411247534285911,-.48642358
06/2007,SANTARITA,18.98729087150932,.22929936306,-.00061439053,.288197722046,.0738110583336725,-.48642358
07/2007,SANTARITA,18.93408683544585,-.051813471502,0,.156384250544,.0769710638263451,-.34546846
08/2007,SANTARITA,18.93408683544585,0,-.0021903405,.131692892519,.0769710638263451,-.34546846
09/2007,SANTARITA,18.95034735631763,.016393442624,0,.166218865263,.0766615739579404,-.34546846
10/2007,SANTARITA,18.95034735631763,0,-.000095386051,.117408745946,.0769380368900184,-.34546846
11/2007,SANTARITA,18.91755753349464,-.032258064516,6.5710219e-06,.161621269666,.0784851545025981,-.34546846
12/2007,SANTARITA,18.86039911965469,-.055555555557,0,-.123233648951,.081441250143523,-.34546846
01/2008,SANTARITA,18.79977449783826,-.058823529412,.00006791918,-.130243706861,.0810333686612519,-.34546846
02/2008,SANTARITA,18.79971199588505,-.00006250000024,0,-.13030620686124,.0807226450757061,-.34546846
03/2008,SANTARITA,18.79281282150471,-.0068754297145,-.000071176211,-.15357507919974,.080556541816819,-.34546846
04/2008,SANTARITA,18.79977449783826,.013750120943,0,-.13982495825674,.0792929017984734,-.34546846
05/2008,SANTARITA,18.79908676140176,-.00068749999991,-6.1603328e-06,-.10825439374065,.075749747924551,-.34546846
06/2008,SANTARITA,18.73523597670069,-.06185502533,.000021903406,-.11455386351365,.0299871798960649,-.34546846
07/2008,SANTARITA,18.73523597670069,0,-.0013512365,-.05573033410165,.0286620081258973,-.37687972
08/2008,SANTARITA,18.73523597670069,0,.000021936261,-.05566783410141,.0286620081258973,-.37687972
09/2008,SANTARITA,18.7351693078117,-.000066666666498,-7.3453070e-06,-.048859071053408,.0273613981316119,-.37687972
10/2008,SANTARITA,18.7351693078117,0,0,-.062609191996408,.0273613981316119,-.37687972
11/2008,SANTARITA,18.79114097297744,-.044039789561,0,-.105961481557498,.0281634130588993,-.37687972
12/2008,SANTARITA,18.79114097304648,0,.012585435,-.044106456227498,.0258752516262221,-.37687972
12/2002,SECURITY,18.43001686928924,-.016129032258,0,,,
01/2003,SECURITY,18.4935302750512,.065573770491,0,.065573770491,,
02/2003,SECURITY,18.50879774714536,.015384615384,.00017200784,.080958385875,.0354890919181831,
03/2003,SECURITY,18.47018287842031,-.037878787879,0,.043079597996,.0517338916166339,
04/2003,SECURITY,18.5504920202543,.083622008797,-.00039688381,.126701606793,.0546221090840384,
05/2003,SECURITY,18.63663108605797,.13275944367,0,.259461050463,.0654314741455574,
06/2003,SECURITY,18.67585183182966,.039999999999,0,.299461050462,.0587247224251165,
07/2003,SECURITY,18.78505112382404,.11538461538,0,.349271895351,.0590444081935048,-.050737578
08/2003,SECURITY,18.8730198967561,.091954022988,.0015196882,.4258413029549999,.0558729807076867,-.050737578
09/2003,SECURITY,18.8730198967561,0,.00012305457,.463720090834,.0563691341964275,-.050737578
10/2003,SECURITY,18.93920180363145,.085561497326,-.00029909937,.465659579363,.0539442744620745,-.050737578
11/2003,SECURITY,18.93920180363145,0,-.000038953996,.332900135693,.0542031253261233,-.050737578
12/2003,SECURITY,18.99197183962876,.054187192118,-.00014419288,.347087327812,.0516807433340349,-.050737578
01/2004,SECURITY,18.99197183962876,0,,.231702712432,.0537568161012221,-.050737578
02/2004,SECURITY,18.99197183962876,0,,.139748689444,.0547896940174571,-.050737578
03/2004,SECURITY,19.06407513351881,.074766355141,0,.214515044585,.0481477995479791,-.050737578
04/2004,SECURITY,19.17117326906574,.11304347826,0,.241997025519,.0503520243732117,-.050737578
05/2004,SECURITY,19.14858573892373,-.054865839007,.00049257668,.187131186512,.0543299863178116,-.050737578
06/2004,SECURITY,19.2122479795924,.06573237693,.0012062204,.198676371324,.0546929558825003,-.050737578
07/2004,SECURITY,19.2122479795924,0,0,.198676371324,.0513250713900126,-.52037477
08/2004,SECURITY,19.1962476382825,-.015873015874,-.000017360273,.18280335545,.0500352881051874,-.52037477
09/2004,SECURITY,19.14665069711503,-.048387096774,.0022808018,.059649903535,.0541766963110537,-.52037477
10/2004,SECURITY,19.25116339586456,.12446351931,3.0551478e-06,.071069944585,.0592014644986549,-.52037477
11/2004,SECURITY,19.31616504520271,-.083893129771,.0032719655,.042042653821,.0670019410613272,-.52037477
12/2004,SECURITY,19.35690370993906,.041579868344,.005374175,.017890145235,.0664986631747055,-.52037477
01/2005,SECURITY,19.34321038278944,-.013599999999,.00005472526,.004290145236,.0669485725389668,-.52037477
02/2005,SECURITY,19.35289568853176,.0097323600967,.00020377702,.0298955212067,.0667837941289924,-.52037477
03/2005,SECURITY,19.33261101735041,-.020080321286,.00016174374,.0582022966947,.0650081655258846,-.52037477
04/2005,SECURITY,19.29927459708282,-.0057834734134,.00018958327,-.0720446960287,.0563258759118462,-.52037477
05/2005,SECURITY,19.32850423538767,.02966101695,.00037151997,.0415094506923,.0540929300571272,-.52037477
06/2005,SECURITY,19.34442618840139,.016049382717,.000031416515,.0159789650653,.0509986509095651,-.52037477
07/2005,SECURITY,19.41893910085733,.077359254759,.0055718673,.1069382198233,.0553160790290681,-.46141335
08/2005,SECURITY,19.41139189520353,-.0075187969924,.0033025651,.0896870627342,.0550226789332525,-.46141335
09/2005,SECURITY,19.41878871360363,.0074242424234,.00020078721,.1171916264436,.0519128079460395,-.46141335
10/2005,SECURITY,19.39612442307273,-.0093499682553,0,.1136251316017,.0389172760837428,-.46141335
11/2005,SECURITY,19.37277705909504,-.023076923077,0,.0608871915747,.0292713123615823,-.46141335
12/2005,SECURITY,19.29927459708282,-.070866141732,0,-.0260283328743,.0351404607596269,-.46141335
01/2006,SECURITY,19.32023972555803,.021186440679,-.00019073558,-.0822011469543,.0354255933762616,-.46141335
02/2006,SECURITY,19.30794386962697,-.011850127377,.000054747805,-.0865324773389,.0355483924874857,-.46141335
03/2006,SECURITY,19.34483112867526,.037815126052,.0037092713,-.0561415937103,.0364536715002014,-.46141335
04/2006,SECURITY,19.33269298118773,.018692857251,0,-.028098768204,.0364748669927146,-.46141335
05/2006,SECURITY,19.37772946829869,.016310138513,.00010225194,.011288293386,.0359245101008715,-.46141335
06/2006,SECURITY,19.36963225806607,-.0080645161288,-.00039718286,.0740899189892,.0359865426885773,-.46141335
07/2006,SECURITY,19.36963225806607,0,-.00036479,.0529034783102,.0276041055256256,-.32313389
08/2006,SECURITY,19.4153204422375,.046747967481,0,.1115015731682,.0309402180450303,-.32313389
09/2006,SECURITY,19.48722428309497,.025242718446,-.000020331905,.0989291655622,.0316396377290193,-.32313389
10/2006,SECURITY,19.48722428309497,.016044776121,0,.0962810844322,.0315463709258228,-.32313389
11/2006,SECURITY,19.47195681096418,-.015151515152,.000071666058,.0648194307672,.0309671912671278,-.32313389
12/2006,SECURITY,19.54577902800808,.076615384614,-.0010791372,.14949933151,.0264802318407016,-.32313389
01/2007,SECURITY,19.67332656272883,.13603886825,-.00073606271,.28553819976,.0430556931351091,-.32313389
02/2007,SECURITY,19.62170219732352,-.05031446541,0,.188475766869,.0475100022757882,-.32313389
03/2007,SECURITY,19.65106809212789,.029801324505,.00068150839,.193034372928,.047369578579982,-.32313389
04/2007,SECURITY,19.67965867378938,.055886207843,0,.23287580465,.0481771002620741,-.32313389
05/2007,SECURITY,19.71641014886514,.037435160302,0,.285462480104,.0481197718517371,-.32313389
06/2007,SECURITY,19.76920833443211,.054216867469,0,.263063962959,.0470838851025264,-.32313389
07/2007,SECURITY,19.90273972705663,.14285714285,0,.269882237559,.0549961668160522,-.38483381
08/2007,SECURITY,19.93714115377397,.035,0,.355196702969,.0550916579422638,-.38483381
09/2007,SECURITY,19.93229852929818,-.0048309178746,.0018792036,.3205644605894,.0567464916911929,-.38483381
10/2007,SECURITY,20.07669303418007,.16915257891,-.00029353975,.4338308316564,.0665496872002272,-.38483381
11/2007,SECURITY,19.95152989122607,-.11764705882,-.00073510996,.2787486125344,.0813758750202486,-.38483381
12/2007,SECURITY,19.87228051957193,-.07619047619,0,.1483412688754,.0880086562102232,-.38483381
01/2008,SECURITY,19.8036925734554,-.066288659794,8.9073146e-06,-.0608045337686,.0861025306017631,-.38483381
02/2008,SECURITY,19.8247241300719,.021254278457,0,-.0745502553116,.0834209245948371,-.38483381
03/2008,SECURITY,19.79737921139881,-.02697443105,.000018321673,-.096693768487,.0846254242553676,-.38483381
04/2008,SECURITY,19.72838633991186,-.041081286883,-.000053951841,-.30692763428,.0853734910665575,-.38483381
05/2008,SECURITY,19.79737921139881,.071428571428,-.000028077238,-.117852004032,.0868961436402138,-.38483381
06/2008,SECURITY,19.78620591080069,-.011111111112,-.00085678283,-.052772638954,.0861502503278955,-.38483381
07/2008,SECURITY,19.69195696544065,-.089943820225,-.015233981,-.076427799385,.0789211172881298,-.57631755
08/2008,SECURITY,19.67959617574243,-.012284708932,0,-.109966786774,.0775605719721875,-.57631755
09/2008,SECURITY,19.5460647831179,-.125,6.7878236e-06,-.207992355724,.0835979573377273,-.57631755
10/2008,SECURITY,19.39191410329065,-.12831697564,-.0015256061,-.295228044481,.0619733341009648,-.57631755
11/2008,SECURITY,19.30490272630102,-.083333333333,-.000011630168,-.449989949242,.0593118346267658,-.57631755
12/2008,SECURITY,19.26786145462066,-.036363636364,-.0013912453,-.475242474494,.0586601925096691,-.57631755
12/2002,SIEMEL,18.16160403528643,0,,,,
01/2003,SIEMEL,18.14735671075293,-.01414631169,,-.01414631169,,
02/2003,SIEMEL,18.14735671075293,0,,-.01414631169,.0100029529247775,
03/2003,SIEMEL,18.1418989642071,-.0054428801104,,-.0195891918004,.007135507452027,
04/2003,SIEMEL,18.1418989642071,0,,-.0195891918004,.0066785469846518,
05/2003,SIEMEL,18.13691142269606,.0040160642566,,-.0155731275438,.0070243752416294,
06/2003,SIEMEL,18.18570158686549,.049999999999,,.0344268724552,.0225758141639773,
07/2003,SIEMEL,18.25469445835245,.071428571428,,.1200017555732,.0322674883060425,.15673354
08/2003,SIEMEL,18.57516635362722,.37777777778,,.4977795333532,.1316523155967692,.15673354
09/2003,SIEMEL,18.54237653080423,-.032258064517,,.4709643489466,.1269679186572728,.15673354
10/2003,SIEMEL,18.54237653080423,0,,.4709643489466,.1207525438096381,.15673354
11/2003,SIEMEL,18.28533142781433,-.22666666667,,.2402816180199999,.1408516835162911,.15673354
12/2003,SIEMEL,18.31923297949002,.03448275862,,.224764376641,.1343580837069223,.15673354
01/2004,SIEMEL,18.31923297949002,0,,.153335805213,.134077706964312,.15673354
02/2004,SIEMEL,18.31923297949002,0,,-.224441972567,.134077706964312,.15673354
03/2004,SIEMEL,,,,-.19218390805,.1403126219650433,.15673354
04/2004,SIEMEL,18.23222160250039,-.083333333333,,-.275517241383,.1440185391587855,.15673354
05/2004,SIEMEL,18.23675675766578,.029835787325,,-.019014787388,.1439823985340981,.15673354
06/2004,SIEMEL,18.36005497401027,.13122171945,,.077724173442,.1477027925893684,.15673354
07/2004,SIEMEL,18.37985760130645,.02,,.097724173442,.1469854168501435,.074628584
08/2004,SIEMEL,18.39927568716355,.019607843136,,.117332016578,.0885452926702176,.074628584
09/2004,SIEMEL,18.39927568716355,0,,.117332016578,.0882585510135271,.074628584
10/2004,SIEMEL,18.36005497401027,-.038461538461,,.16220381145,.0887226507193381,.074628584
11/2004,SIEMEL,18.4370160151464,.08,,.212368024125,.0561318955065617,.074628584
12/2004,SIEMEL,18.47338365931727,.037037037036,,.118183341711,.0562140456473592,.074628584
01/2005,SIEMEL,18.47338365931727,0,,.098183341711,.0562140456473592,.074628584
02/2005,SIEMEL,18.47338365931727,0,,.078575498575,.0562140456473592,.074628584
03/2005,SIEMEL,18.54237653080423,.071428571429,,.150004070004,.0557882224629932,.074628584
04/2005,SIEMEL,18.75209706178629,.23333333333,,.421798941795,.0734040482963083,.074628584
05/2005,SIEMEL,18.64372902504851,-.084261132647,,.257537809148,.0828471238742669,.074628584
06/2005,SIEMEL,18.64372902504851,0,,.220500772112,.078115888590741,.074628584
07/2005,SIEMEL,18.54237653080423,-.096385542169,,.124115229943,.0860518033507789,.021949716
08/2005,SIEMEL,18.57516635362722,.033333333333,,.157448563276,.0861586590505821,.021949716
09/2005,SIEMEL,18.55890583275544,-.016129032258,,.069890959589,.0866179699929332,.021949716
10/2005,SIEMEL,18.66753967375823,.11475409836,0,-.048688275381,.0887525335632958,.021949716
11/2005,SIEMEL,18.59116669497366,-.073529411765,0,-.037956554499,.0920655294855524,.021949716
12/2005,SIEMEL,18.47338365931727,-.050847457626,0,-.088804012125,.0939163352600574,.021949716
01/2006,SIEMEL,,,0,.007581530044,.0984335634318271,.021949716
02/2006,SIEMEL,18.54237653080423,.071428571429,0,.04567676814,.0999097269992043,.021949716
03/2006,SIEMEL,18.54237653080423,0,0,.061805800398,.0984335634318271,.021949716
04/2006,SIEMEL,18.54237653080423,0,0,-.052948297962,.0656390584779588,.021949716
05/2006,SIEMEL,18.5490210735053,.02653508772,0,.047116201523,.0613355488004825,.021949716
06/2006,SIEMEL,18.54895951294606,0,0,.097963659149,.0613355488004825,.021949716
07/2006,SIEMEL,18.54231497024499,-.0066225165565,0,.0913411425925,.0524330039152889,.20142995
08/2006,SIEMEL,18.50875818664197,-.032999999999,0,-.0130874288355,.0531630935600678,.20142995
09/2006,SIEMEL,18.50502074422369,-.0037917959335,0,-.016879224769,.0528492553553812,.20142995
10/2006,SIEMEL,18.53769894123888,.033217993079,0,.01633876831,.0399086694074447,.20142995
11/2006,SIEMEL,18.50847497912854,-.028801071668,.0016084356,-.038997391078,.033861180721802,.20142995
12/2006,SIEMEL,18.49981691638543,-.0086206896558,.00012179452,-.0476180807338,.0295469372628352,.20142995
01/2007,SIEMEL,18.52556941248784,.026086956523,.00036101666,-.0149086076543,.0288481003360895,.20142995
02/2007,SIEMEL,18.50847497912854,-.016949152542,.000065954766,.0011422398027,.0209208722437962,.20142995
03/2007,SIEMEL,18.4919600448064,-.016379310345,0,-.0114452746088,.0213793184832708,.20142995
04/2007,SIEMEL,18.54237653080423,.05170902717,0,.0070457594822,.0264968919243881,.20142995
05/2007,SIEMEL,18.58482919506335,.074563676633,.00001588705,.1104105077832,.0333018599891571,.20142995
06/2007,SIEMEL,18.58479724662029,-.000031947860407,.00010625013,.118999249578593,.0333023802740648,.20142995
07/2007,SIEMEL,18.58479724662029,0,1.5140643e-07,.092912293055593,.0331295448381555,.29543251
08/2007,SIEMEL,18.58479724662029,0,.000021823775,.109861445597593,.0308433931092283,.29543251
09/2007,SIEMEL,18.58472943552725,0,0,.126240755942593,.0307167965158273,.29543251
10/2007,SIEMEL,18.57509854250024,-.0095846645363,.00019098692,.064947064236293,.0302014767688205,.29543251
11/2007,SIEMEL,18.57509854250024,0,.0005575933,-.009616612396707,.0282669352348501,.29543251
12/2007,SIEMEL,18.54563650969932,-.029032258064,9.5206569e-06,-.0386169226003,.0299483583697882,.29543251
01/2008,SIEMEL,18.54230871967725,-.0033222591364,.00070057315,-.0419391817367,.0294160989714983,.29543251
02/2008,SIEMEL,18.54230871967725,0,.000072297487,-.0419391817367,.0287040867741972,.29543251
03/2008,SIEMEL,18.4733158481903,-.066666666667,.000045422352,-.1086058484037,.0351592095875903,.29543251
04/2008,SIEMEL,18.4733158481903,0,.000011072014,-.0990211838674,.0314110703475072,.29543251
05/2008,SIEMEL,18.4733158481903,.0050251256289,.00056778605,-.0939960582385,.0202727771670909,.29543251
06/2008,SIEMEL,18.45566091292454,-.0175,.00041802428,-.0824638001745,.0202260177961088,.29543251
07/2008,SIEMEL,18.43694820401942,-.018538713196,0,-.0976802542341,.0200928296851234,.35295328
08/2008,SIEMEL,,,0,-.0976802542341,.0207201862049227,.35295328
09/2008,SIEMEL,18.33978445556578,-.092592592593,.00026564332,-.1236061801601,.0312037736245661,.35295328
10/2008,SIEMEL,18.31916516836304,-.020408163266,.00023928353,-.1440143434261,.0309737958278131,.35295328
11/2008,SIEMEL,,,0,-.149039469055,.031722396944964,.35295328
12/2008,SIEMEL,18.13684361156909,-.16666666667,.00043865416,-.298206135725,.0551839013611246,.35295328
12/2002,SIPSA,16.41820024340866,.25,0,,,
01/2003,SIPSA,16.25785759333348,-.14814814814,0,-.14814814814,,
02/2003,SIPSA,16.25785759333348,,0,-.14814814814,,
03/2003,SIPSA,16.27936379855444,.021739130434,0,-.126409017706,.1201284467170035,
04/2003,SIPSA,16.28445717521842,.0051063699921,0,-.1213026477139,.0936529795478141,
05/2003,SIPSA,16.31283972775083,.16714699117,0,.0458443434561,.1289175825922488,
06/2003,SIPSA,16.11809565095832,-.17695473251,0,-.1311103890539,.1398746276090939,
07/2003,SIPSA,16.17636455908229,.059999999999,0,.0770377590851,.1299652656520148,.92690122
08/2003,SIPSA,16.44017915012743,.30188679245,0,.3789245515351,.1677423710674848,.92690122
09/2003,SIPSA,16.30041720775228,-.1304347826,0,.2267506385011,.165696773603501,.92690122
10/2003,SIPSA,16.81124283151826,.66666666667,0,.8883109351789999,.26751730972749,.92690122
11/2003,SIPSA,16.81124283151826,0,0,.721163944009,.2536534761640851,.92690122
12/2003,SIPSA,16.81124283151826,0,0,.898118676519,.2417455213902402,.92690122
01/2004,SIPSA,16.81124283151826,0,,.8381186765199999,.232337186042312,.92690122
02/2004,SIPSA,16.81124283151826,0,,.53623188407,.2228228939536552,.92690122
03/2004,SIPSA,16.81124283151826,0,0,.66666666667,.2233941227111771,.92690122
04/2004,SIPSA,16.83593544410864,.025,0,.025,.2229060138410362,.92690122
05/2004,SIPSA,16.75994953713072,-.073170731707,0,-.048170731707,.2247709791541234,.92690122
06/2004,SIPSA,16.75994953713072,0,0,-.048170731707,.2136205874741449,.92690122
07/2004,SIPSA,16.81124283151826,.052631578948,0,.004460847241,.2136651295997949,.20383492
08/2004,SIPSA,16.86951173964224,.059999999999,0,.06446084724,.2008476136326093,.20383492
09/2004,SIPSA,16.99356438831222,.13207547169,0,.19653631893,.1935656174600527,.20383492
10/2004,SIPSA,17.07360709598576,.083333333334,0,.254869652264,.052405899991235,.20383492
11/2004,SIPSA,17.09265529095645,.01923076923,0,.347271153201,.0519196474646209,.20383492
12/2004,SIPSA,17.12239726015519,.030188679246,0,.377459832447,.051330170050859,.20383492
01/2005,SIPSA,17.1296965626368,.0073260073259,0,.3321542608249,.0510167400238618,.20383492
02/2005,SIPSA,17.1296965626368,0,0,.2721542608259,.0510167400238618,.20383492
03/2005,SIPSA,17.1296965626368,0,0,.1400787891359,.0510167400238618,.20383492
04/2005,SIPSA,17.1296965626368,0,0,.0567454558019,.0516590791159841,.20383492
05/2005,SIPSA,16.9893471750222,-.12727272727,0,-.0897580406981,.062352058000906,.20383492
06/2005,SIPSA,16.95100477389342,-.037616636679,0,-.1575633566231,.0644396314489689,.20383492
07/2005,SIPSA,16.8600329956877,-.086956521739,0,-.251845885688,.0700393175931189,-.13358557
08/2005,SIPSA,17.04631495369775,.20476190476,0,-.047083980928,.0897491811852857,-.13358557
09/2005,SIPSA,17.07744587229292,.03162055336,0,-.015463427568,.0826203273890416,-.13358557
10/2005,SIPSA,17.08126996873133,.0038314176236,0,-.0116320099444,.0793622415591248,-.13358557
11/2005,SIPSA,17.03438638283248,-.045801526718,0,.0698391906076,.0804230378214404,-.13358557
12/2005,SIPSA,16.99356438831222,-.04,0,.0674558272866,.0804485201066869,-.13358557
01/2006,SIPSA,17.00186319112692,.0083333333332,0,.1627456823588,.0804659305127846,-.13358557
02/2006,SIPSA,16.99356438831222,-.0082644628092,0,-.0502806852104,.0804319631852218,-.13358557
03/2006,SIPSA,16.90655301132259,-.083333333334,0,-.1652345719044,.0832170007932434,-.13358557
04/2006,SIPSA,16.95100477389342,.045454545454,0,-.123611444074,.0849805459360896,-.13358557
05/2006,SIPSA,16.95100477389342,.0097019184341,0,-.0681079989219,.076786828937252,-.13358557
06/2006,SIPSA,16.99356438831222,.04347826087,0,.0153702619481,.0767299310792918,-.13358557
07/2006,SIPSA,16.99356438831222,0,0,.0070369286149,.0709483621806106,-.035936344
08/2006,SIPSA,16.95100477389342,-.041666666667,0,-.0263652752429,.0394181224727233,-.035936344
09/2006,SIPSA,16.95100477389342,0,0,.0569680580911,.0376642582932716,-.035936344
10/2006,SIPSA,16.95534317549202,.0043478260868,0,.0158613387239,.0376805710471193,-.035936344
11/2006,SIPSA,16.95534317549202,0,0,.0061594202898,.0358887230070053,-.035936344
12/2006,SIPSA,16.93346046424251,-.021645021645,0,-.0589638622252,.0346383223917633,-.035936344
01/2007,SIPSA,16.93390284425415,.00044247787628,0,-.05852138434892,.0344649728667221,-.035936344
02/2007,SIPSA,16.99356438831222,.061477222467,0,.04462250478508,.0392780712216015,-.035936344
03/2007,SIPSA,17.00186319112692,.0083333333332,0,.05295583811828,.0287880566940106,-.035936344
04/2007,SIPSA,17.18315115609759,.19876033058,0,.24736834261148,.0616357413667084,-.035936344
05/2007,SIPSA,17.14033072802867,.076560547228,0,.32392888983948,.063425187600399,-.035936344
06/2007,SIPSA,17.21670793962643,.079369648125,.0042382702,.42494355960948,.0650716923868799,-.035936344
07/2007,SIPSA,17.21674127240422,.000033333331885,0,.424534415065085,.0650702728168734,.30133596
08/2007,SIPSA,17.3826177801483,.23329222359,0,.5963494161880849,.0832255457888365,.30133596
09/2007,SIPSA,17.98406023014707,.35257242898,0,.9405885118348849,.1177342704722203,.30133596
10/2007,SIPSA,17.87614484142376,-.10229645093,0,.6395317303248851,.1277896553491697,.30133596
11/2007,SIPSA,17.72586263837442,-.13953488372,0,.4234362993768851,.1408110353291437,.30133596
12/2007,SIPSA,17.67029278721961,-.054054054055,0,.290012597196885,.1428629115613491,.30133596
01/2008,SIPSA,17.67029278721961,0,0,.2899792638649999,.1428796186800539,.30133596
02/2008,SIPSA,17.67029278721961,0,0,.056687040275,.1439024573523535,.30133596
03/2008,SIPSA,17.67029278721961,0,0,-.295885388705,.1441649475583224,.30133596
04/2008,SIPSA,17.4471492359054,-.2,0,-.393588937775,.1533591662052934,.30133596
05/2008,SIPSA,17.45426670367426,.0071428571428,0,-.2469111969122,.1523580623871136,.30133596
06/2008,SIPSA,17.45426670367426,0,0,-.1928571428572,.1510127600464891,.30133596
07/2008,SIPSA,17.43998074642679,-.014184397163,0,-.2070415400202,.1511374940043786,-.23630632
08/2008,SIPSA,17.11067699928419,-.28057553957,0,-.4876170795902,.1539372654948307,-.23630632
09/2008,SIPSA,17.00537203762929,-.09995,-.0099585261,-.5875670795901999,.0937988918323304,-.23630632
10/2008,SIPSA,17.00537203762929,0,0,-.3875670795902,.0955873157943309,-.23630632
11/2008,SIPSA,17.00537203762929,0,0,-.394709936733,.0941856102376088,-.23630632
12/2008,SIPSA,17.00537203762929,0,0,-.394709936733,.0954393019948267,-.23630632
12/2002,SK,,,,,,
01/2003,SK,,,,0,,
02/2003,SK,,,,0,,
03/2003,SK,,,,0,,
04/2003,SK,,,,0,,
05/2003,SK,,,,0,,
06/2003,SK,,,,0,,
07/2003,SK,,,,0,,
08/2003,SK,,,,0,,
09/2003,SK,,,,0,,
10/2003,SK,,,,0,,
11/2003,SK,,,,0,,
12/2003,SK,,,,0,,
01/2004,SK,,,,0,,
02/2004,SK,,,,0,,
03/2004,SK,,,,0,,
04/2004,SK,,,,0,,
05/2004,SK,,,,0,,
06/2004,SK,,,,0,,
07/2004,SK,,,,0,,
08/2004,SK,,,,0,,
09/2004,SK,,,,0,,
10/2004,SK,,,,0,,
11/2004,SK,,,,0,,
12/2004,SK,,,,0,,
01/2005,SK,,,,0,,
02/2005,SK,,,,0,,
03/2005,SK,,,,0,,
04/2005,SK,,,,0,,
05/2005,SK,,,,0,,
06/2005,SK,,,,0,,
07/2005,SK,,,,0,,
08/2005,SK,,,,0,,
09/2005,SK,,,,0,,
10/2005,SK,19.58632843395663,,,0,,
11/2005,SK,19.55851374577376,-.027431421447,.00127375,-.027431421447,,
12/2005,SK,19.47847103810022,-.07029988348,.000202525,-.097731304927,.0303125802025723,
01/2006,SK,19.44459822164386,-.033305555557,.0011816925,-.131036860484,.023240735742411,
02/2006,SK,19.44743892885249,.0028447458408,.00078159873,-.1281921146432,.0300200185742216,
03/2006,SK,19.51126086092321,.065902578797,.0010456475,-.0622895358462,.0509388401582512,
04/2006,SK,19.4895208742868,-.021505376343,.0016494,-.0837949121892,.0457105582159014,
05/2006,SK,19.45030016113352,-.024375108684,.00035752126,-.0807385994262,.0419129055992409,
06/2006,SK,19.46166391978384,.021528140627,.00062144751,.0110894246808,.0409473443219645,
07/2006,SK,19.46166391978384,0,.00016121625,.0443949802378,.0384724842815056,-.18137026
08/2006,SK,19.54561034093785,.08757062147,.0083005102,.129120855867,.0475437511542336,-.18137026
09/2006,SK,19.54561034093785,.012048192772,.00077272125,.075266469842,.045247773983207,-.18137026
10/2006,SK,19.55851374577376,.012987012988,.005299795,.109758859173,.0432764947369335,-.18137026
11/2006,SK,19.62064552688076,.064102564103,.00143822,.19823653196,.0455908261026627,-.18137026
12/2006,SK,19.61339035599959,.0048801161774,.0038185399,.1815885075104,.0381411824731034,-.18137026
01/2007,SK,19.72141721671061,.1140776699,.001148745,.2956661774104,.0440698159207074,-.18137026
02/2007,SK,19.63262171792748,-.08496732026,.00007532625,.1231282356804,.0546969507135349,-.18137026
03/2007,SK,19.68141188209691,.049999999999,0,.1610800429074,.0536941378834869,-.18137026
04/2007,SK,19.75568181068471,.077097505668,-.00079240999,.2251905355874,.0543565031614407,-.18137026
05/2007,SK,19.84640733431597,.11064128498,.00029026251,.2717292564644,.0564815950533055,-.18137026
06/2007,SK,19.86524401319623,.025918585719,-.0024615463,.292767726006,.0563710831135674,-.18137026
07/2007,SK,19.81692543592542,-.047169811321,.00023584875,.131520244785,.0608451686083291,-.24862772
08/2007,SK,19.77031112070066,-.045544554456,-.000063951251,.170943010589,.0626171879207747,-.24862772
09/2007,SK,19.76406760406098,.0042389356495,0,.1251819462395,.0627987466350071,-.24862772
10/2007,SK,19.77053931043104,.00649269311,0,.0545771336815,.062928770987179,-.24862772
11/2007,SK,19.65615221533767,-.10808736595,-.0020882799,-.1641515172485,.0717901955303011,-.24862772
12/2007,SK,19.64445617557448,.0030508864838,-.000030843748,-.1870192164837,.0718015983935474,-.24862772
01/2008,SK,19.58383155375805,-.058823529412,.0025472376,-.1986729345747,.0658598808674154,-.24862772
02/2008,SK,19.58383155375805,0,.00095157127,-.1531283801187,.0609341380893956,-.24862772
03/2008,SK,19.5788190119345,-.0050000000001,.00034062,-.1623673157683,.0589906606458384,-.24862772
04/2008,SK,19.6158145996111,.037688442211,4.1249999e-07,-.1311715666673,.0550880360043948,-.24862772
05/2008,SK,19.54561034093785,-.048060804013,.00028468375,-.0711450047303,.0419145706767131,-.24862772
06/2008,SK,19.5325382593705,-.0033842045414,-9.6762496e-06,-.0775800957555,.0398224789283698,-.24862772
07/2008,SK,19.50587001228833,-.026315789474,0,-.0450723558175,.0390746103387106,-.21133745
08/2008,SK,19.5962787648098,.094621621622,.000375,.0495492658045,.0502095151681669,-.21133745
09/2008,SK,19.48268437175309,-.09570734246,-.00028722,-.0411580766554,.0558529294446469,-.21133745
10/2008,SK,19.3449396454757,-.12867891126,.0040077586,-.2075254301264,.0637633396282001,-.21133745
11/2008,SK,19.47847103810022,.14285714285,.001276625,-.0166074832634,.0752973575405849,-.21133745
12/2008,SK,19.51929303262047,.056338028169,.00044730626,.043114749447,.0775030779501704,-.21133745
12/2002,SMCHILEB,19.57877432170852,.064,1.5362358e-06,,,
01/2003,SMCHILEB,19.60947466911166,.033834586466,0,.033834586466,,
02/2003,SMCHILEB,19.58599817565554,-.027272727273,7.2897484e-07,.006561859193,.0432093959249408,
03/2003,SMCHILEB,19.50289239656034,-.055241006644,0,-.048679147451,.0455536126106173,
04/2003,SMCHILEB,19.61315304034246,.12107623318,0,.072397085729,.0780795949545928,
05/2003,SMCHILEB,19.6777669320523,.029090909091,0,.10148799482,.0677973493647739,
06/2003,SMCHILEB,19.57556374001006,-.074204946995,-5.7788666e-06,.027283047825,.0718723845680674,
07/2003,SMCHILEB,19.61655233800841,.049618320611,3.4061216e-06,.04306678197,.0677856982771534,
08/2003,SMCHILEB,19.65174533355576,.029090909091,-3.3616136e-06,.099430418334,.0630829640469949,
09/2003,SMCHILEB,19.63809559655901,-.010600706712,3.2577357e-06,.144070718266,.0595418251171209,
10/2003,SMCHILEB,19.81230904879305,.19642857143,-2.8367390e-06,.219423056516,.0812685376783773,
11/2003,SMCHILEB,19.7205079970414,-.089552238806,1.8640837e-06,.100779908619,.0850043407901732,
12/2003,SMCHILEB,19.76566578620378,.049180327869,-.0003755691,.224165183483,.0815344509050314,
01/2004,SMCHILEB,19.76670693697954,0,,.174546862872,.0816334919963974,
02/2004,SMCHILEB,19.80861973118303,.040625,,.186080953781,.0805459396738696,
03/2004,SMCHILEB,19.707910692986,-.041643233905,0,.155038426588,.0794207787568247,
04/2004,SMCHILEB,19.75990522214519,.055869637512,0,.01447949267,.0743104950404404,
05/2004,SMCHILEB,19.82659744763773,.070866141732,0,.174897873208,.0757653609090724,
06/2004,SMCHILEB,19.89020329862477,.061764705883,0,.187482251222,.0698471358120428,
07/2004,SMCHILEB,19.93734956730667,.045706371191,0,.233188622413,.0697782567058722,
08/2004,SMCHILEB,19.97180007753292,.035761589405,0,.228325211818,.0697623538354091,
09/2004,SMCHILEB,20.13291791699711,.17647058824,0,.446439033963,.0790438605985204,
10/2004,SMCHILEB,20.1952626040374,.065217391304,0,.455786787755,.0647478363437352,
11/2004,SMCHILEB,20.1988174417845,-.00020408163346,0,.38471656438954,.0525939692147551,
12/2004,SMCHILEB,20.17319930053913,-.024290671566,0,.29866118694054,.0564087786066275,
01/2005,SMCHILEB,20.11414821791809,-.058577405858,0,.19437740989154,.062444879956438,
02/2005,SMCHILEB,20.15407994679907,.044444444446,0,.20306026493254,.0624823744214319,
03/2005,SMCHILEB,20.08097496759377,-.053654254021,0,-.02706457732846,.0639180437705818,
04/2005,SMCHILEB,20.04827678788741,0,0,-.09228196863246,.0642892574779066,
05/2005,SMCHILEB,19.99860949188976,-.054373522459,0,-.146451409458,.0672033011821157,
06/2005,SMCHILEB,20.02132518499428,.035,.0013649723,-.087160737892,.0661213728135755,
07/2005,SMCHILEB,20.15029502807461,.13526570048,0,.106682368446,.0741465094789852,
08/2005,SMCHILEB,20.14514655341162,-.0042553191488,0,.0579826048512,.074521770787094,
09/2005,SMCHILEB,20.13204974223036,.0064102564102,0,.1180471152824,.0563886327021448,
10/2005,SMCHILEB,20.13969778954335,.0084925690026,0,.126539684285,.0534171335629113,
11/2005,SMCHILEB,20.08788219881584,-.052631578948,0,.128281627796,.0557817343041586,
12/2005,SMCHILEB,20.01196515152888,-.077777777778,0,.015503850018,.059762093469849,
01/2006,SMCHILEB,20.07604708395764,.072289156626,0,-.047472693836,.0612125502069568,
02/2006,SMCHILEB,20.07009134062323,-.007865168538,0,-.0510825432252,.0599935396458832,
03/2006,SMCHILEB,20.07088387684711,.039528070636,0,-.0179647289994,.058344137940728,
04/2006,SMCHILEB,20.06652913026371,0,0,-.026457298002,.058344137940728,
05/2006,SMCHILEB,20.00046333182499,-.068181818182,0,-.042007537236,.0598111740221824,
06/2006,SMCHILEB,20.0032417190273,.0048780487814,.0001691682,.0406482893234,.0591665217629036,
07/2006,SMCHILEB,19.98476603037089,-.016990291263,.00042937134,-.0486311585656,.0426320443240873,
08/2006,SMCHILEB,20.05803689739061,.08024691358,0,.0394809235524,.0497012060454557,
09/2006,SMCHILEB,20.07735263920975,.017142857143,.00038989299,.0170957100594,.049942010373828,
10/2006,SMCHILEB,20.08502647747475,.007865168538,.00005648801,.0249608785974,.0499325562195003,
11/2006,SMCHILEB,20.19436375596706,.11482720178,.00073704316,.2079698985594,.0568458517988173,
12/2006,SMCHILEB,20.36208762181405,.187,.0015029196,.390091849778,.0682904536430831,
01/2007,SMCHILEB,20.23717708158824,-.12384161752,.00050212757,.283240523521,.0810640021104856,
02/2007,SMCHILEB,20.23078777316373,-.0076923076922,.00002471474,.1953013022488,.0810587025906131,
03/2007,SMCHILEB,20.32490772452462,.15017844623,.00037786624,.3283368913358,.0894003563582077,
04/2007,SMCHILEB,20.30080717247388,-.025201260063,.00029960281,.2952704627348,.0904281375022675,
05/2007,SMCHILEB,20.2899290943055,-.012567324956,.00019143042,.1678759359988,.0864622395864866,
06/2007,SMCHILEB,20.37172250665582,.091447289728,.000079094338,.0723232257268,.0876586448386793,
07/2007,SMCHILEB,20.34821496645953,-.025369623656,0,.1707952195908,.0881730236734923,
08/2007,SMCHILEB,20.38509281607128,.042923633857,0,.22141116114,.0871938484339709,
09/2007,SMCHILEB,20.38210733981486,-.0034710743812,0,.0677616405288,.0877728883599408,
10/2007,SMCHILEB,20.38928744364137,.0034831647044,0,.0964460652962,.0878960309646844,
11/2007,SMCHILEB,20.36090076875525,-.028925619835,-.00029961483,.0800877704172,.0854385619876884,
12/2007,SMCHILEB,20.37517554607546,.015659574468,0,.0043000551572,.0675600888117686,
01/2008,SMCHILEB,20.30516156832258,-.07156024803,0,-.0418905692168,.0596174961567913,
02/2008,SMCHILEB,20.3784148178698,.083032490975,-.0014911226,-.0017817120988,.0627381789817659,
03/2008,SMCHILEB,20.35512924456362,.031578539842,0,.0332679021244,.0475869403281179,
04/2008,SMCHILEB,20.3430929333399,-.011283980167,0,.018500757253,.0468570620079993,
05/2008,SMCHILEB,20.39080704497282,.054815839529,0,.102242216617,.0479857723110286,
06/2008,SMCHILEB,20.35030275076989,-.045081967212,0,.041500674937,.0443070873297898,
07/2008,SMCHILEB,20.27373319550009,-.072961373391,0,.040099549576,.049034851854775,
08/2008,SMCHILEB,20.27449298205038,.00018518518482,-.00005766773,-.04274775621418,.0471373307580575,
09/2008,SMCHILEB,20.25488949370432,-.018700240696,0,-.09302653675218,.0473348865838575,
10/2008,SMCHILEB,20.14347927282652,-.11320754717,0,-.19495010375518,.0565310718083619,
11/2008,SMCHILEB,20.12141044601003,-.021276595745,0,-.27104253902918,.0563991082357747,
12/2008,SMCHILEB,20.1163302127882,0,0,-.22596057181718,.0558270374183124,
12/2002,SMCHILEE,19.57877432170852,.013550134941,,,,
01/2003,SMCHILEE,19.60947466911166,.042780706119,,.042780706119,,
02/2003,SMCHILEE,19.58599817565554,.051282051283,,.094062757402,.0060113588146719,
03/2003,SMCHILEE,19.50289239656034,-.00090348677259,0,.09315927062941,.027999737975972,
04/2003,SMCHILEE,19.61315304034246,.091370516109,0,.18452978673841,.0378444824414119,
05/2003,SMCHILEE,19.6777669320523,.03255817502,0,.21708796175841,.0333317537595704,
06/2003,SMCHILEE,19.57556374001006,.0045044356157,0,.22159239737411,.0337813105352268,
07/2003,SMCHILEE,19.61655233800841,-.013452881046,0,.16535881020911,.0362442279224431,
08/2003,SMCHILEE,19.65174533355576,.13636363636,0,.25044039528611,.0504698896886747,
09/2003,SMCHILEE,19.63809559655901,-.04,0,.2113438820587,.0547303706818881,
10/2003,SMCHILEE,19.81230904879305,.125,0,.2449733659497,.0591076939115865,
11/2003,SMCHILEE,19.7205079970414,-.055555555556,0,.1568596353737,.0634545144424928,
12/2003,SMCHILEE,19.76566578620378,.039215686274,0,.191570886032,.0605202716148206,
01/2004,SMCHILEE,19.76670693697954,.018867924529,,.223891691607,.0606139357405405,
02/2004,SMCHILEE,19.80861973118303,.081481481482,,.169009536729,.0620767364425743,
03/2004,SMCHILEE,19.707910692986,-.010135890104,0,.198873646625,.062616416653543,
04/2004,SMCHILEE,19.75990522214519,0,0,.073873646625,.0605517442509087,
05/2004,SMCHILEE,19.82659744763773,.066666666666,0,.196095868847,.0616489670508722,
06/2004,SMCHILEE,19.89020329862477,.059027777777,0,.21590796035,.0616555067273112,
07/2004,SMCHILEE,19.93734956730667,.067213114753,0,.264253150574,.0604013154602285,
08/2004,SMCHILEE,19.97180007753292,.021505376344,0,.204277045436,.0524353779224615,
09/2004,SMCHILEE,20.13291791699711,.022556390977,0,.236969326517,.0476110467281871,
10/2004,SMCHILEE,20.1952626040374,.014705882353,0,.25167520887,.038758317713906,
11/2004,SMCHILEE,20.1988174417845,.014492753624,0,.199501295828,.0292921196112799,
12/2004,SMCHILEE,20.17319930053913,-.01142857143,0,.129044946621,.0318468454773728,
01/2005,SMCHILEE,20.11414821791809,-.046242774565,0,.015589057303,.0385285058799437,
02/2005,SMCHILEE,20.15407994679907,.030303030302,0,.024386711261,.0340809964998125,
03/2005,SMCHILEE,20.08097496759377,.054573575417,0,.056403895701,.0341615616724433,
04/2005,SMCHILEE,20.04827678788741,-.059701492538,0,-.01800347919,.0415861839543593,
05/2005,SMCHILEE,19.99860949188976,.04761904762,0,.015122814806,.0399525031704976,
06/2005,SMCHILEE,20.02132518499428,.010606060605,0,.037157446841,.0378070784824414,
07/2005,SMCHILEE,20.15029502807461,.034482758621,0,.117882980027,.0346567004778029,
08/2005,SMCHILEE,20.14514655341162,.014492753624,0,.102072703349,.0345245822362431,
09/2005,SMCHILEE,20.13204974223036,.0031428571438,0,.0506419850758,.0343647082721493,
10/2005,SMCHILEE,20.13969778954335,-.0031330105385,0,.1072104670753,.0344773472299492,
11/2005,SMCHILEE,20.08788219881584,-.02857142857,0,.0310199908853,.0358881800782601,
12/2005,SMCHILEE,20.01196515152888,0,0,.0204139302803,.0355964611436694,
01/2006,SMCHILEE,20.07604708395764,.073529411764,0,.0594605834233,.0367567916184499,
02/2006,SMCHILEE,20.07009134062323,0,0,.0449678297993,.0366340094652238,
03/2006,SMCHILEE,20.07088387684711,0,0,.0418249726555,.0342099316879754,
04/2006,SMCHILEE,20.06652913026371,-.032960181053,0,.011997802141,.030036209833398,
05/2006,SMCHILEE,20.00046333182499,-.041791044776,0,-.001221814065,.0309149184085199,
06/2006,SMCHILEE,20.0032417190273,.01246105919,0,.011239245125,.0309638265623569,
07/2006,SMCHILEE,19.98476603037089,.015384615384,0,-.046905551255,.0296407700606343,
08/2006,SMCHILEE,20.05803689739061,.00090909090977,0,-.04599646034523,.0293384046306665,
09/2006,SMCHILEE,20.07735263920975,.059642749016,0,.01364628867077,.0340577160466613,
10/2006,SMCHILEE,20.08502647747475,.0085714285706,0,.05517789829437,.0339829311703066,
11/2006,SMCHILEE,20.19436375596706,.035410764873,0,.13237970794337,.03314341644769,
12/2006,SMCHILEE,20.36208762181405,.17647058823,0,.2963892369833699,.0578182688014598,
01/2007,SMCHILEE,20.23717708158824,-.081395348837,0,.1996092727623699,.0631982264331757,
02/2007,SMCHILEE,20.23078777316373,.01265822785,0,.2113584097026,.063072031323863,
03/2007,SMCHILEE,20.32490772452462,.078236773325,0,.2299524340116,.0655144477975347,
04/2007,SMCHILEE,20.30080717247388,-.060975609755,0,.160405395686,.0680355776646199,
05/2007,SMCHILEE,20.2899290943055,-.0064935064938,0,.1185011243192,.0659482069736373,
06/2007,SMCHILEE,20.37172250665582,-.0047438242209,0,-.0627132881317,.0663344011139447,
07/2007,SMCHILEE,20.34821496645953,.048754914809,0,.0674369755143,.0668449347639375,
08/2007,SMCHILEE,20.38509281607128,-.050237440639,0,.0045413070253,.0698908824340476,
09/2007,SMCHILEE,20.38210733981486,.026315789473,0,-.0473796768267,.0687379804512415,
10/2007,SMCHILEE,20.38928744364137,.026923076923,0,.0405190098513,.0687808829470455,
11/2007,SMCHILEE,20.36090076875525,-.013732833956,0,.0332796823891,.0690309617817123,
12/2007,SMCHILEE,20.37517554607546,-.020253164556,0,.017770342054,.0461595993832603,
01/2008,SMCHILEE,20.30516156832258,.00025839793125,0,-.03072617482375,.0391601306806886,
02/2008,SMCHILEE,20.3784148178698,0,0,.01951126581525,.0390483847151699,
03/2008,SMCHILEE,20.35512924456362,.089107888292,0,.08230336463425,.0410524440093726,
04/2008,SMCHILEE,20.3430929333399,-.03745123537,0,.01792905234125,.0381859828272529,
05/2008,SMCHILEE,20.39080704497282,0,0,.03166188629725,.0380560916422888,
06/2008,SMCHILEE,20.35030275076989,-.00027019724348,0,.05164485360977,.0379693750474835,
07/2008,SMCHILEE,20.27373319550009,-.081081081082,0,-.02969462540348,.0428027443950903,
08/2008,SMCHILEE,20.27449298205038,-.0058823529407,0,-.03557697834418,.040391650432395,
09/2008,SMCHILEE,20.25488949370432,.0059171597622,0,-.11876770687398,.0395423094241936,
10/2008,SMCHILEE,20.14347927282652,0,0,-.08131647150398,.0384360840425934,
11/2008,SMCHILEE,20.12141044601003,,0,-.08131647150398,.0402153631875818,
12/2008,SMCHILEE,20.1163302127882,-.11735294117,0,-.1983992154305,.0527262032930093,
12/2002,SOCOVESA,,,,,,
01/2003,SOCOVESA,,,,0,,
02/2003,SOCOVESA,,,,0,,
03/2003,SOCOVESA,,,,0,,
04/2003,SOCOVESA,,,,0,,
05/2003,SOCOVESA,,,,0,,
06/2003,SOCOVESA,,,,0,,
07/2003,SOCOVESA,,,,0,,
08/2003,SOCOVESA,,,,0,,
09/2003,SOCOVESA,,,,0,,
10/2003,SOCOVESA,,,,0,,
11/2003,SOCOVESA,,,,0,,
12/2003,SOCOVESA,,,,0,,
01/2004,SOCOVESA,,,,0,,
02/2004,SOCOVESA,,,,0,,
03/2004,SOCOVESA,,,,0,,
04/2004,SOCOVESA,,,,0,,
05/2004,SOCOVESA,,,,0,,
06/2004,SOCOVESA,,,,0,,
07/2004,SOCOVESA,,,,0,,
08/2004,SOCOVESA,,,,0,,
09/2004,SOCOVESA,,,,0,,
10/2004,SOCOVESA,,,,0,,
11/2004,SOCOVESA,,,,0,,
12/2004,SOCOVESA,,,,0,,
01/2005,SOCOVESA,,,,0,,
02/2005,SOCOVESA,,,,0,,
03/2005,SOCOVESA,,,,0,,
04/2005,SOCOVESA,,,,0,,
05/2005,SOCOVESA,,,,0,,
06/2005,SOCOVESA,,,,0,,
07/2005,SOCOVESA,,,,0,,
08/2005,SOCOVESA,,,,0,,
09/2005,SOCOVESA,,,,0,,
10/2005,SOCOVESA,,,,0,,
11/2005,SOCOVESA,,,,0,,
12/2005,SOCOVESA,,,,0,,
01/2006,SOCOVESA,,,,0,,
02/2006,SOCOVESA,,,,0,,
03/2006,SOCOVESA,,,,0,,
04/2006,SOCOVESA,,,,0,,
05/2006,SOCOVESA,,,,0,,
06/2006,SOCOVESA,,,,0,,
07/2006,SOCOVESA,,,,0,,
08/2006,SOCOVESA,,,,0,,
09/2006,SOCOVESA,,,,0,,
10/2006,SOCOVESA,,,,0,,
11/2006,SOCOVESA,,,,0,,
12/2006,SOCOVESA,,,,0,,
01/2007,SOCOVESA,,,,0,,
02/2007,SOCOVESA,,,,0,,
03/2007,SOCOVESA,,,,0,,
04/2007,SOCOVESA,,,,0,,
05/2007,SOCOVESA,,,,0,,
06/2007,SOCOVESA,,,,0,,
07/2007,SOCOVESA,,,,0,,
08/2007,SOCOVESA,,,,0,,
09/2007,SOCOVESA,,,,0,,
10/2007,SOCOVESA,19.70252158749506,,,0,,
11/2007,SOCOVESA,19.5390431185037,-.15081521739,0,-.15081521739,,
12/2007,SOCOVESA,19.38822022875011,-.14,0,-.29081521739,.0076475135564757,
01/2008,SOCOVESA,19.23793802574186,-.13953488372,.0012677528,-.43035010111,.006382674309585,
02/2008,SOCOVESA,19.38121903331587,.15405405405,.00032481772,-.27629604706,.1488433054536904,
03/2008,SOCOVESA,19.18236817458831,-.18032786885,0,-.4566239159100001,.1381710220235899,
04/2008,SOCOVESA,19.31589956718949,.1714425839,.00026962202,-.2851813320100001,.1636483015356482,
05/2008,SOCOVESA,19.18806619569817,-.11999999999,-.0024511092,-.25436611461,.1518801252846856,
06/2008,SOCOVESA,19.03486203745097,-.14204545454,-.0014652747,-.25641156915,.1437275854144081,
07/2008,SOCOVESA,19.06100731758706,.026490066226,0,-.090386619204,.1381156955619456,-.31838611
08/2008,SOCOVESA,18.98042683088422,-.077419354839,0,-.321860028093,.130363546046284,-.31838611
09/2008,SOCOVESA,18.85259345942108,-.12,-.00021950663,-.261532159243,.1249979043688305,-.31838611
10/2008,SOCOVESA,18.46609857657939,-.32056579784,0,-.7535405409830001,.1401237957716656,-.31838611
11/2008,SOCOVESA,18.51739187097172,.052631578947,0,-.580908962046,.1438995448772674,-.31838611
12/2008,SOCOVESA,18.46023345708371,-.055555555556,0,-.494419063062,.1421988919358979,-.31838611
12/2002,SONDA,,,,,,
01/2003,SONDA,,,,0,,
02/2003,SONDA,,,,0,,
03/2003,SONDA,,,,0,,
04/2003,SONDA,,,,0,,
05/2003,SONDA,,,,0,,
06/2003,SONDA,,,,0,,
07/2003,SONDA,,,,0,,
08/2003,SONDA,,,,0,,
09/2003,SONDA,,,,0,,
10/2003,SONDA,,,,0,,
11/2003,SONDA,,,,0,,
12/2003,SONDA,,,,0,,
01/2004,SONDA,,,,0,,
02/2004,SONDA,,,,0,,
03/2004,SONDA,,,,0,,
04/2004,SONDA,,,,0,,
05/2004,SONDA,,,,0,,
06/2004,SONDA,,,,0,,
07/2004,SONDA,,,,0,,
08/2004,SONDA,,,,0,,
09/2004,SONDA,,,,0,,
10/2004,SONDA,,,,0,,
11/2004,SONDA,,,,0,,
12/2004,SONDA,,,,0,,
01/2005,SONDA,,,,0,,
02/2005,SONDA,,,,0,,
03/2005,SONDA,,,,0,,
04/2005,SONDA,,,,0,,
05/2005,SONDA,,,,0,,
06/2005,SONDA,,,,0,,
07/2005,SONDA,,,,0,,
08/2005,SONDA,,,,0,,
09/2005,SONDA,,,,0,,
10/2005,SONDA,,,,0,,
11/2005,SONDA,,,,0,,
12/2005,SONDA,,,,0,,
01/2006,SONDA,,,,0,,
02/2006,SONDA,,,,0,,
03/2006,SONDA,,,,0,,
04/2006,SONDA,,,,0,,
05/2006,SONDA,,,,0,,
06/2006,SONDA,,,,0,,
07/2006,SONDA,,,,0,,
08/2006,SONDA,,,,0,,
09/2006,SONDA,,,,0,,
10/2006,SONDA,,,,0,,
11/2006,SONDA,20.02401354417646,,,0,,
12/2006,SONDA,20.01749076907523,-.0065015479877,.0013083458,-.0065015479877,,
01/2007,SONDA,20.14263558107281,.13331255843,.0044957283,.1268110104423,.0988635027534933,
02/2007,SONDA,20.09666534828621,-.044929608448,.0077111921,.0818814019943,.093803846969341,
03/2007,SONDA,20.0782583609005,-.018238613463,.0010551763,.0636427885313,.0799024905008638,
04/2007,SONDA,20.14351508859502,.067433028842,.00033681499,.1310758173733,.072932956364942,
05/2007,SONDA,20.12968360944651,-.013736263736,-.0043511405,.1173395536373,.0672412992289649,
06/2007,SONDA,20.27457949842072,.15591922005,-.00021988401,.279760321675,.0801512452441149,
07/2007,SONDA,20.18916059609197,-.081872401953,-.00045395395,.064575361292,.0856379621177883,-.82694852
08/2007,SONDA,20.16659825878147,-.022309711286,-.0013504045,.087195258454,.0815758970951526,-.82694852
09/2007,SONDA,20.11141184321418,-.053691275168,-.0003158864,.051742596749,.0802528741844033,-.82694852
10/2007,SONDA,20.16256328357279,.052482269504,-.0019892044,.036791837411,.0771289209248347,-.82694852
11/2007,SONDA,20.06049175278692,-.097035040431,-.0017366187,-.046506939284,.0803674378843669,-.82694852
12/2007,SONDA,20.03075349413433,-.029850746268,-.0038505264,-.232276905602,.0809754104599738,-.82694852
01/2008,SONDA,19.91815315889261,-.10649230769,.0092719933,-.256896811339,.0755592218108327,-.82694852
02/2008,SONDA,19.96724008841201,.050311649849,.0044898475,-.184275450204,.0772308600074024,-.82694852
03/2008,SONDA,20.03084579757522,.065672131148,.02639595,-.064912043888,.0799782767902992,-.82694852
04/2008,SONDA,20.16630592002124,.14506353259,.029304169,.027669219198,.0886905608009481,-.82694852
05/2008,SONDA,20.16716534963293,.031188883839,.006661234,.155893143468,.0887588100826658,-.82694852
06/2008,SONDA,20.03075349413433,-.12751677852,.012747468,.058227111216,.083710422520942,-.82694852
07/2008,SONDA,20.13995278610829,.11538461538,.015093121,.2801040342860001,.0885087902502684,-.74475247
08/2008,SONDA,20.13303234325475,-.0068965517239,.0096127065,.2228958327131,.0882364032514215,-.74475247
09/2008,SONDA,19.9501272829253,-.15545773686,.0006508464,.0017659647051,.0984971874321279,-.74475247
10/2008,SONDA,19.85109300892717,-.094288334863,.0029834514,-.2375859027479,.0997791915993188,-.74475247
11/2008,SONDA,19.96724008841201,.12316105393,.004451328,-.1456137326569,.1039802791402303,-.74475247
12/2008,SONDA,19.96479417276528,-.0032786885249,.00072643626,-.0213756426618,.1035489352882232,-.74475247
12/2002,SOQUICOM,17.0165698615318,.0027777777777,0,,,
01/2003,SOQUICOM,17.10910611444321,.096952908587,0,.096952908587,,
02/2003,SOQUICOM,17.20991081358196,.10606060606,0,.203013514647,.0064401146441539,
03/2003,SOQUICOM,17.0989537429792,-.10502283105,0,.097990683597,.1193268389601603,
04/2003,SOQUICOM,17.19611749143284,.10204081632,0,.200031499917,.1034209708562393,
05/2003,SOQUICOM,17.11915645029672,-.0073775132278,0,.1926539866892,.0931694127145282,
06/2003,SOQUICOM,17.12910678114989,.01,0,.2026539866892,.0841433259697101,
07/2003,SOQUICOM,17.08352927267261,-.044554455446,0,.0611466226562,.0823200955879243,.37201089
08/2003,SOQUICOM,17.20533414653777,.12953367875,0,.0846196953462,.085077892943511,.37201089
09/2003,SOQUICOM,17.32617061968104,.12844036697,0,.3180828933662,.085345638472534,.37201089
10/2003,SOQUICOM,17.48933976532997,.17723579717,0,.3932778742162,.0905030369857322,.37201089
11/2003,SOQUICOM,17.46274615468679,-.026243114446,0,.374412272998,.0896517684344495,.37201089
12/2003,SOQUICOM,17.52462155840488,.063829787234,0,.428242060232,.0855530614909928,.37201089
01/2004,SOQUICOM,17.51119853807274,-.013333333332,,.459463182346,.0862730541920796,.37201089
02/2004,SOQUICOM,17.58289046652886,.074324324325,,.404253827921,.0846481822356903,.37201089
03/2004,SOQUICOM,17.64978470135889,.069182389936,0,.344995850887,.0712561717084467,.37201089
04/2004,SOQUICOM,17.64978470135889,0,0,.167760053717,.0712541477273088,.37201089
05/2004,SOQUICOM,17.58916007954245,-.010974357711,.0017649671,.183028810452,.071509660927745,.37201089
06/2004,SOQUICOM,17.73434208938695,.15625,.00014088809,.275449023218,.0769852181100182,.37201089
07/2004,SOQUICOM,17.76101033646911,.027027027027,0,.3158093835769999,.0707859267554646,-.054004565
08/2004,SOQUICOM,17.90761381066099,.15789473684,0,.399379796092,.0735695557319584,-.054004565
09/2004,SOQUICOM,18.03544718217087,.13636363636,0,.4665610425160001,.0742042160598979,-.054004565
10/2004,SOQUICOM,18.07466789532415,.040000000001,0,.5065610425170001,.0658851380401557,-.054004565
11/2004,SOQUICOM,18.18386718728915,.11538461538,0,.632920015608,.0623666906609365,-.054004565
12/2004,SOQUICOM,18.15234093364237,-.031034482758,0,.44563553285,.0686395978599248,-.054004565
01/2005,SOQUICOM,18.09371609029485,-.056939501779,0,.361669004044,.0738375561613664,-.054004565
02/2005,SOQUICOM,18.16647544457728,.075471698112,0,.279245965316,.0738635354323134,-.054004565
03/2005,SOQUICOM,18.09371609029485,-.070175438595,0,.072706890361,.0821838375441637,-.054004565
04/2005,SOQUICOM,18.03544718217087,-.056603773585,0,-.023896883225,.0865082425234381,-.054004565
05/2005,SOQUICOM,17.85152434400995,-.12645034773,0,-.265731846335,.0983351497473721,-.054004565
06/2005,SOQUICOM,17.99044981624014,.14903846153,0,-.085658902047,.0975160672201486,-.054004565
07/2005,SOQUICOM,17.91214896582638,-.075313807532,0,-.1040332078,.1021639386847873,-.5632928
08/2005,SOQUICOM,17.83699624344703,-.072398190045,0,-.251903095957,.0956280539034421,-.5632928
09/2005,SOQUICOM,17.69013599688245,-.13658536585,0,-.3183130232119999,.093267908738138,-.5632928
10/2005,SOQUICOM,17.41926104274706,-.23728813559,0,-.498997385217,.1098079258908623,-.5632928
11/2005,SOQUICOM,17.38152071476421,-.037037037036,0,-.4095840745230001,.0979212520821831,-.5632928
12/2005,SOQUICOM,17.27616019910638,-.1,0,-.6586225360529999,.0983280885936946,-.5632928
01/2006,SOQUICOM,17.3502681712601,.076923076924,0,-.506385651597,.106232835578152,-.5632928
02/2006,SOQUICOM,17.41926104274706,.071428571429,0,-.362558890123,.1058012445375819,-.5632928
03/2006,SOQUICOM,17.49759288601696,.081481481482,0,-.1444920427909999,.1121938906320926,-.5632928
04/2006,SOQUICOM,17.34230000161093,-.14383561643,0,-.051039523631,.1162224296736884,-.5632928
05/2006,SOQUICOM,17.30147800709067,-.038485690081,0,-.052488176676,.1134158861857793,-.5632928
06/2006,SOQUICOM,17.35817335076722,.058333333332,0,.105845156656,.1022537418331475,-.5632928
07/2006,SOQUICOM,17.35817335076722,0,0,.028922079732,.102605990741115,.27640945
08/2006,SOQUICOM,17.57016837335874,.23614173228,0,.193635240583,.128964051047491,.27640945
09/2006,SOQUICOM,17.64978470135889,.082871520481,0,.195025279582,.1255266181274318,.27640945
10/2006,SOQUICOM,17.67877223823214,.029411764706,0,.368272660718,.099869022611511,.27640945
11/2006,SOQUICOM,17.78184442337195,.10857142857,0,.5153297793689999,.1003007270347563,.27640945
12/2006,SOQUICOM,17.75042822713857,-.030927835052,0,.426068610985,.0933679425598691,.27640945
01/2007,SOQUICOM,17.96930737966633,.24468085106,0,.670749462045,.1098045886638195,.27640945
02/2007,SOQUICOM,17.90761381066099,-.059829059829,0,.374778669936,.1148023959403113,.27640945
03/2007,SOQUICOM,17.92115803576874,.013636363636,0,.305543513091,.1146401410322454,.27640945
04/2007,SOQUICOM,18.00704770764917,.089686098654,0,.3658178470390001,.0990382141968897,.27640945
05/2007,SOQUICOM,17.97357177845279,.0034495997861,0,.2606960182551,.0958918587084336,.27640945
06/2007,SOQUICOM,18.13010260221733,.16944680851,0,.4610706618171,.1004793841984661,.27640945
07/2007,SOQUICOM,18.13079372495162,.00069136161801,0,.21708117237511,.1004333288335969,-.073458366
08/2007,SOQUICOM,18.13221085059784,.0014181302504,0,.27832836245451,.0880783151625039,-.073458366
09/2007,SOQUICOM,18.14160737799926,.0094408133627,0,.2741328121812099,.0884722890070959,-.073458366
10/2007,SOQUICOM,18.18386718728915,.043165467627,0,.22761218115421,.0882941697237915,-.073458366
11/2007,SOQUICOM,18.13072099767646,-.05175862069,0,.17240396067811,.0906346134683547,-.073458366
12/2007,SOQUICOM,18.06286777775473,-.065602385542,0,-.06264523337389,.0934737870703894,-.073458366
01/2008,SOQUICOM,18.01524447485335,-.04650710255,0,-.1098436975419,.067873729538441,-.073458366
02/2008,SOQUICOM,17.99044981624014,-.024489795918,.000047420832,-.1357516237103,.0653381560143568,-.073458366
03/2008,SOQUICOM,18.112408223307,.12970711297,0,-.015485324103,.0736804768137603,-.073458366
04/2008,SOQUICOM,18.16647544457728,.055555555557,0,-.003095236173,.0714359120293583,-.073458366
05/2008,SOQUICOM,18.19817808919507,.065310608561,0,.113973993078,.0724593017448722,-.073458366
06/2008,SOQUICOM,18.22771906981799,.029981643891,0,.209558022511,.056388489818836,-.073458366
07/2008,SOQUICOM,18.14877586747788,-.07590759076,0,.180157534301,.0618828622011911,-.26871356
08/2008,SOQUICOM,18.19415887332569,.04642857143,0,.251075901649,.0629441828306682,-.26871356
09/2008,SOQUICOM,18.03544718217087,-.14675767918,0,-.025388890501,.0774593391405468,-.26871356
10/2008,SOQUICOM,18.02741501047361,-.0079999999998,.00013632387,-.0889444460578,.0760582713321558,-.26871356
11/2008,SOQUICOM,17.86109379502609,-.15322580645,0,-.3074808610688,.0863492869337882,-.26871356
12/2008,SOQUICOM,17.78698582287237,-.071428571429,0,-.4088910763888,.0866685592849985,-.26871356
12/2002,SQMA,19.90854247910568,.017341040464,.0020654262,,,
01/2003,SQMA,19.90821993974228,-.034090909091,.00067173381,-.034090909091,,
02/2003,SQMA,19.90267313372167,-.02,.00041168855,-.054090909091,.0099637773713293,
03/2003,SQMA,19.94309825486884,.051020408164,.00058868178,-.003070500927,.0456186884578262,
04/2003,SQMA,20.00359718973153,.056539120502,-.00016504778,.053468619575,.0470716509136077,
05/2003,SQMA,20.11468593902936,.22351727161,.00089736748,.2769858911849999,.1024422742375925,
06/2003,SQMA,20.08155873120124,-.090909090909,.00064590521,.1860768002759999,.1093760624604232,
07/2003,SQMA,20.17040336065433,.1,.000038640326,.320167709367,.1031947660312288,.2761873
08/2003,SQMA,20.30823089679702,.15909090909,.00018078506,.4992586184569999,.1042829317421752,.2761873
09/2003,SQMA,20.37315752285205,.058823529411,-.00018838394,.5070617397039999,.0975535007142155,.2761873
10/2003,SQMA,20.39856213850055,.062592592592,.0011610526,.513115211794,.0919979538509483,.2761873
11/2003,SQMA,20.3397401470991,-.10073196235,.000027629545,.1888659778340001,.0993440274220768,.2761873
12/2003,SQMA,20.32256987047192,.0077519379829,.0008087607,.2875270067259,.0952459220597874,.2761873
01/2004,SQMA,20.26260681858808,-.057692307692,,.1298346990339,.0971280260306551,.2761873
02/2004,SQMA,20.29379026959337,0,,-.0292562100561,.0962189957078933,.2761873
03/2004,SQMA,20.31549650755824,.040816326531,.00092659658,-.0472634129361,.0961497808021561,.2761873
04/2004,SQMA,20.26919546781818,0,0,-.1098560055281,.0965600556597807,.2761873
05/2004,SQMA,20.23212818388744,-.037630359931,.00032669504,-.0467544031091,.07739326086494,.2761873
06/2004,SQMA,20.34216234911524,.083333333334,0,.028826992242,.0725570960038937,.2761873
07/2004,SQMA,20.34039859721725,0,0,.086519299934,.0689855632471767,-.25843519
08/2004,SQMA,20.45605829359593,.15384615384,.00054779596,.240365453774,.0680204764214639,-.25843519
09/2004,SQMA,20.47523627325692,-.003333333334,.000062489424,.196215793909,.0669535564399398,-.25843519
10/2004,SQMA,20.55197406154366,.087959866221,.00025303147,.28417566013,.069049582858653,-.25843519
11/2004,SQMA,20.65921676332719,.091300338148,.0047556404,.413106358209,.0617788697652104,-.25843519
12/2004,SQMA,20.69393283678406,.098591549297,-.00044249065,.428364574172,.0642501641395473,-.25843519
01/2005,SQMA,20.66160660917977,-.064102564103,-.031906359,.3642620100690001,.0651394895696241,-.25843519
02/2005,SQMA,20.88059237536331,.2602739726,-.00098755478,.470689828829,.0900593606289363,-.25843519
03/2005,SQMA,20.96449304210539,.065217391304,0,.539240553467,.0898804962957128,-.25843519
04/2005,SQMA,21.01780400392694,.075510204082,.00003520563,.5267908913280001,.0878192556477822,-.25843519
05/2005,SQMA,21.04658505556053,.055691595358,2.5456262e-07,.491182148538,.0815646435054589,-.25843519
06/2005,SQMA,21.16480810035193,.10071546505,0,.493306064291,.0818729283504227,-.25843519
07/2005,SQMA,21.32447267064179,.16666666667,0,.7240752950640001,.0817957217970751,-.663333
08/2005,SQMA,21.25454040704061,-.071428571428,0,.392372751036,.0912851504705022,-.663333
09/2005,SQMA,21.29519398284805,.046153846153,0,.3733092058850001,.0886562965957093,-.663333
10/2005,SQMA,21.26423657340931,-.014705882354,0,.283093119449,.0922816337132675,-.663333
11/2005,SQMA,21.22006227572661,-.037313432836,0,.190088091255,.0966311421317132,-.663333
12/2005,SQMA,21.11519651250281,-.13178294573,0,-.042410319525,.10958391790628,-.663333
01/2006,SQMA,21.18503005925046,.046428571428,0,-.162648414767,.1048015563938028,-.663333
02/2006,SQMA,21.19511698004941,.0069965870298,0,-.0842232563092,.0806096706922527,-.663333
03/2006,SQMA,21.17946018989609,.0083036773431,0,-.1220734251191,.079741519826198,-.663333
04/2006,SQMA,21.15667176755151,-.027731092437,0,-.1350986352021,.078882989625112,-.663333
05/2006,SQMA,21.10173441899927,.0070457320689,0,-.0907394702972,.0776931961615643,-.663333
06/2006,SQMA,21.07654880621795,-.080985915493,0,-.0399424400602,.0757213919928623,-.663333
07/2006,SQMA,21.14109548075479,.091954022988,0,.0055830114998,.061981049522593,-1.0361564
08/2006,SQMA,21.14219493451903,-.0087719298235,0,-.0101855053535,.0591962109668326,-1.0361564
09/2006,SQMA,21.19455037591441,.061946902655,0,.0434577199584,.0606637992895653,-1.0361564
10/2006,SQMA,21.24470642646864,.049999999999,0,.1211888123944,.062714150332641,-1.0361564
11/2006,SQMA,21.34485727996773,.11111111111,0,.2252541914355,.0692330521833128,-1.0361564
12/2006,SQMA,21.35236514025005,.014299999999,0,.3205401069275,.0526650759774193,-1.0361564
01/2007,SQMA,21.36633962704913,.0070280700274,0,.2356141539669,.0523248091659316,-1.0361564
02/2007,SQMA,21.37704773948008,.022377622377,0,.2667637061674,.0521627896876408,-1.0361564
03/2007,SQMA,21.42713206574139,.033515731875,0,.2383325353874,.0520958570685314,-1.0361564
04/2007,SQMA,21.5336988577149,.15155526141,0,.3398877967984,.0610178223139596,-1.0361564
05/2007,SQMA,21.56205269138507,.045081109993,0,.2738577956814,.0602224340300524,-1.0361564
06/2007,SQMA,21.59521116604787,.016853932584,0,.2764117282664,.0473698541262703,-1.0361564
07/2007,SQMA,21.59981747958001,.067403314917,0,.336786973156,.0458881730306418,-1.1731793
08/2007,SQMA,21.72990246840513,.25258799172,0,.566997342499,.0715163760510083,-1.1731793
09/2007,SQMA,21.74669728852647,0,0,.533481610624,.0742914783157771,-1.1731793
10/2007,SQMA,21.77272604431598,0,0,.381926349214,.0765357388120209,-1.1731793
11/2007,SQMA,21.75270083273013,0,0,.336845239221,.076531250600835,-1.1731793
12/2007,SQMA,21.75576630829531,0,0,.319991306637,.0772606765615616,-1.1731793
01/2008,SQMA,21.48017684201897,,0,.25258799172,.0797965416754956,-1.1731793
02/2008,SQMA,21.75582632183769,0,0,0,.0809484803595099,-1.1731793
03/2008,SQMA,21.83092081452031,.041322314049,0,.041322314049,.0808087061840662,-1.1731793
04/2008,SQMA,22.07760741167555,.26984126984,0,.311163583889,.1007530516588309,-1.1731793
05/2008,SQMA,22.20442071037626,.076231226596,0,.387394810485,.1006364902889411,-1.1731793
06/2008,SQMA,22.6847531256849,.7235294117700001,0,1.110924222255,.2204617066212285,-1.1731793
07/2008,SQMA,22.45804206407929,-.24914675768,0,.861777464575,.248356760073192,-1.6923168
08/2008,SQMA,22.36646561308962,-.10681818181,0,.754959282765,.250099424159508,-1.6923168
09/2008,SQMA,22.12360309523576,-.16284987277,0,.5507870959460003,.259221917441804,-1.6923168
10/2008,SQMA,22.10246783531587,-.027963525836,0,.2529823002700002,.2599387129582432,-1.6923168
11/2008,SQMA,22.1264212886499,.016078688417,0,.1928297620910001,.259666544643992,-1.6923168
12/2008,SQMA,22.14099179465945,0,0,-.5306996496790001,.259666544643992,-1.6923168
12/2002,SQMB,19.90854247910568,0,.0021406438,,,
01/2003,SQMB,19.90821993974228,.044025157233,.0020759811,.044025157233,,
02/2003,SQMB,19.90267313372167,.012048192772,.00053314533,.056073350005,.0226111284121343,
03/2003,SQMB,19.94309825486884,.029761904761,.001854029,.085835254766,.0160194788702656,
04/2003,SQMB,20.00359718973153,.069364161849,.0021888206,.155199416615,.0242130585502236,
05/2003,SQMB,20.11468593902936,.062397714091,.0015707008,.217597130706,.0234750069646641,
06/2003,SQMB,20.08155873120124,.047120418849,.00065032014,.264717549555,.0210480866827944,
07/2003,SQMB,20.17040336065433,.084499999999,-.0049983258,.305192392321,.0245382270547887,.37776709
08/2003,SQMB,20.30823089679702,.13416320885,.0016381486,.427307408399,.0374685331752288,.37776709
09/2003,SQMB,20.37315752285205,.077235772358,-.0021447777,.474781275996,.0354938561095327,.37776709
10/2003,SQMB,20.39856213850055,-.018830151827,.0026950585,.38658696232,.0421650825224703,.37776709
11/2003,SQMB,20.3397401470991,-.000038497616515,-.0005190114,.3241507506124851,.043212635153249,.37776709
12/2003,SQMB,20.32256987047192,-.046192307693,.0002207248,.230838024070485,.0495648481772951,.37776709
01/2004,SQMB,20.26260681858808,-.05883301746,,.087505006611485,.0573349002730489,.37776709
02/2004,SQMB,20.29379026959337,.071122536418,,.024464334179485,.0579311895096074,.37776709
03/2004,SQMB,20.31549650755824,0,-.0011561246,-.052771438178515,.0589279960767073,.37776709
04/2004,SQMB,20.26919546781818,-.1,-.0011713681,-.133941286351515,.0693529059000089,.37776709
05/2004,SQMB,20.23212818388744,.018360350079,-.00091929408,-.115542438656,.0681204879538598,.37776709
06/2004,SQMB,20.34216234911524,.15831842576,-.0017348785,.088968294797,.0791961002549757,.37776709
07/2004,SQMB,20.34039859721725,-.0038610038609,0,.1439403083961,.0774162293580841,-.21114193
08/2004,SQMB,20.45605829359593,.085271317828,.00012886188,.1580890898061,.0719116847162114,-.21114193
09/2004,SQMB,20.47523627325692,.048214285714,.0012622431,.2063033755201,.0701013910313847,-.21114193
10/2004,SQMB,20.55197406154366,.069846678023,.0023117212,.3761500535431,.0711310057843696,-.21114193
11/2004,SQMB,20.65921676332719,.14012738853,.00054033007,.4979170919941,.0786222630045061,-.21114193
12/2004,SQMB,20.69393283678406,-.039106145251,.0014721015,.3004925209831,.078006902173119,-.21114193
01/2005,SQMB,20.66160660917977,.011627906977,-.0007464916,.315981431821,.073002099755383,-.21114193
02/2005,SQMB,20.88059237536331,.22557471264,-.0066579944,.456284826633,.0907647473009708,-.21114193
03/2005,SQMB,20.96449304210539,.11606096131,-.0036107621,.524131502229,.0909965681169047,-.21114193
04/2005,SQMB,21.01780400392694,.029411764706,-.00092142174,.483696588912,.0767517169348811,-.21114193
05/2005,SQMB,21.04658505556053,.044447809969,-.0046171695,.3880170103509999,.0754636234883651,-.21114193
06/2005,SQMB,21.16480810035193,.15747670079,-.0072683482,.584599856392,.0753782926075471,-.21114193
07/2005,SQMB,21.32447267064179,.18103448276,-.0037988382,.754006432175,.0769507167197317,-.53782791
08/2005,SQMB,21.25454040704061,-.062832116787,-.0044926922,.465599602748,.0886237255804057,-.53782791
09/2005,SQMB,21.29519398284805,.03589008661,-.0021844057,.385428728048,.0890557624678454,-.53782791
10/2005,SQMB,21.26423657340931,-.049624060151,-.0024492496,.3063929031909999,.0961749069263477,-.53782791
11/2005,SQMB,21.22006227572661,-.050632911393,-.00044668902,.2113121818289999,.0985166838921385,-.53782791
12/2005,SQMB,21.11519651250281,-.058450000001,-.00057533436,-.004614518962,.1002492619365147,-.53782791
01/2006,SQMB,21.18503005925046,.10279149629,.00034099235,-.082857505432,.1006682756788305,-.53782791
02/2006,SQMB,21.19511698004941,.013643659709,-.00041576917,-.006381728936,.0856741375692581,-.53782791
03/2006,SQMB,21.17946018989609,-.04196357878,.000035247427,-.084235394326,.0847697777835741,-.53782791
04/2006,SQMB,21.15667176755151,-.016462809917,-.0026600352,-.051074144092,.0855880829188928,-.53782791
05/2006,SQMB,21.10173441899927,-.071537618696,-.00027021635,-.071978851395,.0892061113755411,-.53782791
06/2006,SQMB,21.07654880621795,.045287569574,.00046071658,.03175871818,.0776609766043977,-.53782791
07/2006,SQMB,21.14109548075479,.038888198647,.00041553361,-.032144579463,.0556299343384862,-1.0449215
08/2006,SQMB,21.14219493451903,.012505979634,-.00035578359,-.033282259538,.0532755536597332,-1.0449215
09/2006,SQMB,21.19455037591441,.044478941685,.00053734751,.053160260927,.0539039882180807,-1.0449215
10/2006,SQMB,21.24470642646864,.053085621972,.00060138712,.122708692816,.0539110560401351,-1.0449215
11/2006,SQMB,21.34485727996773,.098717516032,-.00061334018,.292963827544,.0568170697726044,-1.0449215
12/2006,SQMB,21.35236514025005,-.00030717247864,.0004025471,.24736908549136,.0519357130495126,-1.0449215
01/2007,SQMB,21.36633962704913,.022360647496,-.00025340379,.23084153434036,.0455342650983845,-1.0449215
02/2007,SQMB,21.37704773948008,-.0026912568319,-.00089891383,.21564429787446,.0458722233203824,-1.0449215
03/2007,SQMB,21.42713206574139,.072558661974,-.000032325654,.24372401816346,.0447995436603529,-1.0449215
04/2007,SQMB,21.5336988577149,.067688378034,.00057793316,.25832677422546,.0443474948697096,-1.0449215
05/2007,SQMB,21.56205269138507,.059106856923,-.00065902463,.21871611511646,.0305861895631229,-1.0449215
06/2007,SQMB,21.59521116604787,.05427251732,-.00031716604,.2732958049151,.0307663384411374,-1.0449215
07/2007,SQMB,21.59981747958001,-.069222343921,-.00030534598,.1817128134981,.0448221273928121,-1.1815665
08/2007,SQMB,21.72990246840513,-.014368086608,-.00084960088,.170035983722,.0466485383083571,-1.1815665
09/2007,SQMB,21.74669728852647,.045965209709,.00042177227,.143442531457,.0466862352485245,-1.1815665
10/2007,SQMB,21.77272604431598,.06958189227,-.0026271814,.145336045693,.0475892100677341,-1.1815665
11/2007,SQMB,21.75270083273013,-.050200096047,-.0049684928,.036029092723,.0484839958044197,-1.1815665
12/2007,SQMB,21.75576630829531,.0080223817713,-.005958783,-.0102210428257,.0482064749211363,-1.1815665
01/2008,SQMB,21.48017684201897,-.097230117594,-.006449257,-.0382288164987,.0592129642077124,-1.1815665
02/2008,SQMB,21.75582632183769,.10787485183,-.0022899809,.0840141219393,.0650418401429175,-1.1815665
03/2008,SQMB,21.83092081452031,.13664478596,-.0043929494,.1746936981903,.0719129029564755,-1.1815665
04/2008,SQMB,22.07760741167555,.29434258261,-.001275469,.3994543885303,.1055906036742862,-1.1815665
05/2008,SQMB,22.20442071037626,.25958870815,-.0070101116,.7092431927273,.1224681633723317,-1.1815665
06/2008,SQMB,22.6847531256849,.48484663326,-.0022391595,1.186067444216,.1727272455043808,-1.1815665
07/2008,SQMB,22.45804206407929,-.13661989218,-.0089336513,1.14667766963,.1796169244609027,-1.3931643
08/2008,SQMB,22.36646561308962,-.063486011154,-.0042219325,.9753168066460002,.1828018641969693,-1.3931643
09/2008,SQMB,22.12360309523576,-.27823298896,-.0022925076,.5604390317260002,.2113512134884368,-1.3931643
10/2008,SQMB,22.10246783531587,-.011211394725,-.0012408295,.254885054391,.2123465750983143,-1.3931643
11/2008,SQMB,22.1264212886499,.073816838392,-.0035012621,.0691131846330001,.209788655166368,-1.3931643
12/2008,SQMB,22.14099179465945,.033488623321,-.0017912014,-.382244825306,.2092896053775089,-1.3931643
12/2002,VAPORES,19.27709512254734,.12280701754,0,,,
01/2003,VAPORES,19.29259930910422,.02508734472,0,.02508734472,,
02/2003,VAPORES,19.29259930910422,0,0,.02508734472,.0177394315734765,
03/2003,VAPORES,19.32290465859892,.030769230769,0,.055856575489,.0163727632380218,
04/2003,VAPORES,19.59554885366588,.35595280388,0,.411809379369,.1691959197529889,
05/2003,VAPORES,19.57255933544118,-.022727272726,.000018482166,.389082106643,.1569379421944076,
06/2003,VAPORES,19.80588344668,.26279069767,0,.651872804313,.1593932076496453,
07/2003,VAPORES,19.90903157205788,.11783785647,.00044093825,.744623316063,.1455469006942917,.42751691
08/2003,VAPORES,20.12884733328393,.24584717608,.00085565628,.990470492143,.1430588680663214,.42751691
09/2003,VAPORES,20.12884733328393,0,0,.959701261374,.140350138450631,.42751691
10/2003,VAPORES,20.25283331306652,.13865447419,-.0001830047,.742402931684,.1325749475424401,.42751691
11/2003,VAPORES,20.1933858544215,-.057714958774,.018270716,.707415245636,.1361749195080091,.42751691
12/2003,VAPORES,20.1551646416013,-.0375,.00042780777,.407124547966,.1357426174553801,.42751691
01/2004,VAPORES,20.11542431295179,-.033081126894,,.256205564602,.1391978224538696,.42751691
02/2004,VAPORES,20.24141382343765,.13427027027,,.144628658792,.1372673483565593,.42751691
03/2004,VAPORES,20.20580837442006,-.034979031645,.0011214325,.109649627147,.1412993570205671,.42751691
04/2004,VAPORES,20.14209256003395,-.061728395061,.0010735964,-.090733242104,.1193283281706664,.42751691
05/2004,VAPORES,20.12884733328393,-.013157894737,.0074795107,-.046176178067,.1187975258130141,.42751691
06/2004,VAPORES,20.12871399106472,-.00013333333208,.0037376808,-.00880951139908,.0997258181542171,.42751691
07/2004,VAPORES,20.16806804643721,.046610292015,0,.07088190750992,.0962903313082519,-.51761574
08/2004,VAPORES,20.27611725202053,.1141025641,0,.05071420133992,.0740419311195312,-.51761574
09/2004,VAPORES,20.53910095812581,.30080552359,-.001873567,.3864987565749201,.1101464097627299,-.51761574
10/2004,VAPORES,20.74576120780723,.2359606633,.00025828963,.68418781493592,.1210076980595731,-.51761574
11/2004,VAPORES,20.7234256970681,-.022087919995,.00013650167,.6752577896779199,.1185513853396849,-.51761574
12/2004,VAPORES,20.72401410542371,.00058858151897,.000060230115,.6759797045289699,.1164155843242995,-.51761574
01/2005,VAPORES,20.6788936702032,-.036984196663,.0010815192,.5923852158509699,.1166909957295691,-.51761574
02/2005,VAPORES,20.68655654294877,.0076923076922,.00021436458,.4859749594431699,.114603139169672,-.51761574
03/2005,VAPORES,20.67272081109402,-.013740458015,.017099587,.17142897783817,.1134182125509764,-.51761574
04/2005,VAPORES,20.70276042592079,.053609779676,.0069420505,-.01092190578583,.1081793873862527,-.51761574
05/2005,VAPORES,20.66338948366723,-.03860597867,.011886632,-.02743996446083,.1098964211852692,-.51761574
06/2005,VAPORES,20.69416114233399,.03125,.0054621715,.0032214540202,.1088599929626286,-.51761574
07/2005,VAPORES,20.72805006764195,.038765343126,.0066157114,.0789709938092,.1089489590167288,-.8777194
08/2005,VAPORES,20.63099541585272,-.092493592091,.00093726319,-.021214905974,.115074708105754,-.8777194
09/2005,VAPORES,20.61127348253381,-.019528728212,.0015418964,-.027003176171,.0808047060386854,-.8777194
10/2005,VAPORES,20.52985809104271,-.067714178826,-.0019931411,-.148327134673,.0430180307814282,-.8777194
11/2005,VAPORES,20.28426578057773,-.21775892857,.00037362103,-.327480084573,.0731767081450598,-.8777194
12/2005,VAPORES,20.21821260436097,-.063918914292,.00061150827,-.422648998865,.0731286636542704,-.8777194
01/2006,VAPORES,20.24217601859093,.02955070367,-.0012784643,-.4318636383209999,.0754461978356232,-.8777194
02/2006,VAPORES,20.19452270795159,-.046535714287,-.00053255545,-.385905760517,.0746417601909765,-.8777194
03/2006,VAPORES,19.97024230310729,-.20090896605,-.00083986082,-.5672859983549999,.0883389973453184,-.8777194
04/2006,VAPORES,20.06128201378622,.11698089828,-.018975964,-.382590921249,.096575087035531,-.8777194
05/2006,VAPORES,20.05841056272603,-.0028673323823,-.00068188179,-.1676993250612999,.0973129750914145,-.8777194
06/2006,VAPORES,20.00087758883291,-.055909240476,-.00062599365,-.1596896512453,.0946241091528261,-.8777194
07/2006,VAPORES,19.93849360479271,-.060477943963,.00031824794,-.2497182988783,.0905502385748586,-.35333496
08/2006,VAPORES,20.03086692492372,.096774193549,.00029511127,-.1064083910423,.0997806877678444,-.35333496
09/2006,VAPORES,20.04375411545963,.012970588235,.00078575156,.1074711632427,.1008525185765642,-.35333496
10/2006,VAPORES,20.0086513889109,-.034493771959,.0024607072,-.0440035069963,.1004272926460776,-.35333496
11/2006,VAPORES,20.10031067514752,.095991339129,.0049354881,.054855164515,.0888520332177957,-.35333496
12/2006,VAPORES,20.08063700098198,-.019481410344,.001556996,.091282994647,.087285640864761,-.35333496
01/2007,VAPORES,20.21807846701187,.14733454596,.0024567866,.29909548457,.0976206101602944,-.35333496
02/2007,VAPORES,20.14864996058899,-.067073170733,.0028765737,.135248120288,.0987626728548226,-.35333496
03/2007,VAPORES,20.12898065772536,-.019477124183,-.00053497986,.10280040787,.0760947175731662,-.35333496
04/2007,VAPORES,20.24144956430717,.11903746167,.0078134276,.256331641499,.0763409981175655,-.35333496
05/2007,VAPORES,20.39632669841819,.16751450458,.0037811534,.32785480695,.0872361867763329,-.35333496
06/2007,VAPORES,20.53874703845996,.15306122449,.012195942,.500397441784,.0889562383071959,-.35333496
07/2007,VAPORES,20.52538381065389,-.013274336284,.002693698,.33978855954,.0845971048947416,-.2778177
08/2007,VAPORES,20.67673750118548,.16340807175,.0048532113,.5702698020229999,.0897446370599843,-.2778177
09/2007,VAPORES,20.6788936702032,.002158495221,-.0044401838,.591905421427,.0902990657795905,-.2778177
10/2007,VAPORES,20.77427377755444,.10007692307,.0025957427,.572944882827,.0860382705207852,-.2778177
11/2007,VAPORES,20.55663911372224,-.19558072862,-.0078748129,.209849649627,.1142884564628723,-.2778177
12/2007,VAPORES,20.49995101387853,-.055111265647,.00075176341,.00167715949,.1165509467693202,-.2778177
01/2008,VAPORES,20.2558440882567,-.21659613616,-.0092453705,-.2016446403860001,.1328184120785391,-.2778177
02/2008,VAPORES,20.30627917711054,.051728592231,.0072631035,-.313324119905,.1308412043742264,-.2778177
03/2008,VAPORES,20.22415751309649,-.078840120142,.004722564,-.394322735268,.1336204082017699,-.2778177
04/2008,VAPORES,20.24248549451519,.044314214265,.0039716065,-.450085444073,.1301005742730936,-.2778177
05/2008,VAPORES,20.15532047361026,-.083474162759,-.0089315753,-.337978878212,.122468682019356,-.2778177
06/2008,VAPORES,20.10424038368701,-.049797434166,-.00012283573,-.3326650467310001,.1113042845351667,-.2778177
07/2008,VAPORES,20.14864996058899,.045410443172,.0020147883,-.070658467399,.1132620914312851,-.60624152
08/2008,VAPORES,20.09003138731576,-.087095547892,-.00059390534,-.209482607522,.0978851803317483,-.60624152
09/2008,VAPORES,19.91560898481843,-.16005797101,-.0062139439,-.29070045839,.1021064493538025,-.60624152
10/2008,VAPORES,19.79750669055151,-.11139485126,-.00092062354,-.446409523915,.0900534597305834,-.60624152
11/2008,VAPORES,19.67143698792222,-.11844660194,-.0017519206,-.481381963096,.0831280015657305,-.60624152
12/2008,VAPORES,19.58179847150872,-.085903083699,-.0023041044,-.517487612629,.0831597875648945,-.60624152
12/2002,VENTANAS,18.11655257112803,.10300250208,0,,,
01/2003,VENTANAS,18.07776654609287,-.038043478261,0,-.038043478261,,
02/2003,VENTANAS,18.09346193555656,.01581920904,0,-.022224269221,.0380866714434676,
03/2003,VENTANAS,18.09457366440925,.0011123470521,0,-.0211119221689,.0278407959918727,
04/2003,VENTANAS,18.18988384421358,.099999999999,0,.0788880778301,.0581462487258887,
05/2003,VENTANAS,18.14864088567953,-.0062903465559,0,.0725977312742,.0516823791808481,
06/2003,VENTANAS,18.09457366440925,-.052631578948,0,.0199661523262,.0537438392460223,
07/2003,VENTANAS,18.09457366440925,.006784854455,0,.0647944850422,.049078586355327,-.29169682
08/2003,VENTANAS,18.20492172157812,.11666666666,.23952889,.1656419426622,.0604678299577361,-.29169682
09/2003,VENTANAS,18.19743104985521,-.0020049008699,0,.1625246947402,.0569513553462311,-.29169682
10/2003,VENTANAS,18.24872434423651,.052631578948,0,.1151562736892,.0549488343268311,-.29169682
11/2003,VENTANAS,18.1822792448347,-.064285714287,-.000040739731,.0571609059581,.0579151790532719,-.29169682
12/2003,VENTANAS,18.21973680736326,.041280861138,0,.1510733460441,.0558720757255303,-.29169682
01/2004,VENTANAS,18.09457366440925,-.11764705882,,.0266414327691,.0663826830925365,-.29169682
02/2004,VENTANAS,18.15911218554682,.066666666666,,-.0233585672249,.0685413795664475,-.29169682
03/2004,VENTANAS,18.20492172157812,.046875,0,.025521333645,.0691595171884652,-.29169682
04/2004,VENTANAS,18.14494987174091,-.058208955224,0,-.085319200527,.0666567173306915,-.29169682
05/2004,VENTANAS,18.14336382857868,.0034451820175,0,-.0175883042225,.0665994040251645,-.29169682
06/2004,VENTANAS,18.20088372910827,.059206349206,0,.0003371838455,.0658825854025341,-.29169682
07/2004,VENTANAS,18.23433560678441,.040046940831,0,.1580311834965,.0663131825548485,-.37821868
08/2004,VENTANAS,18.43104590103047,.21739130435,0,.3087558211805,.0842474997216985,-.37821868
09/2004,VENTANAS,18.43116494148128,.011484036795,0,.2733648579755,.0839616452091741,-.37821868
10/2004,VENTANAS,18.46613722079396,.035591001071,0,.3671648142705,.0835934098711786,-.37821868
11/2004,VENTANAS,18.44874547810556,-.017241379311,0,.346478252942,.0801344029967495,-.37821868
12/2004,VENTANAS,18.44288035862856,.0058479532163,0,.2931198569523,.0802294818508048,-.37821868
01/2005,VENTANAS,18.41906970998375,-.023529411764,0,.2295435043573,.0688713192614251,-.37821868
02/2005,VENTANAS,18.4069483494514,-.012048192772,0,.0001040072353,.0690486464732133,-.37821868
03/2005,VENTANAS,18.41906970998375,.012195121952,0,.0008150923923,.0688088959546528,-.37821868
04/2005,VENTANAS,18.46613722079396,.048192771084,0,.0134168624053,.0641092244231337,-.37821868
05/2005,VENTANAS,18.43223566913145,-.022704385243,0,.0079538564733,.0655849415116974,-.37821868
06/2005,VENTANAS,18.39467825685959,-.036860879905,0,-.034754976648,.0674701090939079,-.37821868
07/2005,VENTANAS,18.36967695465417,-.015537389978,0,-.026762954862,.0679893462198366,-.52894944
08/2005,VENTANAS,18.38288054163247,.013291139239,0,-.001423622851,.0255703234553178,-.52894944
09/2005,VENTANAS,18.43104590103047,.064912256799,0,.051293511996,.03169147203975,-.52894944
10/2005,VENTANAS,18.32157642604752,-.087589107497,0,-.084488366585,.0396098259818898,-.52894944
11/2005,VENTANAS,18.2975145084116,-.023774737682,0,-.085558719024,.0398238714577051,-.52894944
12/2005,VENTANAS,18.18988384421358,-.10204081632,0,-.150738655439,.048107861781752,-.52894944
01/2006,VENTANAS,18.2975145084116,.11363636363,0,-.021564901831,.0606707298676804,-.52894944
02/2006,VENTANAS,18.29068854333554,-.0068027210882,0,-.0416587621582,.0606265675642025,-.52894944
03/2006,VENTANAS,18.30429419539132,.013698630137,0,-.0928723888202,.0606636977841656,-.52894944
04/2006,VENTANAS,18.34403452404084,.04054054054,0,.0352572592168,.0601089998671303,-.52894944
05/2006,VENTANAS,18.30429419539132,-.020428607206,0,.0386033896928,.0600485341430979,-.52894944
06/2006,VENTANAS,18.30429419539132,0,0,.1406442060128,.0591458971140322,-.52894944
07/2006,VENTANAS,18.29068854333554,-.0077333192567,0,.0192745231261,.0590123690259536,-.24096195
08/2006,VENTANAS,18.28381566405351,-.0068493150693,0,.019227929145,.0588803285901071,-.24096195
09/2006,VENTANAS,18.2913732403867,.021436189121,0,.026965488129,.0556463549876602,-.24096195
10/2006,VENTANAS,18.2975145084116,.0061601642701,0,-.0074148881409,.049290564980334,-.24096195
11/2006,VENTANAS,18.2975145084116,0,0,.0130137190651,.0486195735439846,-.24096195
12/2006,VENTANAS,18.28381566405351,-.0068017826534,0,.0062119364117,.0357532302994835,-.24096195
01/2007,VENTANAS,18.26290897922847,-.020689655172,0,-.0067443995036,.0174778053669578,-.24096195
02/2007,VENTANAS,18.2270628474614,-.035211267605,0,-.0351063520393,.0203287529109901,-.24096195
03/2007,VENTANAS,18.24872434423651,.021897810218,0,-.0346447309423,.021006055182016,-.24096195
04/2007,VENTANAS,18.38225573686103,.16098583621,0,.1201809409976,.0505172646199255,-.24096195
05/2007,VENTANAS,18.65988747341208,.32,0,.4401809409976,.1018014280023047,-.24096195
06/2007,VENTANAS,18.67305793661021,.013257575758,0,.460240299409,.1014255559774305,-.24096195
07/2007,VENTANAS,18.63495809037643,-.031494227599,0,.449435726982,.1026427310790819,-.30607283
08/2007,VENTANAS,18.63495809037643,0,0,.484646994587,.1023961357301087,-.30607283
09/2007,VENTANAS,18.63495809037643,.010588122052,0,.473337306421,.1025981661430604,-.30607283
10/2007,VENTANAS,18.61534961898726,-.019417475728,0,.292933994483,.103548369703233,-.30607283
11/2007,VENTANAS,18.61534961898726,0,0,-.027066005517,.103548369703233,-.30607283
12/2007,VENTANAS,18.59028565030189,-.016113471583,0,-.056437052858,.1039196370462341,-.30607283
01/2008,VENTANAS,18.44288035862856,-.13705583756,0,-.161998662819,.1143565096871271,-.30607283
02/2008,VENTANAS,18.45457639844066,.011764705883,0,-.150233956936,.1129423685831302,-.30607283
03/2008,VENTANAS,18.55410599374394,.10465116279,0,-.056170916198,.1150514273015674,-.30607283
04/2008,VENTANAS,18.55431649793105,.00021052631564,0,-.03654291415436,.1081720133867056,-.30607283
05/2008,VENTANAS,18.60539928817524,.062511289847,0,.02596837569264,.0569677918677898,-.30607283
06/2008,VENTANAS,18.78780417484193,.2001,,.24218184727564,.0812895360833241,-.30607283
07/2008,VENTANAS,18.74516123058655,-.033625728928,,.34561195590764,.0814037557700358,-.52990478
08/2008,VENTANAS,18.7877208449692,.04347826087,,.3773255108946401,.0816280834675189,-.52990478
09/2008,VENTANAS,18.70070946797957,-.071830376461,,.20084397164364,.0857562271858194,-.52990478
10/2008,VENTANAS,18.60539928817524,-.090909090909,,.109724354419,.0904939764142655,-.52990478
11/2008,VENTANAS,18.60539928817524,0,,.047213064572,.0904939764142655,-.52990478
12/2008,VENTANAS,18.63495809037643,.040842105265,,-.112044830163,.0907164318251523,-.52990478
12/2002,VOLCAN,,,,,,
01/2003,VOLCAN,17.53516167074497,-.017857142857,,-.017857142857,,
02/2003,VOLCAN,17.51681253207677,0,,-.017857142857,.0126269068068016,
03/2003,VOLCAN,,,,-.017857142857,.0126269068068016,
04/2003,VOLCAN,17.53516167074497,.018518518518,,.000661375661,.0181888327442302,
05/2003,VOLCAN,17.53517987014299,.018537055123,0,.019198430784,.017447927819734,
06/2003,VOLCAN,17.57087975334704,.03634477533,0,.055543206114,.0206722557819271,
07/2003,VOLCAN,,,0,.073400348971,.0206722557819271,
08/2003,VOLCAN,17.70221575540813,.14035087719,0,.213751226161,.0559088512991545,
09/2003,VOLCAN,17.7098786281537,.023076923078,0,.236828149239,.0511656361172953,
10/2003,VOLCAN,17.77632372756185,.068702290077,0,.287011920798,.0491830476996238,
11/2003,VOLCAN,17.77632372756185,0,0,.268474865675,.0475423404993771,
12/2003,VOLCAN,,,0,.232130090345,.0475423404993771,
01/2004,VOLCAN,,,,.232130090345,.0467360555743162,
02/2004,VOLCAN,,,,.091779213155,.0476495339189353,
03/2004,VOLCAN,17.77632372756185,.015965166909,0,.084667456986,.0451875091065506,
04/2004,VOLCAN,17.77632372756185,0,0,.015965166909,.0468980352466943,
05/2004,VOLCAN,17.77632372756185,.021897810218,0,.037862977127,.0467147909699544,
06/2004,VOLCAN,17.77632372756185,0,0,.037862977127,.048658116860665,
07/2004,VOLCAN,18.15378121068311,.45857142857,0,.496434405697,.1487424805173075,
08/2004,VOLCAN,18.15378121068311,0,0,.496434405697,.1490934215745348,
09/2004,VOLCAN,18.27276061387574,.14885114885,0,.629320387638,.1505227364718826,
10/2004,VOLCAN,18.27276061387574,0,0,.629320387638,.1528532309587557,
11/2004,VOLCAN,18.53846377960875,.30434782609,0,.9117704035099999,.1679307983277869,
12/2004,VOLCAN,18.50456222793307,-.033333333334,0,.8784370701759999,.16430221238437,
01/2005,VOLCAN,18.60300230074632,.10344827586,0,.523313917466,.155911489977499,
02/2005,VOLCAN,18.67532296232595,.075000000001,0,.598313917467,.148743602502924,
03/2005,VOLCAN,18.63377395941307,-.031121550206,0,.418341218411,.1515050266184572,
04/2005,VOLCAN,18.62708497126228,-.0066666666671,0,.4116745517439,.1518660633552537,
05/2005,VOLCAN,18.53846377960875,-.074885445331,0,.0324412803229,.1580666887492476,
06/2005,VOLCAN,18.6023771053524,.066000000001,0,.1317746136579,.1562173690993269,
07/2005,VOLCAN,18.60300230074632,.00062539087048,0,.02895172866838,.103477134800767,-.61139852
08/2005,VOLCAN,18.57125360243174,-.031250000001,0,-.07729827133362,.1051208212044899,-.61139852
09/2005,VOLCAN,18.57125360243174,.015727391876,0,-.03044932925162,.0998763065537653,-.61139852
10/2005,VOLCAN,18.56478108792612,-.0064516129032,.0045191599,-.03023427548772,.1000832769029061,-.61139852
11/2005,VOLCAN,18.57060823293532,.0058441558431,0,.05049532568638,.0514705188004911,-.61139852
12/2005,VOLCAN,18.60923285049696,.03938024532,0,.02387557100538,.0505742853192082,-.61139852
01/2006,VOLCAN,18.60300230074632,.0090192998741,0,.032269480009,.0418022643097714,-.61139852
02/2006,VOLCAN,18.60300230074632,,0,.06351948001,.0372717039157588,-.61139852
03/2006,VOLCAN,18.65179246491575,.049999999999,.0037811333,.097792088133,.0387662621081613,-.61139852
04/2006,VOLCAN,18.7207853364027,.071428571429,.0070495065,.1756722724652,.0430989279409487,-.61139852
05/2006,VOLCAN,18.76427044834244,.060085043448,0,.2299131600701,.033693327462444,-.61139852
06/2006,VOLCAN,,,0,.1905329147501,.0325702434291694,-.61139852
07/2006,VOLCAN,,,0,.181513614876,.0336637062487903,-.61321425
08/2006,VOLCAN,18.78532385754027,.021276595744,0,.20279021062,.0267864984900746,-.61321425
09/2006,VOLCAN,18.798260648571,.03104422859,0,.183834439211,.0262773872948615,-.61321425
10/2006,VOLCAN,18.78792463924033,-.010282776351,0,.102123091431,.0269867056531455,-.61321425
11/2006,VOLCAN,18.8508384646509,.064935064936,0,.106973112919,.0273241610842395,-.61321425
12/2006,VOLCAN,18.92145603186485,.073170731706,0,.180143844625,.029831791250869,-.61321425
01/2007,VOLCAN,18.89846651364016,-.022727272727,0,.157416571898,.035457250123998,-.61321425
02/2007,VOLCAN,18.94392888771691,.046511627907,0,.182651604061,.0335464292676163,-.61321425
03/2007,VOLCAN,19.00846740885449,.083521444694,0,.235128820165,.0363740077422504,-.61321425
04/2007,VOLCAN,19.08851011652802,.083333333334,0,.32874492985,.0376213823298861,-.61321425
05/2007,VOLCAN,19.11545160562841,.042951971887,0,.306761836801,.0371484102139514,-.61321425
06/2007,VOLCAN,19.12625044451087,.010857356796,0,.244448461891,.0364233667073443,-.61321425
07/2007,VOLCAN,19.12625044451087,,0,.267175734618,.0364233667073443,-.77686387
08/2007,VOLCAN,,,0,.220664106711,.0379129598325587,-.77686387
09/2007,VOLCAN,19.04928940337474,-.066118789689,0,.071023872328,.050813266065356,-.77686387
10/2007,VOLCAN,,,0,-.012309461006,.0516954929433568,-.77686387
11/2007,VOLCAN,19.00846740885449,-.040000000001,0,-.095261432894,.0558102500160532,-.77686387
12/2007,VOLCAN,18.9549787239035,-.052083333333,0,-.158202123023,.0574682154992809,-.77686387
01/2008,VOLCAN,18.67299467256635,-.2407079646,.00026666667,-.398910087623,.1016998269654149,-.77686387
02/2008,VOLCAN,18.67299467256635,0,.00016,-.398910087623,.0993589083561736,-.77686387
03/2008,VOLCAN,18.49764178508849,-.16083916084,.0013246533,-.493630458774,.100968491403109,-.77686387
04/2008,VOLCAN,18.53779689062105,.040972222221,0,-.452658236553,.0949432348333425,-.77686387
05/2008,VOLCAN,18.4694709081218,-.05814031169,0,-.470798548242,.0880824706394266,-.77686387
06/2008,VOLCAN,18.4694709081218,0,0,-.418715214909,.0870139600319536,-.77686387
07/2008,VOLCAN,18.41063040809886,-.057142857143,0,-.235150107452,.0820670591003566,-.73381966
08/2008,VOLCAN,18.35614222281479,-.05303030303,0,-.288180410482,.0779184755586933,-.73381966
09/2008,VOLCAN,18.13299867150058,-.19024390244,0,-.317585152082,.0869637273227366,-.73381966
10/2008,VOLCAN,18.04961706256153,-.080000000001,.000066666667,-.438557374304,.0829363073367943,-.73381966
11/2008,VOLCAN,18.0051652999907,-.043478260869,0,-.423895323483,.0828116406327436,-.73381966
12/2008,VOLCAN,18.01646485524463,.011363636364,0,-.412531687119,.0863278005812116,-.73381966
12/2002,VSPT,18.91803308815027,.082621071979,.0058605107,,,
01/2003,VSPT,18.88458515365414,-.032894737255,.0034924571,-.032894737255,,
02/2003,VSPT,18.87501574441666,-.0095237681271,-.0019735317,-.0424185053821,.0165257707532395,
03/2003,VSPT,18.8513871160004,-.023351658157,-.0025617087,-.0657701635391,.0117507666368834,
04/2003,VSPT,18.95039837305359,.10407872815,-.00079871988,.0383085646109,.0637274429629297,
05/2003,VSPT,18.98051360335464,.040485551463,-.0019696492,.0787941160739,.0568942545915381,
06/2003,VSPT,18.95674762493671,-.023485791549,.0013372716,.0553083245249,.0533503039267911,
07/2003,VSPT,18.96932639508068,.012658215623,-.0027632497,.1008612774029,.0487192957730637,-.72871053
08/2003,VSPT,19.05320785715738,.087499976158,.00019747193,.197885021688,.0528290454623427,-.72871053
09/2003,VSPT,18.99035377165117,-.060919510873,.00020396995,.160317168972,.0562089132924952,-.72871053
10/2003,VSPT,18.86396585294348,-.11872708175,1.5478126e-06,-.062488640928,.0669215337869484,-.72871053
11/2003,VSPT,18.79942735827458,-.062499975165,-.0065447018,-.165474167556,.0660212847897681,-.72871053
12/2003,VSPT,18.58550046201504,-.19259259259,-.0054491656,-.334580968597,.0824971692301643,-.72871053
01/2004,VSPT,18.57628380696037,-.0091743119256,,-.3564134961456,.0825298325876232,-.72871053
02/2004,VSPT,18.61265145110068,.037037037036,,-.4068764352676,.0842109938581112,-.72871053
03/2004,VSPT,18.62154039855152,.0089285714294,-.0055277371,-.3370283529652,.0845191603710919,-.72871053
04/2004,VSPT,18.56698141426286,-.053097345134,-.001201682,-.2713986163491999,.0762039715459592,-.72871053
05/2004,VSPT,18.6390847081875,.081282080866,-.000078571516,-.1276165603182,.0803270240290409,-.72871053
06/2004,VSPT,18.61265145110068,-.026086956523,-.0013495813,.0388890757488,.0803277710675037,-.72871053
07/2004,VSPT,18.62154039855152,.0089285714294,-.0017193296,.0569919591038,.0801774080460009,-.42290419
08/2004,VSPT,18.79199237982794,.18584070796,.00079958071,.2057956300278,.096150806972234,-.42290419
09/2004,VSPT,18.79199237982794,0,.00099832041,.1968670585984,.0952107357266135,-.42290419
10/2004,VSPT,18.74618284376647,-.044776119402,-.0016684892,.2051882843304,.0898971578068142,-.42290419
11/2004,VSPT,18.74618284376647,0,-.0069789994,.1239062034644,.0880879787554302,-.42290419
12/2004,VSPT,18.7320205299883,-.0140625,.0016315144,.1359306599874,.0646069079437164,-.42290419
01/2005,VSPT,18.7144341454053,-.017432646593,.00013865561,.109569441965,.064926002566694,-.42290419
02/2005,VSPT,18.7144341454053,0,-.000092437076,-.076271265995,.0646046344691234,-.42290419
03/2005,VSPT,18.70633693521692,-.0080645161279,-.00084117742,-.0843357821229,.0648350610120473,-.42290419
04/2005,VSPT,18.68164432260964,-.024390243902,-.00023109269,-.0639499066229,.062818577045398,-.42290419
05/2005,VSPT,18.75396498423763,.080854629241,-.030689109,.0169047226181,.0627756837052834,-.42290419
06/2005,VSPT,18.76322430962798,.0093023255813,-.00061008468,.0402695481994,.0616587053256874,-.42290419
07/2005,VSPT,18.82140626500824,.059907834102,.0011231105,.1176100288944,.0629684755287928,-.54415244
08/2005,VSPT,18.7616870302891,-.057971014493,-.00023109269,.0596390144014,.0389836925694024,-.54415244
09/2005,VSPT,18.71604574939507,-.044615384615,0,.0230881459143,.0409189778877292,-.54415244
10/2005,VSPT,18.62364013128733,-.091207272893,-.00067941251,-.0437288830767,.0467860073204178,-.54415244
11/2005,VSPT,18.6093796400541,-.014159292036,.0016649895,-.1387428043537,.0467176280475895,-.54415244
12/2005,VSPT,18.52122512584405,-.084380610413,.000092243186,-.232425740348,.0514253925428716,-.54415244
01/2006,VSPT,18.59673267834069,.078431372549,-.0046813418,-.213902201901,.0581863638450933,-.54415244
02/2006,VSPT,18.52122512584405,-.072727272728,-.00042431866,-.228658460136,.0609944031013532,-.54415244
03/2006,VSPT,18.46060050396545,-.058823529411,0,-.242866604932,.0622853239177553,-.54415244
04/2006,VSPT,18.3960619829214,-.062500000001,.00018448637,-.21415933204,.06358134610384,-.54415244
05/2006,VSPT,18.2807758274609,-.10888888888,-.000023060797,-.308888928884,.0592622287003446,-.54415244
06/2006,VSPT,18.42885180571596,.1596009975,.00059496856,-.064907320971,.0816581989434846,-.54415244
07/2006,VSPT,18.32229583267424,-.10107526881,0,-.24441396233,.0796804456600035,-.33148819
08/2006,VSPT,18.43954709484326,.12440191387,-9.2243190e-06,-.047284775732,.0920044424293173,-.33148819
09/2006,VSPT,18.48121979118975,.042553191492,.00049350108,.054091945171,.0935700837779253,-.33148819
10/2006,VSPT,18.43954709484326,-.040816326532,0,.07577561864,.0909695206595953,-.33148819
11/2006,VSPT,18.42021244314666,-.019148936169,.00083018868,.165515571351,.0909940213613058,-.33148819
12/2006,VSPT,18.40930720966387,-.010845986986,0,-.004931413135,.088102790389002,-.33148819
01/2007,VSPT,18.52122512584405,.11842105263,-.00092243188,.214564908305,.0922385202613155,-.33148819
02/2007,VSPT,18.45012920418412,-.06862745098,0,.021535543455,.0919618779242026,-.33148819
03/2007,VSPT,18.48121979118975,.031578947368,-4.6121595e-06,.010561299331,.0905893804168992,-.33148819
04/2007,VSPT,18.58760019476819,.11510769216,-.0056290799,.166485318023,.0929671488725604,-.33148819
05/2007,VSPT,18.54275636207975,-.043853211007,.010617191,.141781043185,.0864237490871963,-.33148819
06/2007,VSPT,18.8015270910364,.29533678757,0,.447963817741,.1109561091109774,-.33148819
07/2007,VSPT,18.70843666795205,-.088888888889,-.00073333335,.240653876222,.1096260842057522,-.22123429
08/2007,VSPT,18.7002733573049,-.0081300813017,-.00078406709,.3011512459003,.1067615745972918,-.22123429
09/2007,VSPT,18.72640707205296,-.071967213114,-.0059958072,.1976050854183,.1102942363379422,-.22123429
10/2007,VSPT,18.66239835217913,-.062003179651,0,.0204942136073,.1114732272161882,-.22123429
11/2007,VSPT,18.550740586539,-.10564971751,-.0051122061,-.0413022928957,.1166020345728718,-.22123429
12/2007,VSPT,18.49688391371726,-.052432090967,0,-.3890711714327,.1178366245031314,-.22123429
01/2008,VSPT,18.37157261169494,-.11777777777,.0056292647,-.4179600603137,.1168750181151788,-.22123429
02/2008,VSPT,18.31456235697149,-.055415617128,-.00012509477,-.4652455961400001,.1163827968030509,-.22123429
03/2008,VSPT,18.21658194861897,-.093333333333,-2.1395376e-06,-.486611716359,.1175476308710213,-.22123429
04/2008,VSPT,18.1242086284844,-.079819532819,-.0001793025,-.504428069527,.1097756730933987,-.22123429
05/2008,VSPT,18.15595732680024,.032258064517,-.002752085,-.3665202875,.1117347593960994,-.22123429
06/2008,VSPT,18.15626977798256,.00031250000029,-.0095989387,-.31377569653271,.0455285079194454,-.22123429
07/2008,VSPT,18.23118074804066,.077788191189,-.000033358607,-.11820972757371,.058899531832846,-.095274113
08/2008,VSPT,18.30113933663875,.072463768118,.0031273693,.00966965767229,.0674242470303286,-.095274113
09/2008,VSPT,18.18975470638735,-.1054054054,-.011825626,-.00240241439471,.0696127106496936,-.095274113
10/2008,VSPT,18.09141880566006,-.093655589125,.00056709629,-.01623847070071,.0710754809458378,-.095274113
11/2008,VSPT,18.28753368458235,.21666666667,.00092570129,.16817013145229,.1003014172624853,-.095274113
12/2008,VSPT,18.82834423378104,.01315068493,-.0048828661,.181008316382,.0999534289900038,-.095274113
12/2002,WATTS,17.16460953964939,-.052631578948,,,,
01/2003,WATTS,17.16460953964939,0,,0,,
02/2003,WATTS,17.06734995333466,-.11111111111,,-.11111111111,.0785674201310529,
03/2003,WATTS,17.15677260371662,.125,,.01388888889,.1181236187232804,
04/2003,WATTS,17.15677260371662,0,,.01388888889,.0964753054818504,
05/2003,WATTS,17.23885864410886,.082910321489,,.096799210379,.0907892931400897,
06/2003,WATTS,17.17432012297129,-.0625,,.034299210379,.0878122745209775,
07/2003,WATTS,17.17432012297129,0,,.034299210379,.0801903861233843,.90671933
08/2003,WATTS,17.39803929402621,.27777777778,,.423188099269,.1217359780324406,.90671933
09/2003,WATTS,17.41546341201918,.0043478260868,,.3025359253558,.1144582267020356,.90671933
10/2003,WATTS,17.60992119210954,.21212121212,,.5146571374758,.1215592065502488,.90671933
11/2003,WATTS,17.64038892905897,.035714285714,,.4674611017008,.1154369301888794,.90671933
12/2003,WATTS,17.68049643324257,.034482758621,,.5644438603218001,.1101717620119516,.90671933
01/2004,WATTS,17.85604864987224,.19333333333,,.7577771936518001,.1161840699755726,.90671933
02/2004,WATTS,17.81921679257426,-.022346368714,,.4576530471578001,.106286544877331,.90671933
03/2004,WATTS,17.89955646646751,.057142857144,,.510448078215,.1050902685121537,.90671933
04/2004,WATTS,17.85775672020933,-.027027027028,,.2712998390669999,.1069474333532402,.90671933
05/2004,WATTS,17.81541186443645,-.024013188491,,.211572364862,.1097813089227571,.90671933
06/2004,WATTS,17.99752043177944,.20588235294,,.382971959181,.1106496229852347,.90671933
07/2004,WATTS,18.39211017653379,.48292682927,,.6725654551210001,.1573082591434325,.41309488
08/2004,WATTS,18.36442968476518,-.029605263157,,.6653065606780001,.1541322438272001,.41309488
09/2004,WATTS,18.65515613207406,.33898305085,,.947146754384,.1663109915550128,.41309488
10/2004,WATTS,18.61468170536146,-.037974683545,,.936199097867,.1695565224703869,.41309488
11/2004,WATTS,18.65537498739289,.044736842105,,1.004949128463,.1692622657083988,.41309488
12/2004,WATTS,18.72608575440963,.083123425693,,.8821902012159999,.1680930680376505,.41309488
01/2005,WATTS,18.66325114255453,-.058139534885,,.341123837061,.1717731798314712,.41309488
02/2005,WATTS,18.67624774667408,0,,.370729100218,.1706271655194488,.41309488
03/2005,WATTS,18.68641603642264,.012345679013,,.044091728381,.171809897276583,.41309488
04/2005,WATTS,18.65921182840187,-.024390243902,,.057676168024,.1716585616756493,.41309488
05/2005,WATTS,18.58823669153819,-.050076666668,,-.037137340749,.1732903548858577,.41309488
06/2005,WATTS,18.68214630740135,.10780870035,,-.012452066092,.1691094660923966,.41309488
07/2005,WATTS,18.70069105593543,.012195121952,,.057882590745,.1092446725009053,-.53706151
08/2005,WATTS,18.65504393640252,-.036144578314,,.021738012431,.1096024427452514,-.53706151
09/2005,WATTS,18.65723972905687,0,,.009392333418,.0520730536258473,-.53706151
10/2005,WATTS,18.63169693334159,-.025000000001,,.008782577319,.0512399617358992,-.53706151
11/2005,WATTS,18.58566008878439,-.051282051282,,.007577192705,.05205292855369,-.53706151
12/2005,WATTS,18.52746137119424,-.054054054054,,-.154285561699,.0462924973577811,-.53706151
01/2006,WATTS,18.44926427135049,-.078571428571,,-.245052112222,.0483957450497762,-.53706151
02/2006,WATTS,18.44825249613242,-.0077519379847,,-.2166594718927,.0482200385275744,-.53706151
03/2006,WATTS,18.44770945607762,.012500000001,,-.2041594718917,.0482283761331016,-.53706151
04/2006,WATTS,18.44081966077531,.0031182637649,,-.1760412081258,.0484584897658523,-.53706151
05/2006,WATTS,18.4325899509938,-.000031745023989,,-.124790901867789,.0472028238058751,-.53706151
06/2006,WATTS,18.43303689305706,.010571428573,,-.060165419240789,.0306159456737178,-.53706151
07/2006,WATTS,18.4373808527251,.0052461282321,,.023652137562311,.030056166347136,-.27738059
08/2006,WATTS,18.41108275012022,-.03125,,.000154075547011,.0298265439437291,-.27738059
09/2006,WATTS,18.43190038512786,.032258064517,,.019912140063011,.0328961519804782,-.27738059
10/2006,WATTS,18.47360310710155,.03125,,.048043876298111,.0353153769331244,-.27738059
11/2006,WATTS,18.4428314484348,-.030303030303,,.0177725910191,.0335995477475585,-.27738059
12/2006,WATTS,18.56302746742255,.125,,.1322011624461,.0482826581114568,-.27738059
01/2007,WATTS,18.56061448409118,0,,.126955034214,.0404656031696902,-.27738059
02/2007,WATTS,18.53244360712448,-.027777777778,0,.130427256436,.0417708911569688,-.27738059
03/2007,WATTS,18.53542107714762,0,0,.098169191919,.0418825787571236,-.27738059
04/2007,WATTS,18.55151612424944,.062872796794,0,.129791988713,.0444822606294864,-.27738059
05/2007,WATTS,18.55831724901114,.011267605634,0,.17136262465,.044258332517939,-.27738059
06/2007,WATTS,18.59737194055787,.030640668525,0,.077003293175,.044423271506843,-.27738059
07/2007,WATTS,18.70644759333475,.13513513513,0,.212138428305,.0556015514643221,-.1406036
08/2007,WATTS,18.71827670760825,.014285714286,0,.254201920369,.0526464260777992,-.1406036
09/2007,WATTS,18.64000109751099,-.083286384977,0,.170915535392,.062288598787036,-.1406036
10/2007,WATTS,18.64688194213631,-.0013315579217,0,.1067111806763,.0625783234705835,-.1406036
11/2007,WATTS,18.68641603642264,.051282051281,0,.1467256263233,.0610644631074773,-.1406036
12/2007,WATTS,18.6591263581991,-.012195121953,0,.1038898358453,.0532968477720483,-.1406036
01/2008,WATTS,18.65668894479048,0,0,-.0312452992847,.0532968477720483,-.1406036
02/2008,WATTS,18.55518817902994,-.11111111111,0,-.1566421246807,.0637850572032364,-.1406036
03/2008,WATTS,18.4428314484348,-.11111111111,.00073725666,-.1844668508137,.0725367643822317,-.1406036
04/2008,WATTS,18.47149466475376,.0625,0,-.120635292892,.0725069350402029,-.1406036
05/2008,WATTS,18.42224247910892,-.0490797546,.000031298969,-.220997098773,.0736503683875263,-.1406036
06/2008,WATTS,18.44257327274502,.03193548387,0,-.17686649295,.0737101554762276,-.1406036
07/2008,WATTS,18.52995559194569,.09409190372,0,-.08277458923,.0672290929187447,-.19408898
08/2008,WATTS,18.47886031167051,-.057142857142,3.8059547e-06,-.028806335262,.0680881347812955,-.19408898
09/2008,WATTS,18.47360310710155,0,.000032779411,.082304775848,.064705966635025,-.19408898
10/2008,WATTS,18.39482222924844,,0,.019804775848,.0678227202289467,-.19408898
11/2008,WATTS,18.45229346933242,0,0,.068884530448,.0649539399619181,-.19408898
12/2008,WATTS,18.3437313680702,-.12121212121,7.8247427e-07,-.084263074632,.0725522625307783,-.19408898
12/2002,ZOFRI,16.19400766984073,-.027777777778,,,,
01/2003,ZOFRI,16.1942932953183,.00028566633046,,.00028566633046,,
02/2003,ZOFRI,16.19400766984073,-.00028558474787,,8.15825900000e-08,.0004039355112473,
03/2003,ZOFRI,15.85931506767779,0,,8.15825900000e-08,.0002856255401359,
04/2003,ZOFRI,15.85931506767779,0,,8.15825900000e-08,.000233212277343,
05/2003,ZOFRI,16.13260840267748,.4006023308,,.40060241238259,.1791549134443032,
06/2003,ZOFRI,16.39831156841048,.30434782609,,.7049502384725901,.1845449448769821,
07/2003,ZOFRI,16.31130019142085,-.083333333332,,.6213312388101301,.1847761492105286,
08/2003,ZOFRI,16.63470034647471,.38181818182,,1.003435005378,.1999926111301558,
09/2003,ZOFRI,16.6734148586554,.039473684212,,1.04290868959,.1892573521652642,
10/2003,ZOFRI,16.6734148586554,0,,1.04290868959,.1821573982122029,
11/2003,ZOFRI,16.58063312520444,-.06115405438,,.58115230441,.1798653715775873,
12/2003,ZOFRI,16.63470034647471,.055555555557,,.332360033877,.171770526461645,
01/2004,ZOFRI,16.66067583287797,.026315789473,,.442009156682,.1707448941275038,
02/2004,ZOFRI,16.60803209939255,-.051282051283,,.008908923579,.1737665157577102,
03/2004,ZOFRI,16.7466182626787,.14864864865,,.118083888017,.1724996130429354,
04/2004,ZOFRI,16.80377667651864,.058823529411,,.176907417428,.1703223837062368,
05/2004,ZOFRI,16.84726178845838,.10569177727,,.343753249078,.1422238324392712,
06/2004,ZOFRI,16.99531488841752,.15957446808,,.447772161601,.1264589591967796,
07/2004,ZOFRI,17.14104224914128,.15688073394,,.578337106068,.1196722738524767,
08/2004,ZOFRI,17.44860858013105,.360111023,,.989730180351,.1148449596542442,
09/2004,ZOFRI,17.45146148300183,.0028569762708,,.8439385079717999,.1165861953333961,
10/2004,ZOFRI,17.49692385707859,.046511627907,,.8316266064678,.1144319036549654,
11/2004,ZOFRI,17.5243228312667,.060747398029,,.7866822272267999,.1054268683427651,
12/2004,ZOFRI,17.56146237821616,.037837837839,,.6649455969857999,.1061389806971698,
01/2005,ZOFRI,17.55099107834886,-.010416666667,,.4976481963787999,.1087265146606237,
02/2005,ZOFRI,17.60228437273642,.052631578948,,.1901687523268,.1002911575864927,
03/2005,ZOFRI,17.5243228312667,-.075,,.112311776056,.1103639841261638,
04/2005,ZOFRI,17.53507562304297,.010810810811,,.07661095896,.112046618735095,
05/2005,ZOFRI,17.43976544323864,-.045536203702,,-.029672642771,.1167700473578242,
06/2005,ZOFRI,17.42793098559164,-.011764705881,.0011394335,-.079275186491,.1143492342476585,
07/2005,ZOFRI,17.65107453690585,.25,0,.181141480176,.1250125533633661,
08/2005,ZOFRI,17.62697698532679,-.023809523809,0,.104700377419,.0819906331294479,
09/2005,ZOFRI,17.5820816654189,-.043902439024,0,.135797938395,.0841978978767481,
10/2005,ZOFRI,17.61717298523017,.035714285714,0,.160701413298,.0839540443088043,
11/2005,ZOFRI,17.57696656475213,.0029989408667,0,.2092365578667,.0830421623076687,
12/2005,ZOFRI,17.60228437273642,.025641025642,0,.2466422893897,.082811060521156,
01/2006,ZOFRI,17.7200674083928,.125,0,.1216422893897,.0882379841154094,
02/2006,ZOFRI,17.78585514894024,.067999999999,-.000090674468,.2134518131977,.0887816746919018,
03/2006,ZOFRI,17.93158811987902,.1568872243,0,.4142414765217,.089906904405041,
04/2006,ZOFRI,18.10305966064891,.18705035971,0,.5655775505177001,.0977203407149832,
05/2006,ZOFRI,18.07228800198215,.049851935877,0,.6124305455279999,.092022202485819,
06/2006,ZOFRI,18.00774948084458,-.0625,0,.524289519886,.0970708267522161,
07/2006,ZOFRI,18.10305966064891,.099999999999,0,.499289519885,.078940999084899,
08/2006,ZOFRI,18.09392717708563,-.0090909090904,0,.4221986107956,.0777659562266777,
09/2006,ZOFRI,18.09086438755509,-.0030581039764,0,.2622532825192,.0739402521799461,
10/2006,ZOFRI,18.13294203513678,.042975460121,0,.1181783829302,.0737853551571746,
11/2006,ZOFRI,18.20402872981929,.073674303698,0,.1420007507512,.0718809668499241,
12/2006,ZOFRI,18.20112087382512,-.0029036322785,0,.2015971184727,.0736748633096585,
01/2007,ZOFRI,18.27011374531207,.11079865016,0,.2123957686337,.0726513903300337,
02/2007,ZOFRI,18.30785407329492,.038461538463,0,.2599482161871,.0728302702975656,
03/2007,ZOFRI,18.30785407329492,0,0,.2630063201635,.0670946979695687,
04/2007,ZOFRI,18.45903739188956,.16320987654,0,.3832407365825,.0626737729093282,
05/2007,ZOFRI,18.3778867332336,-.037892412105,0,.2716740207795,.0666400319011851,
06/2007,ZOFRI,18.54033659634772,.17638933652,0,.450966989578,.0706017569088291,
07/2007,ZOFRI,18.51837508456709,-.021722113503,0,.318446225915,.0721780815854711,
08/2007,ZOFRI,18.48811589707912,-.029805961192,0,.25017872626,.0737989639719132,
09/2007,ZOFRI,18.44600441172699,-.041237113403,0,.208941612857,.0767077448180778,
10/2007,ZOFRI,18.50751415718238,.063440860216,0,.109172596533,.0770230437237613,
11/2007,ZOFRI,18.44598290614426,-.059676440849,0,.087388567789,.0813820928964383,
12/2007,ZOFRI,18.41299234204055,-.032452310803,0,-.121453079534,.0828984925194924,
01/2008,ZOFRI,18.25721034047616,-.14425427872,0,-.243985244751,.0918065976041624,
02/2008,ZOFRI,18.26754634980682,.049250749251,0,-.164928534308,.092203192067448,
03/2008,ZOFRI,18.24413825890881,-.023136246787,0,-.146827667692,.0926062642216908,
04/2008,ZOFRI,18.29041901147282,.047368421052,0,-.162900106856,.0797851566766171,
05/2008,ZOFRI,18.23089303215879,-.020498269712,0,-.123721935719,.0792792945356559,
06/2008,ZOFRI,18.18868118335579,-.041333333334,0,-.13260295825,.0559738753810207,
07/2008,ZOFRI,18.25721034047616,.070931849792,0,.082583170262,.0619612189077271,
08/2008,ZOFRI,18.24938761479495,.026168030832,0,.059500451843,.0627202437514457,
09/2008,ZOFRI,18.16190016067184,-.083769633508,0,-.001132934878,.065844766320524,
10/2008,ZOFRI,18.1389239313987,-.022714285714,0,-.071215641644,.0613773041795432,
11/2008,ZOFRI,18.0209947075946,-.11124104663,0,-.161958418562,.0660706308849557,
12/2008,ZOFRI,18.00106049269379,-.019736842105,0,-.140361927333,.0660213150056202,
